{"sections":{"custom_liquid_qNTKQr":{"type":"custom-liquid","name":"t:sections.custom-liquid.name","settings":{"heading_logo_svg":"","heading":"","description":"","text_alignment":"text-center","container":"full-width","color_scheme":"","content_liquid":"<div class=\"indy-404-light\">\n  <style>\n    .indy-404-light {\n      background: #ffffff;\n      padding: 10px 0 120px;\n      color: #111;\n      font-family: 'Inter', sans-serif;\n    }\n\n    .indy-404-container {\n      max-width: 1150px;\n      margin: 0 auto;\n      padding: 0 20px;\n    }\n\n    .indy-404-title {\n      font-size: 42px;\n      font-weight: 900;\n      text-align: center;\n      margin-bottom: 10px;\n      color: #111;\n    }\n\n    .indy-404-title span {\n      color: #00d4aa;\n    }\n\n    .indy-404-sub {\n      text-align: center;\n      font-size: 18px;\n      color: #4a4a4a;\n      margin-bottom: 45px;\n    }\n\n    \/* Buscador *\/\n    .indy-404-search input {\n      width: 100%;\n      padding: 15px 18px;\n      border-radius: 8px;\n      font-size: 16px;\n      border: 1px solid #bbb;\n      background: #fff;\n      color: #111;\n      margin-bottom: 65px;\n      transition: border-color .25s ease;\n    }\n    .indy-404-search input:focus {\n      border-color: #00d4aa;\n      outline: none;\n    }\n    .indy-404-search input::placeholder {\n      color: #777;\n    }\n\n    \/* Secciones *\/\n    .section-title {\n      font-size: 22px;\n      font-weight: 800;\n      margin: 40px 0 20px;\n      color: #111;\n      text-align: left;\n    }\n\n    \/* Grids *\/\n    .link-grid {\n      display: grid;\n      grid-template-columns: repeat(auto-fit,minmax(160px,1fr));\n      gap: 18px;\n    }\n\n    .link-grid a {\n      display: block;\n      padding: 14px 10px;\n      background: #fff;\n      border: 1px solid #d9d9d9;\n      color: #111;\n      text-decoration: none;\n      border-radius: 10px;\n      transition: all .25s ease;\n      font-weight: 600;\n      font-size: 15px;\n    }\n    .link-grid a:hover {\n      background: #00d4aa;\n      border-color: #00d4aa;\n      color: #fff;\n      transform: translateY(-4px);\n      box-shadow: 0 8px 20px rgba(0,0,0,0.08);\n    }\n\n    @media(max-width: 600px){\n      .indy-404-title {font-size:32px;}\n      .section-title {font-size:19px;}\n      .link-grid {grid-template-columns: repeat(auto-fit,minmax(130px,1fr));}\n    }\n  <\/style>\n\n  <div class=\"indy-404-container\">\n    <h1 class=\"indy-404-title\">Esta página <span>no existe<\/span><\/h1>\n    <p class=\"indy-404-sub\">Pero tenemos lo que buscás 👇<\/p>\n\n    <form class=\"indy-404-search\" action=\"\/search\">\n      <input type=\"text\" name=\"q\" placeholder=\"Buscar productos, marcas...\">\n    <\/form>\n\n    <div class=\"section-title\">Categorías principales<\/div>\n    <div class=\"link-grid\">\n      <a href=\"\/collections\/zapatillas\">Zapatillas<\/a>\n      <a href=\"\/collections\/hombre\">Hombre<\/a>\n      <a href=\"\/collections\/mujer\">Mujer<\/a>\n      <a href=\"\/collections\/accesorios\">Accesorios<\/a>\n      <a href=\"\/collections\/marcas\">Marcas<\/a>\n      <a href=\"\/collections\/remeras\">Remeras<\/a>\n    <\/div>\n\n    <div class=\"section-title\">Marcas destacadas<\/div>\n    <div class=\"link-grid\">\n      <a href=\"\/collections\/vans\">Vans<\/a>\n      <a href=\"\/collections\/converse\">Converse<\/a>\n      <a href=\"\/collections\/dc-shoes\">DC Shoes<\/a>\n      <a href=\"\/collections\/new-balance\">New Balance<\/a>\n      <a href=\"\/collections\/timberland\">Timberland<\/a>\n    <\/div>\n  <\/div>\n<\/div>","padding_top":0,"padding_bottom":0,"reset_spacing":false}},"main":{"type":"page-404","disabled":true,"settings":{"container":"container","custom_width":"440","heading":"Oops...That link is broken.","sub_heading":"Sorry for the inconvenience. Go to our homepage or check out our latest collections.","label":"Back to homepage","link":""}}},"order":["custom_liquid_qNTKQr","main"]}