{"sections":{"custom_liquid_kTaBPh":{"type":"custom-liquid","name":"t:sections.custom-liquid.name","settings":{"heading_logo_svg":"","heading":"","description":"","text_alignment":"text-center","container":"container","color_scheme":"default-color-scheme","content_liquid":"<h1 class=\"cart-title\">Tu Carrito<\/h1>\n\n<style>\n.cart-title {\n  font-size: clamp(1.4rem, 1.6vw + 0.6rem, 2rem); \n  font-weight: 700;\n  text-align: left;\n  color: #111827;\n  margin: 0.4rem 0 0rem; \/* menos padding top\/bottom *\/\n  letter-spacing: -0.01em;\n  line-height: 1.2;\n  width: 100%;\n  position: relative;\n}\n\n.cart-title::after {\n  content: \"\";\n  display: block;\n  width: 48px;\n  height: 3px;\n  margin-top: 0.3rem; \/* más pegado al título *\/\n  background: linear-gradient(90deg, #22c55e, #0ea5e9);\n  border-radius: 2px;\n  box-shadow: 0 1px 3px rgba(0,0,0,.06);\n}\n<\/style>","padding_top":0,"padding_bottom":0,"reset_spacing":true}},"cart-items":{"type":"main-cart-items","custom_css":["@media (max-width: 768px) {.cart__footer-right-content {position: fixed; inset: auto 0 0 0; width: 100%; background: #fff; z-index: 1000; padding: 1rem; box-shadow: 0 -2px 6px rgba(0, 0, 0, 0.12); background-color: #f2f2f2; padding-top: 12px; } .price--end {display: none; }}","@media (min-width: 769px) {.cart__footer-right {position: sticky; top: 24px; bottom: auto; width: auto; max-width: 380px; background: #fff; z-index: 1; padding: 1rem; } .cart__summary, .cart__sidebar {overflow: visible; }}",".cart-item__quantity {display:none!important}"],"settings":{"container":"container","image_width":313}},"products_recently_viewed_cyCCEE":{"type":"products-recently-viewed","name":"t:sections.products-recently-viewed.name","settings":{"heading_logo_svg":"","heading":"","description":"<p><strong>Vistos recientemente<\/strong><\/p>","text_alignment":"text-center","container":"container","color_scheme":"","limit_products":6,"item_desktop":4,"column_gap":30,"carousel_autoplay":false,"carousel_loop":false,"carousel_arrows":false,"carousel_pagination":"carousel_none","padding_top":0,"padding_bottom":0,"reset_spacing":false}},"products_carousel_Pa4ygh":{"type":"products-carousel","name":"t:sections.products-carousel.name","settings":{"heading_logo_svg":"","heading":"","description":"<p><strong>Combina tu compra<\/strong><\/p>","text_alignment":"text-center","container":"container","color_scheme":"","collection":"medias","limit_products":8,"item_desktop":4,"column_gap":30,"item_mobile":false,"carousel_autoplay":false,"carousel_loop":false,"carousel_arrows":false,"carousel_pagination":"carousel_none","reveal_on_scroll":false,"view_all_enable":false,"text_view_all":"View All","enable_banner":false,"banner_type":"image","video_url":"https:\/\/www.youtube.com\/watch?v=_9VUPq3SxOc","banner_position":"position-left","banner_link":"","banner_width":30,"padding_top":0,"padding_bottom":0,"reset_spacing":false}}},"order":["custom_liquid_kTaBPh","cart-items","products_recently_viewed_cyCCEE","products_carousel_Pa4ygh"]}