{"sections":{"b95bf1ad-ba57-434a-bbe3-b729443926a1":{"type":"custom-liquid","settings":{"heading_logo_svg":"","heading":"","description":"","text_alignment":"text-center","container":"container","color_scheme":"scheme-013ccfbf-beb5-42e6-bc8f-8a36ab634ca7","content_liquid":"<h1 style=\"margin-bottom:0px;text-transform:uppercase;font-size:20px;\">{{ collection.title }}<\/h1> TIENDA OFICIAL<img align=\"18px\" src=\"https:\/\/cdn.shopify.com\/s\/files\/1\/0594\/7506\/7048\/files\/verificado.png?v=1651943726\" alt=\"Verificado\" style=\"height:16px;width:16px;\"\/>","padding_top":2,"padding_bottom":0,"reset_spacing":false}},"custom_liquid_4WXVfW":{"type":"custom-liquid","name":"t:sections.custom-liquid.name","settings":{"heading_logo_svg":"","heading":"","description":"","text_alignment":"text-center","container":"container","color_scheme":"","content_liquid":"<!-- Carousel de Talles para Collection Page -->\n<style>\n  .size-carousel-container {\n    max-width: 100%;\n    margin: px 0;\n    position: relative;\n    font-family: 'Poppins', -apple-system, BlinkMacSystemFont, sans-serif;\n  }\n  \n  .size-carousel-title {\n    font-size: 1.3rem;\n    font-weight: 600;\n    color: #333;\n    margin-bottom: 15px;\n    text-transform: uppercase;\n    letter-spacing: 0.5px;\n  }\n  \n  .size-grid {\n    display: grid;\n    grid-template-columns: repeat(auto-fit, minmax(55px, 1fr));\n    gap: 10px;\n    max-width: 800px;\n  }\n  \n  .size-item {\n    min-width: 55px;\n    height: 55px;\n    border: 1.5px solid #e5e5e5;\n    border-radius: 6px;\n    display: flex;\n    align-items: center;\n    justify-content: center;\n    font-size: 1rem;\n    font-weight: 600;\n    color: #555;\n    background: #f2f2f2;\n    cursor: pointer;\n    transition: all 0.25s ease;\n    text-decoration: none;\n    user-select: none;\n    position: relative;\n    flex-shrink: 0;\n    font-family: 'Poppins', -apple-system, BlinkMacSystemFont, sans-serif;\n  }\n  \n  .size-item:hover {\n    border-color: #00d4aa;\n    color: #00d4aa;\n    transform: scale(1.05);\n    box-shadow: 0 2px 8px rgba(0, 212, 170, 0.15);\n  }\n  \n  .size-item.active {\n    background: #00d4aa;\n    border-color: #00d4aa;\n    color: #fff;\n    transform: scale(1.05);\n    box-shadow: 0 4px 12px rgba(0, 212, 170, 0.25);\n    font-weight: 700;\n  }\n  \n  .size-item.active::after {\n    content: '';\n    position: absolute;\n    top: -3px;\n    right: -3px;\n    background: #fff;\n    border-radius: 50%;\n    width: 12px;\n    height: 12px;\n    box-shadow: 0 2px 4px rgba(0, 0, 0, 0.2);\n  }\n  \n  @media (max-width: 768px) {\n    .size-item {\n      min-width: 48px;\n      height: 48px;\n      font-size: 0.9rem;\n    }\n    \n    .size-grid {\n      grid-template-columns: repeat(auto-fit, minmax(48px, 1fr));\n      gap: 8px;\n    }\n  }\n  \n  @media (max-width: 480px) {\n    .size-grid {\n      grid-template-columns: repeat(6, 1fr);\n      gap: 6px;\n    }\n  }\n<\/style>\n\n<div class=\"size-carousel-container\">\n  <div class=\"size-carousel-title\">Seleccionar Talle:<\/div>\n  \n  <div class=\"size-grid\">\n    <a href=\"{{ collection.url }}?filter.v.option.talle=34&filter.v.option.talle=34.5&filter.v.availability=1\" \n       class=\"size-item\">34<\/a>\n    \n    <a href=\"{{ collection.url }}?filter.v.option.talle=35&filter.v.option.talle=35.5&filter.v.availability=1\" \n       class=\"size-item\">35<\/a>\n    \n    <a href=\"{{ collection.url }}?filter.v.option.talle=36&filter.v.option.talle=36.5&filter.v.availability=1\" \n       class=\"size-item\">36<\/a>\n    \n    <a href=\"{{ collection.url }}?filter.v.option.talle=37&filter.v.option.talle=37.5&filter.v.availability=1\" \n       class=\"size-item\">37<\/a>\n    \n    <a href=\"{{ collection.url }}?filter.v.option.talle=38&filter.v.option.talle=38.5&filter.v.availability=1\" \n       class=\"size-item\">38<\/a>\n    \n    <a href=\"{{ collection.url }}?filter.v.option.talle=39&filter.v.option.talle=39.5&filter.v.availability=1\" \n       class=\"size-item\">39<\/a>\n    \n    <a href=\"{{ collection.url }}?filter.v.option.talle=40&filter.v.option.talle=40.5&filter.v.availability=1\" \n       class=\"size-item\">40<\/a>\n    \n    <a href=\"{{ collection.url }}?filter.v.option.talle=41&filter.v.option.talle=41.5&filter.v.availability=1\" \n       class=\"size-item\">41<\/a>\n    \n    <a href=\"{{ collection.url }}?filter.v.option.talle=42&filter.v.option.talle=42.5&filter.v.availability=1\" \n       class=\"size-item\">42<\/a>\n    \n    <a href=\"{{ collection.url }}?filter.v.option.talle=43&filter.v.option.talle=43.5&filter.v.availability=1\" \n       class=\"size-item\">43<\/a>\n    \n   <\/div>\n<\/div>\n\n<script>\n  \/\/ Marcar talle activo basado en URL\n  document.addEventListener('DOMContentLoaded', function() {\n    const urlParams = new URLSearchParams(window.location.search);\n    const talleParams = urlParams.getAll('filter.v.option.talle');\n    \n    \/\/ Buscar el talle entero activo\n    for (let talle of talleParams) {\n      const talleNum = parseFloat(talle);\n      if (Number.isInteger(talleNum)) {\n        const activeItem = document.querySelector(`a[href*=\"talle=${talleNum}&\"]`);\n        if (activeItem) {\n          activeItem.classList.add('active');\n        }\n        break;\n      }\n    }\n  });\n<\/script>","padding_top":0,"padding_bottom":0,"reset_spacing":false}},"main-collection-heading":{"type":"main-collection-heading","blocks":{"f06a38ad-a426-42c0-a5ff-48ae0218618e":{"type":"1","settings":{"text_fs":45}}},"block_order":["f06a38ad-a426-42c0-a5ff-48ae0218618e"],"disabled":true,"settings":{"container":"container","color_scheme":"scheme-b808185a-cae7-47ba-9fe9-7d81ddf7e485","show_banner":true,"use_collection_image":false,"min_height":200,"parallax":false,"show_overlay":false,"overlay":54,"design":"text-overlay-image","text_postion":"text-center"}},"439e38df-206c-40a8-9cd5-fc0e5f00f9d3":{"type":"spacing","settings":{"spacing_desktop":30,"spacing_moible":10}},"product-grid":{"type":"main-collection-product","blocks":{"3b46edaf-55ef-46a8-b8fe-a6eb39ade3a8":{"type":"filter_by_dynamic","settings":{}},"35c81196-1f20-4b1d-98e4-1bea284fe6d7":{"type":"categories","settings":{"title":"","menu":"zapatillas-mujer"}},"2039056a-3cc3-4534-a522-d35bdfbaef6c":{"type":"popular_product","disabled":true,"settings":{"title":"Featured Product","collection":"sweaters","type_product":"list","maximum":3}},"8fe431f8-91f7-4b21-a605-4b55df7293e1":{"type":"image_banner","disabled":true,"settings":{"url":"shopify:\/\/products\/colorful-wind-coats","open_link":false}}},"block_order":["3b46edaf-55ef-46a8-b8fe-a6eb39ade3a8","35c81196-1f20-4b1d-98e4-1bea284fe6d7","2039056a-3cc3-4534-a522-d35bdfbaef6c","8fe431f8-91f7-4b21-a605-4b55df7293e1"],"custom_css":[".btn-filter {position: fixed; z-index: 4; bottom: 0%; left: 50%; transform: translateX(-50%); width: 100%; height: 50px; justify-content: center; background-color: #f6f6f6; color: black; border-color: #f6f6f6; font-size: 15px; box-shadow: rgba(60, 64, 67, 0.3) 0px 1px 2px 0px, rgba(60, 64, 67, 0.15) 0px 2px 6px 2px;}"],"settings":{"container":"container-fluid","enable_list_view":false,"products_column":3,"number_products_grid":24,"number_products_list":4,"pagination":"infinit_scrolling","product_page_count":true,"product_sort_options":true,"progress_bar":true,"enable_sidebar":true,"sidebar_position":"filter_canvas","show_count":false}},"sub-collection":{"type":"sub-collection","settings":{"heading":"","description":"<p><\/p>","text_alignment":"text-center","container":"container","color_scheme":"","design_layout":"carousel","design_collection":"design-1","hover_effect":"zoom","show_count_product":true,"hide_image_collection":false,"collection_center":false,"custom_width_images":false,"width_image":200,"images_style":"square","image_ratio":"3\/4","custom_ratio":"21:9","custom_column":6,"column_gap":30,"collection_font_size":16,"collection_font_weight":500,"collection_spacing":0,"count_font_size":14,"count_font_weight":400,"autoplay":false,"loop":false,"show_arrow":false,"carousel_pagination":"carousel_none","reveal_on_scroll":false,"padding_top":0,"padding_bottom":0,"reset_spacing":false}},"3950ee15-896b-464c-90fe-c98242a83e84":{"type":"faq","blocks":{"template--17142662529267__3950ee15-896b-464c-90fe-c98242a83e84-faq-1":{"type":"faq","disabled":true,"settings":{"title":"¿Eres amante de caminar y disfrutar del aire libre?","content":"<p>Nuestras zapatillas mujer para caminar son ideales para acompañarte en tus jornadas diarias, mientras que las zapatillas mujer para salir añaden un toque de moda a tus outfits más casuales. Para las mujeres que aman la velocidad y el ejercicio, ofrecemos zapatillas mujer para correr que combinan estilo y rendimiento.<\/p>"}},"template--17142662529267__3950ee15-896b-464c-90fe-c98242a83e84-faq-2":{"type":"faq","disabled":true,"settings":{"title":"Frequently Asked Questions?","content":"<p>Lorem ipsum dolor sit amet conse ctetur adipisicing elit, sed do eiusmod tempor incididunt ut labore et dolore.<\/p>"}}},"block_order":["template--17142662529267__3950ee15-896b-464c-90fe-c98242a83e84-faq-1","template--17142662529267__3950ee15-896b-464c-90fe-c98242a83e84-faq-2"],"disabled":true,"settings":{"heading_logo_svg":"","heading":"","description":"<h3>Nuestra exclusiva colección de Zapatillas Mujer<\/h3><p>Diseñada para satisfacer tus necesidades y elevar tu estilo en cada paso. Desde la comodidad y altura que brindan las zapatillas mujer con plataforma, hasta la practicidad de las zapatillas mujer con abrojo, hemos seleccionado cuidadosamente opciones que se adaptan a tu vida cotidiana.<\/p><p><\/p><h3>¿Eres amante de caminar y disfrutar del aire libre?<\/h3><p>Nuestras zapatillas mujer para caminar son ideales para acompañarte en tus jornadas diarias, mientras que las zapatillas mujer para salir añaden un toque de moda a tus outfits más casuales. Para las mujeres que aman la velocidad y el ejercicio, ofrecemos zapatillas mujer para correr que combinan estilo y rendimiento. Si eres de las que prefieren la aventura y el trekking, nuestras zapatillas mujer para trekking te brindan el soporte necesario en cada sendero. <\/p><h3>¿Buscas algo práctico y rápido de poner? <\/h3><p>No te pierdas nuestras zapatillas mujer sin cordones, la opción perfecta para tu ritmo de vida activo. Añade un toque moderno a tus conjuntos de jeans con nuestras zapatillas mujer especialmente pensadas para combinar con este clásico atemporal. <\/p><p><\/p><p>Y para aquellas que desean elevar su estilo a nuevas alturas, nuestras zapatillas mujer con plataforma blancas son la opción trendy que estabas buscando.<\/p>","text_alignment":"text-left","container":"container","color_scheme":"default-color-scheme","padding_top":0,"padding_bottom":0,"reset_spacing":false}}},"order":["b95bf1ad-ba57-434a-bbe3-b729443926a1","custom_liquid_4WXVfW","main-collection-heading","439e38df-206c-40a8-9cd5-fc0e5f00f9d3","product-grid","sub-collection","3950ee15-896b-464c-90fe-c98242a83e84"]}