{"sections":{"ad5b88b9-7c73-40d8-a7e0-60b6519d3f30":{"type":"scrolling-text","blocks":{"template--17082272252147__ad5b88b9-7c73-40d8-a7e0-60b6519d3f30-scrolling_text-1":{"type":"scrolling_text","settings":{"content":"<p>¡YA LLEGA!<\/p>","text_link":""}},"scrolling_text_RRPXEk":{"type":"scrolling_text","settings":{"content":"<p>CYBERMONDAY 2025<\/p>","text_link":""}},"template--17082272252147__ad5b88b9-7c73-40d8-a7e0-60b6519d3f30-scrolling_text-2":{"type":"scrolling_text","disabled":true,"settings":{"content":"<p>FREE DELIVERY AND RETURNS FROM $120<\/p>","text_link":""}},"template--17082272252147__ad5b88b9-7c73-40d8-a7e0-60b6519d3f30-scrolling_text-3":{"type":"scrolling_text","disabled":true,"settings":{"content":"<p>FREE DELIVERY AND RETURNS FROM $120<\/p>","text_link":""}},"template--17082272252147__ad5b88b9-7c73-40d8-a7e0-60b6519d3f30-scrolling_text-4":{"type":"scrolling_text","disabled":true,"settings":{"content":"<p>FREE DELIVERY AND RETURNS FROM $120<\/p>","text_link":""}}},"block_order":["template--17082272252147__ad5b88b9-7c73-40d8-a7e0-60b6519d3f30-scrolling_text-1","scrolling_text_RRPXEk","template--17082272252147__ad5b88b9-7c73-40d8-a7e0-60b6519d3f30-scrolling_text-2","template--17082272252147__ad5b88b9-7c73-40d8-a7e0-60b6519d3f30-scrolling_text-3","template--17082272252147__ad5b88b9-7c73-40d8-a7e0-60b6519d3f30-scrolling_text-4"],"disabled":true,"settings":{"container":"container","color_scheme":"scheme-662129f6-6dcb-4984-8a3e-b402290d6a69","s_text_color":"#111111","text_font_size":16,"text_font_weight":500,"text_time":30,"text_spacing":50,"text_title":false,"spacing_icon":"icon_circle","padding_top":0,"padding_bottom":0,"reset_spacing":true}},"custom_liquid_7fiXMe":{"type":"custom-liquid","name":"t:sections.custom-liquid.name","settings":{"heading_logo_svg":"","heading":"","description":"","text_alignment":"text-center","container":"container","color_scheme":"","content_liquid":"<div class=\"cyber-topbar\">\n  <div class=\"ct-inner\">\n    <span class=\"ct-msg msg-a\"><strong>Tienda Online Nº1<\/strong> en Action Sports<\/span>\n    <span class=\"ct-msg msg-c\">CyberMonday 2025 — <strong>Hasta 55% OFF<\/strong> <\/span>\n  <\/div>\n<\/div>\n\n{% style %}\n\n\/* === CYBER INDY TOPBAR (CON FADE ROTATION) === *\/\n.cyber-topbar {\n  width: 100vw;\n  margin-left: calc(50% - 50vw);\n  background: linear-gradient(135deg, #00C2FF 0%, #7A66FF 100%);\n  padding: 8px 0;\n  font-family: 'Space Grotesk', sans-serif;\n  color: #fff;\n  position: relative;\n  z-index: 1;\n  box-shadow:\n    0 0 22px rgba(0,194,255,0.35),\n    inset 0 0 18px rgba(255,255,255,0.18);\n  border-bottom: 2px solid rgba(255,255,255,0.18);\n  isolation: isolate;\n}\n\n\/* Glow atmosférico suave atrás *\/\n.cyber-topbar::before {\n  content:\"\";\n  position:absolute;\n  inset:0;\n  background: linear-gradient(135deg,\n    rgba(255,255,255,0.05),\n    rgba(255,255,255,0.08) 60%,\n    rgba(0,194,255,0.15)\n  );\n  backdrop-filter: blur(5px);\n  z-index:0;\n}\n\n\/* Contenido centrado *\/\n.ct-inner {\n  max-width: 1300px;\n  margin: auto;\n  text-align: center;\n  position: relative;\n  height: 20px;\n}\n\n\/* Textos *\/\n.ct-msg {\n  position:absolute;\n  inset:0;\n  margin:auto;\n  font-size: clamp(11px,2vw,14px);\n  font-weight:600;\n  letter-spacing:.4px;\n  text-transform: uppercase;\n  opacity:0;\n  transition: opacity .8s ease-in-out;\n  white-space: nowrap;\n  text-shadow:\n    0 0 12px rgba(255,255,255,0.5),\n    0 0 20px rgba(0,194,255,0.45);\n}\n\n.ct-msg strong {\n  font-weight:800;\n  color:#fff;\n}\n\n\/* === Animación: alterna A <-> C === *\/\n@keyframes rotate-msg {\n  0%,45% {opacity:1;}\n  50%,95% {opacity:0;}\n  100% {opacity:1;}\n}\n\n.msg-a {\n  animation: rotate-msg 10s infinite;\n}\n\n.msg-c {\n  animation: rotate-msg 10s infinite;\n  animation-delay: 5s; \/* aparece cuando msg-a se oculta *\/\n}\n\n{% endstyle %}","padding_top":0,"padding_bottom":0,"reset_spacing":true}},"custom_liquid_Nn6maL":{"type":"custom-liquid","name":"t:sections.custom-liquid.name","settings":{"heading_logo_svg":"","heading":"","description":"","text_alignment":"text-center","container":"container","color_scheme":"default-color-scheme","content_liquid":"{% style %}\n\n  .cm-grid-wrapper {\n    width: 100vw;\n    margin-left: calc(-50vw + 50%);\n    background: linear-gradient(135deg, #00C2FF 0%, #7A66FF 100%);\n    padding: 25px 0;\n    border-top: 2px solid rgba(255,255,255,0.25);\n    border-bottom: 2px solid rgba(255,255,255,0.25);\n    box-shadow: 0 0 45px rgba(0, 194, 255, 0.25),\n                inset 0 0 45px rgba(122,102,255,0.18);\n    isolation: isolate;\n  }\n\n  .cyber-grid {\n    max-width: 1300px;\n    margin: 0 auto;\n    padding: 0 22px;\n    display: grid;\n    grid-template-columns: repeat(6, 1fr);\n    gap: 22px;\n    font-family: 'Space Grotesk', sans-serif;\n  }\n\n  .cyber-square {\n    background: rgba(255,255,255,0.10);\n    border: 2px solid rgba(255,255,255,0.32);\n    border-radius: 16px;\n    height: 180px;\n    text-decoration: none;\n    cursor: pointer;\n    position: relative;\n    overflow: hidden;\n    transform: translateZ(0);\n    will-change: transform, box-shadow;\n    transition: transform .28s cubic-bezier(.22,.61,.36,1),\n                box-shadow .28s ease,\n                border-color .28s ease;\n    box-shadow: 0 0 28px rgba(0,194,255,0.18),\n                inset 0 0 22px rgba(122,102,255,0.18);\n    display: flex;\n    flex-direction: column;\n    align-items: center;\n    justify-content: center;\n  }\n\n  .cyber-square:hover {\n    transform: scale(1.03);\n    border-color: #ffffff;\n    box-shadow: 0 0 45px rgba(255,255,255,0.32),\n                0 0 65px rgba(0,194,255,0.52);\n  }\n\n  .cyber-square span.title {\n    font-size: 18px;\n    font-weight: 800;\n    color: #ffffff;\n    text-transform: uppercase;\n    margin-bottom: 4px;\n    text-shadow: 0 0 14px rgba(255,255,255,0.55),\n                 0 0 22px rgba(0,194,255,0.35);\n    z-index: 2;\n  }\n\n  .cyber-square span.subtext {\n    font-size: 13px;\n    font-weight: 700;\n    color: #ffffff;\n    opacity: .9;\n    text-transform: uppercase;\n    z-index: 2;\n  }\n\n  .cyber-square::before {\n    content: '';\n    position: absolute;\n    inset: 0;\n    background: linear-gradient(135deg, #00C2FF 0%, #7A66FF 100%);\n    opacity: 0.10;\n    transition: opacity .30s ease;\n    z-index: 1;\n  }\n\n  .cyber-square:hover::before {\n    opacity: 0.35;\n  }\n\n  @media(max-width: 992px) {\n    .cyber-grid {\n      grid-template-columns: repeat(2, 1fr);\n    }\n  }\n\n  @media(max-width: 576px) {\n    .cyber-square {\n      height: 140px;\n    }\n    .cyber-square span.title {\n      font-size: 15px;\n    }\n    .cyber-square span.subtext {\n      font-size: 11px;\n    }\n  }\n\n{% endstyle %}\n\n<link href=\"https:\/\/fonts.googleapis.com\/css2?family=Space+Grotesk:wght@600;700;800&display=swap\" rel=\"stylesheet\">\n\n<div class=\"cm-grid-wrapper\">\n  <div class=\"cyber-grid\">\n\n    <a class=\"cyber-square\" href=\"\/collections\/cyber-monday-zapatillas\">\n      <span class=\"title\">Zapatillas<\/span>\n      <span class=\"subtext\">Hasta 55% OFF<\/span>\n    <\/a>\n\n    <a class=\"cyber-square\" href=\"\/collections\/cyber-monday-remeras\">\n      <span class=\"title\">Remeras<\/span>\n      <span class=\"subtext\">Hasta 50% OFF<\/span>\n    <\/a>\n\n    <a class=\"cyber-square\" href=\"\/collections\/cyber-monday-buzos\">\n      <span class=\"title\">Buzos<\/span>\n      <span class=\"subtext\">Hasta 40% OFF<\/span>\n    <\/a>\n\n    <a class=\"cyber-square\" href=\"\/collections\/cyber-monday-pantalones\">\n      <span class=\"title\">Pantalones<\/span>\n      <span class=\"subtext\">Hasta 40% OFF<\/span>\n    <\/a>\n<a class=\"cyber-square\" href=\"\/collections\/cyber-monday-camperas\">\n      <span class=\"title\">camperas<\/span>\n      <span class=\"subtext\">Hasta 50% OFF<\/span>\n    <\/a>\n<a class=\"cyber-square\" href=\"\/collections\/cyber-monday-accesorios\">\n      <span class=\"title\">accesorios<\/span>\n      <span class=\"subtext\">Hasta 45% OFF<\/span>\n    <\/a>\n<a class=\"cyber-square\" href=\"\/collections\/cyber-monday-botas\">\n      <span class=\"title\">botas<\/span>\n      <span class=\"subtext\">Hasta 40% OFF<\/span>\n    <\/a>\n<a class=\"cyber-square\" href=\"\/collections\/cyber-monday-ojotas\">\n      <span class=\"title\">ojotas<\/span>\n      <span class=\"subtext\">Hasta 30% OFF<\/span>\n    <\/a>\n<a class=\"cyber-square\" href=\"\/collections\/cyber-monday-mallas\">\n      <span class=\"title\">mallas<\/span>\n      <span class=\"subtext\">Hasta 50% OFF<\/span>\n    <\/a>\n\n<a class=\"cyber-square\" href=\"\/collections\/cyber-monday-camisas\">\n      <span class=\"title\">camisas<\/span>\n      <span class=\"subtext\">Hasta 50% OFF<\/span>\n    <\/a>\n  <\/div>\n<\/div>","padding_top":0,"padding_bottom":0,"reset_spacing":true}},"custom_liquid_AJKpWX":{"type":"custom-liquid","disabled":true,"name":"t:sections.custom-liquid.name","settings":{"heading_logo_svg":"","heading":"","description":"","text_alignment":"text-center","container":"container","color_scheme":"default-color-scheme","content_liquid":"<div class=\"seo-cybermonday\">\n  <style>\n    .seo-cybermonday {\n      font-size: 14px;\n      line-height: 1.6;\n      color: #555;\n      max-width: 800px;\n      margin: 40px auto;\n      text-align: left;\n    }\n    .seo-cybermonday p {\n      margin-bottom: 10px;\n    }\n    .seo-cybermonday .extra {\n      display: none;\n    }\n    .seo-cybermonday input[type=\"checkbox\"] {\n      display: none;\n    }\n    .seo-cybermonday label {\n      display: inline-block;\n      color: #00d4aa;\n      font-weight: 600;\n      cursor: pointer;\n      margin-top: 5px;\n    }\n    .seo-cybermonday input[type=\"checkbox\"]:checked ~ .extra {\n      display: block;\n    }\n    .seo-cybermonday input[type=\"checkbox\"]:checked ~ label::after {\n      content: \" ▲ Ver menos\";\n    }\n    .seo-cybermonday label::after {\n      content: \" ▼ Ver más\";\n    }\n  <\/style>\n\n  <div>\n    <h2>Las mejores ofertas y descuentos en zapatillas y moda urbana<\/h2>\n\n    <p>Viví el <strong>CyberMonday 2025<\/strong> en <strong>Indy<\/strong> con descuentos imperdibles en zapatillas, ropa y accesorios de tus marcas favoritas. Encontrá modelos de \n      <a href=\"\/collections\/cyber-monday-converse\" title=\"Converse CyberMonday\">Converse<\/a>, \n      <a href=\"\/collections\/cyber-monday-vans\" title=\"Vans CyberMonday\">Vans<\/a>, \n      <a href=\"\/collections\/cyber-monday-dc\" title=\"DC Shoes CyberMonday\">DC Shoes<\/a>, \n      <a href=\"\/collections\/cyber-monday-new-balance\" title=\"New Balance CyberMonday\">New Balance<\/a>, \n      <a href=\"\/collections\/cybermonday-fila\" title=\"Fila CyberMonday\">Fila<\/a>, \n      <a href=\"\/collections\/cybermonday-le-coq-sportif\" title=\"Le Coq Sportif CyberMonday\">Le Coq Sportif<\/a>, y \n      <a href=\"\/collections\/cyber-monday-timberland\" title=\"Timberland CyberMonday\">Timberland<\/a>\n      con hasta <strong>55 % OFF<\/strong>, envío gratis y <strong>6 cuotas sin interés<\/strong>.\n    <\/p>\n\n    <input type=\"checkbox\" id=\"toggle-cyber\" \/>\n    <div class=\"extra\">\n      <p>Durante esta semana especial de <strong>CyberMonday Argentina<\/strong>, vas a poder aprovechar promociones únicas en productos seleccionados de skate, street y running. Descubrí también nuestras secciones destacadas: \n      <a href=\"\/collections\/cybermonday\" title=\"Ofertas Generales CyberMonday\">Ofertas Generales<\/a> y \n      <a href=\"\/collections\/cyber-monday-new-balance\" title=\"Zapatillas New Balance CyberMonday\">Zapatillas New Balance en oferta<\/a>.<\/p>\n\n      <p><strong>Indy<\/strong> es tienda oficial de las principales marcas urbanas del país, con envío rápido a todo Argentina, garantía de cambio y atención personalizada. No te pierdas los lanzamientos, clásicos reeditados y ediciones limitadas con precios que solo vas a encontrar durante el <strong>CyberMonday 2025<\/strong>.<\/p>\n\n      <p>Explorá todas las categorías y descubrí por qué miles de clientes eligen <a href=\"https:\/\/www.indy.com.ar\" title=\"Indy tienda oficial\">indy.com.ar<\/a> como su tienda online de confianza para renovar su estilo y aprovechar las mejores promociones del año.<\/p>\n    <\/div>\n\n    <label for=\"toggle-cyber\"><\/label>\n  <\/div>\n<\/div>","padding_top":0,"padding_bottom":0,"reset_spacing":true}},"collection_list_m7FbBB":{"type":"collection-list","blocks":{"collection_item_6R43Mb":{"type":"collection_item","settings":{"title_collection":"","collection":"cyber-monday-vans","image":"shopify:\/\/shop_images\/2c23433167b280838d273ce6a3023893-Photoroom.png"}},"collection_item_nMzxfW":{"type":"collection_item","settings":{"title_collection":"","collection":"cyber-monday-converse","image":"shopify:\/\/shop_images\/logo_converse_despues-Photoroom_1.png"}},"collection_item_p9z9wR":{"type":"collection_item","settings":{"title_collection":"","collection":"cybermonday-le-coq-sportif","image":"shopify:\/\/shop_images\/LE_COQ-brand_96037f52-3c69-4ee3-8ba8-24c15c7702ee-Photoroom_1.png"}},"collection_item_wQ3qdD":{"type":"collection_item","settings":{"title_collection":"","collection":"cyber-monday-timberland","image":"shopify:\/\/shop_images\/Timberland-Logo-Photoroom_1.png"}},"collection_item_rz78rc":{"type":"collection_item","settings":{"title_collection":"","collection":"cybermonday-fila","image":"shopify:\/\/shop_images\/Sin_titulo_1080_x_1080_px_21fdf1a7-4672-4a66-ae2f-c32e22655c8f.png"}},"collection_item_3DKVJj":{"type":"collection_item","settings":{"title_collection":"","collection":"cybermonday-asics","image":"shopify:\/\/shop_images\/Sin_titulo_1080_x_1080_px_2.png"}},"collection_item_f6Ta4a":{"type":"collection_item","settings":{"title_collection":"","collection":"dcshoes","image":"shopify:\/\/shop_images\/dcshoes_logo-Photoroom_1.png"}}},"block_order":["collection_item_6R43Mb","collection_item_nMzxfW","collection_item_p9z9wR","collection_item_wQ3qdD","collection_item_rz78rc","collection_item_3DKVJj","collection_item_f6Ta4a"],"custom_css":[".bls__collection-title {display: none !important;}",".bls__swiper {padding-bottom: 0;}",".bls__collection-image {border-radius: 4px;}"],"settings":{"heading_logo_svg":"","heading":"","description":"","text_alignment":"text-center","container":"container","color_scheme":"scheme-662129f6-6dcb-4984-8a3e-b402290d6a69","design_layout":"carousel","design_collection":"design-3","hover_effect":"zoom","show_count_product":false,"custom_width_images":false,"width_image":200,"images_style":false,"image_ratio":"original","custom_ratio":"21:9","custom_column":7,"column_gap":30,"collection_font_size":16,"collection_font_weight":500,"collection_spacing":0,"count_font_size":14,"count_font_weight":400,"autoplay":false,"loop":false,"show_arrow":false,"carousel_pagination":"carousel_none","reveal_on_scroll":false,"padding_top":12,"padding_bottom":0,"reset_spacing":false}},"custom_liquid_6aGfEJ":{"type":"custom-liquid","disabled":true,"name":"t:sections.custom-liquid.name","settings":{"heading_logo_svg":"","heading":"","description":"","text_alignment":"text-center","container":"container","color_scheme":"scheme-662129f6-6dcb-4984-8a3e-b402290d6a69","content_liquid":"{% style %}\n\n\/* === CYBER SIZE SELECTOR === *\/\n.size-carousel-container {\n  width: 100%;\n  padding: 28px 0;\n  text-align: center;\n  font-family:poppins; sans-serif;\n}\n\n.size-carousel-title {\n  font-size: 15px;\n  font-weight: 800;\n  color: #ffffff;\n  text-transform: uppercase;\n  margin-bottom: 18px;\n  letter-spacing: 1px;\n  opacity: .95;\n  text-shadow: 0 0 14px rgba(255,255,255,.4),\n               0 0 28px rgba(0,194,255,.45);\n}\n\n\/* GRID ESTILO CYBER *\/\n.size-grid {\n  display: grid;\n  grid-template-columns: repeat(auto-fit, minmax(48px, 1fr));\n  gap: 10px;\n  max-width: 650px;\n  margin: 0 auto;\n}\n\n\/* BOTONES *\/\n.size-item {\n  min-width: 48px;\n  height: 48px;\n  border-radius: 14px;\n  border: 2px solid rgba(255,255,255,0.32);\n  background: rgba(255,255,255,0.10);\n  display: flex;\n  align-items: center;\n  justify-content: center;\n  font-size: 15px;\n  font-weight: 800;\n  color: #ffffff;\n  text-transform: uppercase;\n  cursor: pointer;\n  text-decoration: none;\n  transition: .25s ease;\n  box-shadow: 0 0 22px rgba(0,194,255,.15),\n              inset 0 0 18px rgba(122,102,255,.15);\n  will-change: transform, box-shadow, border-color;\n}\n\n.size-item:hover {\n  transform: scale(1.08);\n  border-color: #fff;\n  box-shadow: 0 0 35px rgba(255,255,255,.3),\n              0 0 45px rgba(0,194,255,.45);\n}\n\n\/* SELECCIONADO *\/\n.size-item.active {\n  background: linear-gradient(135deg, #00C2FF 0%, #7A66FF 100%);\n  border-color: #ffffff;\n  color: #ffffff;\n  transform: scale(1.08);\n  box-shadow: 0 0 40px rgba(255,255,255,.3),\n              0 0 55px rgba(0,194,255,.55);\n}\n\n\/* RESPONSIVE *\/\n@media(max-width: 480px){\n  .size-item {\n    min-width: 42px;\n    height: 42px;\n    font-size: 13px;\n  }\n}\n\n{% endstyle %}\n\n<div class=\"size-carousel-container\">\n  <div class=\"size-carousel-title\">Selecciona tu talle<\/div>\n\n  <div class=\"size-grid\">\n\n    {% assign talles = \"34,35,36,37,38,39,40,41,42,43,44,45,46,47\" | split: \",\" %}\n    {% for t in talles %}\n      <a href=\"{{ collection.url }}?filter.v.option.talle={{ t }}&filter.v.option.talle={{ t }}.5&filter.v.availability=1\"\n         class=\"size-item\">{{ t }}<\/a>\n    {% endfor %}\n\n  <\/div>\n<\/div>\n\n<script>\ndocument.addEventListener('DOMContentLoaded', function() {\n  const params = new URLSearchParams(window.location.search);\n  const talleParams = params.getAll('filter.v.option.talle');\n\n  talleParams.forEach(t => {\n    const talleNum = parseFloat(t);\n    if (Number.isInteger(talleNum)) {\n      const activeLink = document.querySelector(`a[href*=\"talle=${talleNum}&\"]`);\n      if (activeLink) activeLink.classList.add('active');\n    }\n  });\n});\n<\/script>","padding_top":0,"padding_bottom":0,"reset_spacing":true}},"b95bf1ad-ba57-434a-bbe3-b729443926a1":{"type":"custom-liquid","settings":{"heading_logo_svg":"","heading":"","description":"","text_alignment":"text-center","container":"container","color_scheme":"scheme-013ccfbf-beb5-42e6-bc8f-8a36ab634ca7","content_liquid":"<h1 style=\"margin-bottom:0px;text-transform:uppercase;font-size:20px;\">TODOS LOS PRODUCTOS  <\/h1> CYBER TIENDA OFICIAL<img align=\"18px\" src=\"https:\/\/cdn.shopify.com\/s\/files\/1\/0594\/7506\/7048\/files\/verificado.png?v=1651943726\" alt=\"Verificado\" style=\"height:16px;width:16px;\"\/>","padding_top":5,"padding_bottom":0,"reset_spacing":true}},"main-collection-heading":{"type":"main-collection-heading","blocks":{"f06a38ad-a426-42c0-a5ff-48ae0218618e":{"type":"1","settings":{"text_fs":45}}},"block_order":["f06a38ad-a426-42c0-a5ff-48ae0218618e"],"disabled":true,"settings":{"container":"container","color_scheme":"scheme-b808185a-cae7-47ba-9fe9-7d81ddf7e485","show_banner":true,"use_collection_image":false,"min_height":200,"parallax":false,"show_overlay":false,"overlay":54,"design":"text-overlay-image","text_postion":"text-center"}},"439e38df-206c-40a8-9cd5-fc0e5f00f9d3":{"type":"spacing","settings":{"spacing_desktop":30,"spacing_moible":10}},"product-grid":{"type":"main-collection-product","blocks":{"35c81196-1f20-4b1d-98e4-1bea284fe6d7":{"type":"categories","disabled":true,"settings":{"title":"Colección","menu":"remeras-rip-curl"}},"3b46edaf-55ef-46a8-b8fe-a6eb39ade3a8":{"type":"filter_by_dynamic","settings":{}},"2039056a-3cc3-4534-a522-d35bdfbaef6c":{"type":"popular_product","disabled":true,"settings":{"title":"Featured Product","collection":"sweaters","type_product":"list","maximum":3}},"8fe431f8-91f7-4b21-a605-4b55df7293e1":{"type":"image_banner","disabled":true,"settings":{"url":"shopify:\/\/products\/colorful-wind-coats","open_link":false}}},"block_order":["35c81196-1f20-4b1d-98e4-1bea284fe6d7","3b46edaf-55ef-46a8-b8fe-a6eb39ade3a8","2039056a-3cc3-4534-a522-d35bdfbaef6c","8fe431f8-91f7-4b21-a605-4b55df7293e1"],"custom_css":[".filter-title {color: black;}",".special-price {color: black;}"],"settings":{"container":"container-fluid","enable_list_view":false,"products_column":3,"number_products_grid":24,"number_products_list":24,"pagination":"infinit_scrolling","product_page_count":true,"product_sort_options":true,"progress_bar":true,"enable_sidebar":true,"sidebar_position":"left_sidebar","show_count":false}},"sub-collection":{"type":"sub-collection","disabled":true,"settings":{"heading":"","description":"","text_alignment":"text-center","container":"container","color_scheme":"","design_layout":"carousel","design_collection":"design-1","hover_effect":"zoom","show_count_product":true,"hide_image_collection":false,"collection_center":false,"custom_width_images":false,"width_image":200,"images_style":"square","image_ratio":"3\/4","custom_ratio":"21:9","custom_column":6,"column_gap":30,"collection_font_size":16,"collection_font_weight":500,"collection_spacing":0,"count_font_size":14,"count_font_weight":400,"autoplay":false,"loop":false,"show_arrow":false,"carousel_pagination":"carousel_none","reveal_on_scroll":false,"padding_top":0,"padding_bottom":0,"reset_spacing":false}},"custom_liquid_yRCWfG":{"type":"custom-liquid","name":"t:sections.custom-liquid.name","settings":{"heading_logo_svg":"","heading":"","description":"","text_alignment":"text-center","container":"container","color_scheme":"","content_liquid":"<div class=\"cybermonday-index\">\n  <style>\n    .cybermonday-index {\n      max-width: 1100px;\n      margin: 60px auto;\n      font-family: 'Inter', sans-serif;\n      color: #222;\n      padding: 0 15px;\n    }\n\n    .cybermonday-index h3 {\n      font-size: 20px;\n      font-weight: 600;\n      margin-bottom: 25px;\n      text-align: center;\n    }\n\n    .brand-grid {\n      display: grid;\n      grid-template-columns: repeat(auto-fit, minmax(300px, 1fr));\n      gap: 25px;\n    }\n\n    details {\n      background: #fafafa;\n      border: 1px solid #e5e5e5;\n      border-radius: 10px;\n      padding: 15px 18px;\n      transition: box-shadow 0.2s ease;\n    }\n\n    details:hover {\n      box-shadow: 0 2px 6px rgba(0,0,0,0.05);\n    }\n\n    summary {\n      font-weight: 700;\n      font-size: 15px;\n      cursor: pointer;\n      color: #000;\n      list-style: none;\n    }\n\n    summary::marker,\n    summary::-webkit-details-marker {\n      display: none;\n    }\n\n    summary::after {\n      content: \"＋\";\n      float: right;\n      font-weight: 400;\n      transition: transform 0.2s ease;\n    }\n\n    details[open] summary::after {\n      content: \"－\";\n    }\n\n    ul {\n      list-style: none;\n      padding-left: 0;\n      margin: 12px 0 0 0;\n      line-height: 1.7;\n    }\n\n    a {\n      color: #333;\n      text-decoration: none;\n      font-size: 14px;\n    }\n\n    a:hover {\n      text-decoration: underline;\n    }\n  <\/style>\n\n  <h3>Marcas destacadas del <strong>CyberMonday 2025<\/strong><\/h3>\n\n  <div class=\"brand-grid\">\n\n    <details>\n      <summary>Fila<\/summary>\n      <ul>\n        <li><a href=\"\/collections\/cybermonday-fila\">Ver todo Fila<\/a><\/li>\n        <li><a href=\"\/collections\/cybermonday-fila\/zapatillas\">Zapatillas<\/a><\/li>\n        <li><a href=\"\/collections\/cybermonday-fila\/remeras\">Remeras<\/a><\/li>\n        <li><a href=\"\/collections\/cybermonday-fila\/pantalones\">Pantalones<\/a><\/li>\n        <li><a href=\"\/collections\/cybermonday-fila\/buzos\">Buzos<\/a><\/li>\n      <\/ul>\n    <\/details>\n\n    <details>\n      <summary>Converse<\/summary>\n      <ul>\n        <li><a href=\"\/collections\/cyber-monday-converse\">Ver todo Converse<\/a><\/li>\n        <li><a href=\"\/collections\/cyber-monday-converse\/zapatillas\">Zapatillas<\/a><\/li>\n        <li><a href=\"\/collections\/cyber-monday-converse\/remeras\">Remeras<\/a><\/li>\n        <li><a href=\"\/collections\/cyber-monday-converse\/buzos\">Buzos<\/a><\/li>\n        <li><a href=\"\/collections\/cyber-monday-converse\/pantalones\">Pantalones<\/a><\/li>\n        <li><a href=\"\/collections\/cyber-monday-converse\/camperas\">Camperas<\/a><\/li>\n        <li><a href=\"\/collections\/cyber-monday-converse\/gorras\">Gorras<\/a><\/li>\n        <li><a href=\"\/collections\/cyber-monday-converse\/mochilas\">Mochilas<\/a><\/li>\n        <li><a href=\"\/collections\/cyber-monday-converse\/medias\">Medias<\/a><\/li>\n        <li><a href=\"\/collections\/cyber-monday-converse\/botas\">Botas<\/a><\/li>\n      <\/ul>\n    <\/details>\n\n    <details>\n      <summary>Vans<\/summary>\n      <ul>\n        <li><a href=\"\/collections\/cyber-monday-vans\">Ver todo Vans<\/a><\/li>\n        <li><a href=\"\/collections\/cyber-monday-vans\/zapatillas\">Zapatillas<\/a><\/li>\n        <li><a href=\"\/collections\/cyber-monday-vans\/remeras\">Remeras<\/a><\/li>\n        <li><a href=\"\/collections\/cyber-monday-vans\/buzos\">Buzos<\/a><\/li>\n        <li><a href=\"\/collections\/cyber-monday-vans\/gorras\">Gorras<\/a><\/li>\n        <li><a href=\"\/collections\/cyber-monday-vans\/mochilas\">Mochilas<\/a><\/li>\n        <li><a href=\"\/collections\/cyber-monday-vans\/ojotas\">Ojotas<\/a><\/li>\n      <\/ul>\n    <\/details>\n\n    <details>\n      <summary>DC Shoes<\/summary>\n      <ul>\n        <li><a href=\"\/collections\/cyber-monday-dc\">Ver todo DC Shoes<\/a><\/li>\n        <li><a href=\"\/collections\/cyber-monday-dc\/zapatillas\">Zapatillas<\/a><\/li>\n        <li><a href=\"\/collections\/cyber-monday-dc\/remeras\">Remeras<\/a><\/li>\n        <li><a href=\"\/collections\/cyber-monday-dc\/buzos\">Buzos<\/a><\/li>\n        <li><a href=\"\/collections\/cyber-monday-dc\/pantalones\">Pantalones<\/a><\/li>\n        <li><a href=\"\/collections\/cyber-monday-dc\/camperas\">Camperas<\/a><\/li>\n        <li><a href=\"\/collections\/cyber-monday-dc\/mochilas\">Mochilas<\/a><\/li>\n        <li><a href=\"\/collections\/cyber-monday-dc\/ojotas\">Ojotas<\/a><\/li>\n      <\/ul>\n    <\/details>\n\n    <details>\n      <summary>New Balance<\/summary>\n      <ul>\n        <li><a href=\"\/collections\/cyber-monday-new-balance\">Ver todo New Balance<\/a><\/li>\n        <li><a href=\"\/collections\/cyber-monday-new-balance\/zapatillas\">Zapatillas<\/a><\/li>\n        <li><a href=\"\/collections\/cyber-monday-new-balance\/remeras\">Remeras<\/a><\/li>\n        <li><a href=\"\/collections\/cyber-monday-new-balance\/buzos\">Buzos<\/a><\/li>\n      <\/ul>\n    <\/details>\n\n    <details>\n      <summary>Timberland<\/summary>\n      <ul>\n        <li><a href=\"\/collections\/cyber-monday-timberland\">Ver todo Timberland<\/a><\/li>\n        <li><a href=\"\/collections\/cyber-monday-timberland\/zapatillas\">Zapatillas<\/a><\/li>\n        <li><a href=\"\/collections\/cyber-monday-timberland\/botas\">Botas<\/a><\/li>\n        <li><a href=\"\/collections\/cyber-monday-timberland\/remeras\">Remeras<\/a><\/li>\n        <li><a href=\"\/collections\/cyber-monday-timberland\/buzos\">Buzos<\/a><\/li>\n      <\/ul>\n    <\/details>\n\n    <details>\n      <summary>Elepants<\/summary>\n      <ul>\n        <li><a href=\"\/collections\/cyber-monday-elepants\">Ver todo Elepants<\/a><\/li>\n        <li><a href=\"\/collections\/cyber-monday-elepants\/pantalones\">Pantalones<\/a><\/li>\n        <li><a href=\"\/collections\/cyber-monday-elepants\/remeras\">Remeras<\/a><\/li>\n        <li><a href=\"\/collections\/cyber-monday-elepants\/buzos\">Buzos<\/a><\/li>\n        <li><a href=\"\/collections\/cyber-monday-elepants\/mallas\">Mallas<\/a><\/li>\n      <\/ul>\n    <\/details>\n\n    <details>\n      <summary>Otros destacados<\/summary>\n      <ul>\n        <li><a href=\"\/collections\/cybermonday-asics\">Asics<\/a><\/li>\n        <li><a href=\"\/collections\/cybermonday-le-coq-sportif\">Le Coq Sportif<\/a><\/li>\n        <li><a href=\"\/collections\/cyber-monday-etnies\">Etnies<\/a><\/li>\n        <li><a href=\"\/collections\/cyber-monday-airwalk\">Airwalk<\/a><\/li>\n        <li><a href=\"\/collections\/cyber-monday-mormaii\">Mormaii<\/a><\/li>\n        <li><a href=\"\/collections\/cyber-monday-hey-dude\">Hey Dude<\/a><\/li>\n        <li><a href=\"\/collections\/cyber-monday-shaq\">Shaq<\/a><\/li>\n        <li><a href=\"\/collections\/cyber-monday-starter\">Starter<\/a><\/li>\n        <li><a href=\"\/collections\/cyber-monday-vision-street-wear\">Vision Street Wear<\/a><\/li>\n<li><a href=\"\/collections\/cyber-monday-quiksilver\">Quiksilver<\/a><\/li>\n        <li><a href=\"\/collections\/cyber-monday-roxy\">Roxy<\/a><\/li>\n      <\/ul>\n    <\/details>\n\n  <\/div>\n<\/div>","padding_top":0,"padding_bottom":0,"reset_spacing":false}},"custom_liquid_xr7t7W":{"type":"custom-liquid","name":"t:sections.custom-liquid.name","settings":{"heading_logo_svg":"","heading":"","description":"","text_alignment":"text-center","container":"container","color_scheme":"","content_liquid":"<div class=\"cybermonday-index\">\n  <style>\n    .cybermonday-index {\n      max-width: 1100px;\n      margin: 60px auto;\n      font-family: 'Inter', sans-serif;\n      color: #222;\n      padding: 0 15px;\n    }\n\n    .cybermonday-index h3 {\n      font-size: 20px;\n      font-weight: 600;\n      margin-bottom: 25px;\n      text-align: center;\n    }\n\n    .gender-grid {\n      display: grid;\n      grid-template-columns: repeat(auto-fit, minmax(300px, 1fr));\n      gap: 25px;\n    }\n\n    details {\n      background: #fafafa;\n      border: 1px solid #e5e5e5;\n      border-radius: 10px;\n      padding: 15px 18px;\n      transition: box-shadow 0.2s ease;\n    }\n\n    details:hover {\n      box-shadow: 0 2px 6px rgba(0,0,0,0.05);\n    }\n\n    summary {\n      font-weight: 700;\n      font-size: 15px;\n      cursor: pointer;\n      color: #000;\n      list-style: none;\n    }\n\n    summary::marker,\n    summary::-webkit-details-marker {\n      display: none;\n    }\n\n    summary::after {\n      content: \"＋\";\n      float: right;\n      font-weight: 400;\n      transition: transform 0.2s ease;\n    }\n\n    details[open] summary::after {\n      content: \"－\";\n    }\n\n    ul {\n      list-style: none;\n      padding-left: 0;\n      margin: 12px 0 0 0;\n      line-height: 1.7;\n    }\n\n    a {\n      color: #333;\n      text-decoration: none;\n      font-size: 14px;\n    }\n\n    a:hover {\n      text-decoration: underline;\n    }\n  <\/style>\n\n  <h3>Ofertas del <strong>CyberMonday 2025<\/strong> por género<\/h3>\n\n  <div class=\"gender-grid\">\n\n    <!-- Hombre -->\n    <details close>\n      <summary>Hombre<\/summary>\n      <ul>\n        <li><a href=\"\/collections\/cybermonday-ropa-hombre\">Ver toda la ropa de hombre<\/a><\/li>\n        <li><a href=\"\/collections\/cybermonday-zapatillas-hombre\">Zapatillas Hombre<\/a><\/li>\n        <li><a href=\"\/collections\/cybermonday-remeras-hombre\">Remeras Hombre<\/a><\/li>\n        <li><a href=\"\/collections\/cybermonday-buzos-hombre\">Buzos Hombre<\/a><\/li>\n        <li><a href=\"\/collections\/cybermonday-pantalones-hombre\">Pantalones Hombre<\/a><\/li>\n        <li><a href=\"\/collections\/cybermonday-camperas-hombre\">Camperas Hombre<\/a><\/li>\n        <li><a href=\"\/collections\/cybermonday-camperas-abrigadas-hombre\">Camperas Abrigadas Hombre<\/a><\/li>\n      <\/ul>\n    <\/details>\n\n    <!-- Mujer -->\n    <details>\n      <summary>Mujer<\/summary>\n      <ul>\n        <li><a href=\"\/collections\/cybermonday-ropa-mujer\">Ver toda la ropa de mujer<\/a><\/li>\n        <li><a href=\"\/collections\/cyber-monday-remeras-mujer\">Remeras Mujer<\/a><\/li>\n        <li><a href=\"\/collections\/cybermonday-buzos-mujer\">Buzos Mujer<\/a><\/li>\n        <li><a href=\"\/collections\/cyber-monday-pantalones-mujer\">Pantalones Mujer<\/a><\/li>\n        <li><a href=\"\/collections\/cyber-monday-camperas-mujer\">Camperas Mujer<\/a><\/li>\n      <\/ul>\n    <\/details>\n\n    <!-- Niños -->\n    <details>\n      <summary>Niños<\/summary>\n      <ul>\n        <li><a href=\"\/collections\/cybermonday-ropa-ninos\">Ver toda la ropa de niños<\/a><\/li>\n        <li><a href=\"\/collections\/cyber-monday-zapatillas-ninos\">Zapatillas Niños<\/a><\/li>\n        <li><a href=\"\/collections\/cyber-monday-remeras-ninos\">Remeras Niños<\/a><\/li>\n        <li><a href=\"\/collections\/cyber-monday-buzos-ninos\">Buzos Niños<\/a><\/li>\n        <li><a href=\"\/collections\/cyber-monday-pantalones-ninos\">Pantalones Niños<\/a><\/li>\n        <li><a href=\"\/collections\/cyber-monday-camperas-ninos\">Camperas Niños<\/a><\/li>\n      <\/ul>\n    <\/details>\n\n  <\/div>\n<\/div>","padding_top":0,"padding_bottom":0,"reset_spacing":false}},"custom_liquid_FWHzPy":{"type":"custom-liquid","name":"t:sections.custom-liquid.name","settings":{"heading_logo_svg":"","heading":"","description":"","text_alignment":"text-center","container":"container","color_scheme":"","content_liquid":"<div class=\"cybermonday-index\">\n  <style>\n    .cybermonday-index {\n      max-width: 1100px;\n      margin: 60px auto;\n      font-family: 'Inter', sans-serif;\n      color: #222;\n      padding: 0 15px;\n    }\n\n    .cybermonday-index h3 {\n      font-size: 20px;\n      font-weight: 600;\n      margin-bottom: 25px;\n      text-align: center;\n    }\n\n    .cybermonday-index .product-grid {\n      display: grid;\n      grid-template-columns: repeat(auto-fit, minmax(300px, 1fr));\n      gap: 25px;\n    }\n\n    .cybermonday-index details {\n      background: #fafafa;\n      border: 1px solid #e5e5e5;\n      border-radius: 10px;\n      padding: 15px 18px;\n      transition: box-shadow 0.2s ease;\n    }\n\n    .cybermonday-index details:hover {\n      box-shadow: 0 2px 6px rgba(0,0,0,0.05);\n    }\n\n    .cybermonday-index summary {\n      font-weight: 700;\n      font-size: 15px;\n      cursor: pointer;\n      color: #000;\n      list-style: none;\n    }\n\n    .cybermonday-index summary::marker,\n    .cybermonday-index summary::-webkit-details-marker {\n      display: none;\n    }\n\n    .cybermonday-index summary::after {\n      content: \"＋\";\n      float: right;\n      font-weight: 400;\n      transition: transform 0.2s ease;\n    }\n\n    .cybermonday-index details[open] summary::after {\n      content: \"－\";\n    }\n\n    .cybermonday-index ul {\n      list-style: none;\n      padding-left: 0;\n      margin: 12px 0 0 0;\n      line-height: 1.7;\n    }\n\n    .cybermonday-index a {\n      color: #333;\n      text-decoration: none;\n      font-size: 14px;\n    }\n\n    .cybermonday-index a:hover {\n      text-decoration: underline;\n    }\n  <\/style>\n\n  <h3>Ofertas del <strong>CyberMonday 2025<\/strong> por tipo de producto<\/h3>\n\n  <div class=\"product-grid\">\n\n    <details>\n      <summary>Indumentaria<\/summary>\n      <ul>\n        <li><a href=\"\/collections\/cyber-monday-remeras\">Remeras<\/a><\/li>\n        <li><a href=\"\/collections\/cyber-monday-buzos\">Buzos<\/a><\/li>\n        <li><a href=\"\/collections\/cyber-monday-camisas\">Camisas<\/a><\/li>\n        <li><a href=\"\/collections\/cyber-monday-chombas\">Chombas<\/a><\/li>\n        <li><a href=\"\/collections\/cyber-monday-sweaters\">Sweaters<\/a><\/li>\n        <li><a href=\"\/collections\/cyber-monday-vestidos\">Vestidos<\/a><\/li>\n        <li><a href=\"\/collections\/cyber-monday-bermudas\">Bermudas<\/a><\/li>\n        <li><a href=\"\/collections\/cyber-monday-jeans\">Jeans<\/a><\/li>\n        <li><a href=\"\/collections\/cyber-monday-pantalones\">Pantalones<\/a><\/li>\n        <li><a href=\"\/collections\/cyber-monday-rompeviento\">Rompeviento<\/a><\/li>\n        <li><a href=\"\/collections\/cyber-monday-camperas\">Camperas<\/a><\/li>\n      <\/ul>\n    <\/details>\n\n    <details>\n      <summary>Calzado<\/summary>\n      <ul>\n        <li><a href=\"\/collections\/cyber-monday-zapatillas\">Zapatillas<\/a><\/li>\n        <li><a href=\"\/collections\/cyber-monday-zapatillas-deportivas\">Zapatillas Deportivas<\/a><\/li>\n        <li><a href=\"\/collections\/cyber-monday-botas\">Botas<\/a><\/li>\n        <li><a href=\"\/collections\/cyber-monday-borcegos\">Borcegos<\/a><\/li>\n        <li><a href=\"\/collections\/cyber-monday-ojotas\">Ojotas<\/a><\/li>\n      <\/ul>\n    <\/details>\n\n    <details>\n      <summary>Accesorios y complementos<\/summary>\n      <ul>\n        <li><a href=\"\/collections\/cyber-monday-accesorios\">Accesorios<\/a><\/li>\n        <li><a href=\"\/collections\/cyber-monday-mochilas\">Mochilas<\/a><\/li>\n        <li><a href=\"\/collections\/cyber-monday-billeteras\">Billeteras<\/a><\/li>\n        <li><a href=\"\/collections\/gorras-cybermonday\">Gorras<\/a><\/li>\n      <\/ul>\n    <\/details>\n\n  <\/div>\n<\/div>","padding_top":0,"padding_bottom":0,"reset_spacing":false}}},"order":["ad5b88b9-7c73-40d8-a7e0-60b6519d3f30","custom_liquid_7fiXMe","custom_liquid_Nn6maL","custom_liquid_AJKpWX","collection_list_m7FbBB","custom_liquid_6aGfEJ","b95bf1ad-ba57-434a-bbe3-b729443926a1","main-collection-heading","439e38df-206c-40a8-9cd5-fc0e5f00f9d3","product-grid","sub-collection","custom_liquid_yRCWfG","custom_liquid_xr7t7W","custom_liquid_FWHzPy"]}