{"sections":{"ad5b88b9-7c73-40d8-a7e0-60b6519d3f30":{"type":"scrolling-text","blocks":{"template--17082272252147__ad5b88b9-7c73-40d8-a7e0-60b6519d3f30-scrolling_text-1":{"type":"scrolling_text","settings":{"content":"<p>DESAFÍA <strong>TUS LÍMITES<\/strong><\/p>","text_link":""}},"template--17082272252147__ad5b88b9-7c73-40d8-a7e0-60b6519d3f30-scrolling_text-2":{"type":"scrolling_text","disabled":true,"settings":{"content":"<p>FREE DELIVERY AND RETURNS FROM $120<\/p>","text_link":""}},"template--17082272252147__ad5b88b9-7c73-40d8-a7e0-60b6519d3f30-scrolling_text-3":{"type":"scrolling_text","disabled":true,"settings":{"content":"<p>FREE DELIVERY AND RETURNS FROM $120<\/p>","text_link":""}},"template--17082272252147__ad5b88b9-7c73-40d8-a7e0-60b6519d3f30-scrolling_text-4":{"type":"scrolling_text","disabled":true,"settings":{"content":"<p>FREE DELIVERY AND RETURNS FROM $120<\/p>","text_link":""}}},"block_order":["template--17082272252147__ad5b88b9-7c73-40d8-a7e0-60b6519d3f30-scrolling_text-1","template--17082272252147__ad5b88b9-7c73-40d8-a7e0-60b6519d3f30-scrolling_text-2","template--17082272252147__ad5b88b9-7c73-40d8-a7e0-60b6519d3f30-scrolling_text-3","template--17082272252147__ad5b88b9-7c73-40d8-a7e0-60b6519d3f30-scrolling_text-4"],"disabled":true,"settings":{"container":"container","color_scheme":"scheme-b34202b6-7e35-497f-bef1-360c406133ec","s_text_color":"#111111","text_font_size":16,"text_font_weight":500,"text_time":10,"text_spacing":50,"text_title":false,"spacing_icon":"icon_circle","padding_top":0,"padding_bottom":0,"reset_spacing":true}},"b95bf1ad-ba57-434a-bbe3-b729443926a1":{"type":"custom-liquid","settings":{"heading_logo_svg":"","heading":"","description":"","text_alignment":"text-center","container":"container","color_scheme":"scheme-013ccfbf-beb5-42e6-bc8f-8a36ab634ca7","content_liquid":"<h1 style=\"margin-bottom:0px;text-transform:uppercase;font-size:20px;\">{{ collection.title }}<\/h1> TIENDA OFICIAL<img align=\"18px\" src=\"https:\/\/cdn.shopify.com\/s\/files\/1\/0594\/7506\/7048\/files\/verificado.png?v=1651943726\" alt=\"Verificado\" style=\"height:16px;width:16px;\"\/>","padding_top":0,"padding_bottom":0,"reset_spacing":false}},"custom_liquid_QnWRqA":{"type":"custom-liquid","name":"t:sections.custom-liquid.name","settings":{"heading_logo_svg":"","heading":"","description":"","text_alignment":"text-center","container":"container","color_scheme":"","content_liquid":"<!-- Carousel de Talles para Collection Page (Remeras) -->\n<style>\n  .size-carousel-container {\n    max-width: 100%;\n    margin: px 0;\n    position: relative;\n    font-family: 'Poppins', -apple-system, BlinkMacSystemFont, sans-serif;\n  }\n  \n  .size-carousel-title {\n    font-size: 1.3rem;\n    font-weight: 600;\n    color: #333;\n    margin-bottom: 15px;\n    text-transform: uppercase;\n    letter-spacing: 0.5px;\n  }\n  \n  .size-grid {\n    display: grid;\n    grid-template-columns: repeat(auto-fit, minmax(55px, 1fr));\n    gap: 10px;\n    max-width: 800px;\n  }\n  \n  .size-item {\n    min-width: 55px;\n    height: 55px;\n    border: 1.5px solid #e5e5e5;\n    border-radius: 6px;\n    display: flex;\n    align-items: center;\n    justify-content: center;\n    font-size: 1rem;\n    font-weight: 600;\n    color: #555;\n    background: #f2f2f2;\n    cursor: pointer;\n    transition: all 0.25s ease;\n    text-decoration: none;\n    user-select: none;\n    position: relative;\n    flex-shrink: 0;\n    font-family: 'Poppins', -apple-system, BlinkMacSystemFont, sans-serif;\n  }\n  \n  .size-item:hover {\n    border-color: #00d4aa;\n    color: #00d4aa;\n    transform: scale(1.05);\n    box-shadow: 0 2px 8px rgba(0, 212, 170, 0.15);\n  }\n  \n  .size-item.active {\n    background: #00d4aa;\n    border-color: #00d4aa;\n    color: #fff;\n    transform: scale(1.05);\n    box-shadow: 0 4px 12px rgba(0, 212, 170, 0.25);\n    font-weight: 700;\n  }\n  \n  .size-item.active::after {\n    content: '';\n    position: absolute;\n    top: -3px;\n    right: -3px;\n    background: #fff;\n    border-radius: 50%;\n    width: 12px;\n    height: 12px;\n    box-shadow: 0 2px 4px rgba(0, 0, 0, 0.2);\n  }\n  \n  @media (max-width: 768px) {\n    .size-item {\n      min-width: 48px;\n      height: 48px;\n      font-size: 0.9rem;\n    }\n    \n    .size-grid {\n      grid-template-columns: repeat(auto-fit, minmax(48px, 1fr));\n      gap: 8px;\n    }\n  }\n  \n  @media (max-width: 480px) {\n    .size-grid {\n      grid-template-columns: repeat(6, 1fr);\n      gap: 6px;\n    }\n  }\n<\/style>\n\n<div class=\"size-carousel-container\">\n  <div class=\"size-carousel-title\">Seleccionar Talle:<\/div>\n  \n  <div class=\"size-grid\">\n    <a href=\"{{ collection.url }}?filter.v.option.talle=XS&filter.v.availability=1\" class=\"size-item\">XS<\/a>\n    <a href=\"{{ collection.url }}?filter.v.option.talle=S&filter.v.availability=1\" class=\"size-item\">S<\/a>\n    <a href=\"{{ collection.url }}?filter.v.option.talle=M&filter.v.availability=1\" class=\"size-item\">M<\/a>\n    <a href=\"{{ collection.url }}?filter.v.option.talle=L&filter.v.availability=1\" class=\"size-item\">L<\/a>\n    <a href=\"{{ collection.url }}?filter.v.option.talle=XL&filter.v.availability=1\" class=\"size-item\">XL<\/a>\n    <a href=\"{{ collection.url }}?filter.v.option.talle=XXL&filter.v.availability=1\" class=\"size-item\">XXL<\/a>\n  <\/div>\n<\/div>\n\n<script>\n  \/\/ Marcar talle activo basado en URL\n  document.addEventListener('DOMContentLoaded', function() {\n    const urlParams = new URLSearchParams(window.location.search);\n    const talleParams = urlParams.getAll('filter.v.option.talle');\n    \n    for (let talle of talleParams) {\n      const activeItem = document.querySelector(`a[href*=\"talle=${talle}&\"]`);\n      if (activeItem) {\n        activeItem.classList.add('active');\n      }\n    }\n  });\n<\/script>","padding_top":0,"padding_bottom":0,"reset_spacing":false}},"main-collection-heading":{"type":"main-collection-heading","blocks":{"f06a38ad-a426-42c0-a5ff-48ae0218618e":{"type":"1","settings":{"text_fs":45}}},"block_order":["f06a38ad-a426-42c0-a5ff-48ae0218618e"],"disabled":true,"settings":{"container":"container","color_scheme":"scheme-b808185a-cae7-47ba-9fe9-7d81ddf7e485","show_banner":true,"use_collection_image":false,"min_height":200,"parallax":false,"show_overlay":false,"overlay":54,"design":"text-overlay-image","text_postion":"text-center"}},"439e38df-206c-40a8-9cd5-fc0e5f00f9d3":{"type":"spacing","settings":{"spacing_desktop":30,"spacing_moible":10}},"product-grid":{"type":"main-collection-product","blocks":{"3b46edaf-55ef-46a8-b8fe-a6eb39ade3a8":{"type":"filter_by_dynamic","settings":{}},"35c81196-1f20-4b1d-98e4-1bea284fe6d7":{"type":"categories","settings":{"title":"Buzos","menu":"buzos-hombre"}},"2039056a-3cc3-4534-a522-d35bdfbaef6c":{"type":"popular_product","disabled":true,"settings":{"title":"Featured Product","collection":"sweaters","type_product":"list","maximum":3}},"8fe431f8-91f7-4b21-a605-4b55df7293e1":{"type":"image_banner","disabled":true,"settings":{"url":"shopify:\/\/products\/colorful-wind-coats","open_link":false}}},"block_order":["3b46edaf-55ef-46a8-b8fe-a6eb39ade3a8","35c81196-1f20-4b1d-98e4-1bea284fe6d7","2039056a-3cc3-4534-a522-d35bdfbaef6c","8fe431f8-91f7-4b21-a605-4b55df7293e1"],"custom_css":[".btn-filter {position: fixed; z-index: 4; bottom: 3%; left: 50%; transform: translateX(-50%); width: 75%; justify-content: center; background-color: #43d5b0; color: black; border-color: #43d5b0; font-size: 15px; box-shadow: rgba(0, 0, 0, 0.12) 0px 1px 3px, rgba(0, 0, 0, 0.24) 0px 1px 2px;}",".filter-title {color: black;}"],"settings":{"container":"container-fluid","enable_list_view":false,"products_column":3,"number_products_grid":24,"number_products_list":4,"pagination":"infinit_scrolling","product_page_count":true,"product_sort_options":true,"progress_bar":true,"enable_sidebar":true,"sidebar_position":"left_sidebar","show_count":false}},"sub-collection":{"type":"sub-collection","settings":{"heading":"","description":"","text_alignment":"text-center","container":"container","color_scheme":"","design_layout":"carousel","design_collection":"design-1","hover_effect":"zoom","show_count_product":true,"hide_image_collection":false,"collection_center":false,"custom_width_images":false,"width_image":200,"images_style":"square","image_ratio":"3\/4","custom_ratio":"21:9","custom_column":6,"column_gap":30,"collection_font_size":16,"collection_font_weight":500,"collection_spacing":0,"count_font_size":14,"count_font_weight":400,"autoplay":false,"loop":false,"show_arrow":false,"carousel_pagination":"carousel_none","reveal_on_scroll":false,"padding_top":0,"padding_bottom":0,"reset_spacing":false}},"67d9750c-1857-4df0-9a1d-682969b34ee0":{"type":"collection-link","blocks":{"template--17096784150771__67d9750c-1857-4df0-9a1d-682969b34ee0-link_item-1":{"type":"link_item","settings":{"title_collection":"Buzos Algodon","collection":"buzos-algodon-hombre"}},"template--17096784150771__67d9750c-1857-4df0-9a1d-682969b34ee0-link_item-2":{"type":"link_item","settings":{"title_collection":"Buzos Canguro","collection":"buzos-canguro-hombre"}},"ebf6c72e-984f-4d6d-b280-981185bf7e6e":{"type":"link_item","settings":{"title_collection":"Buzos Capucha","collection":"buzos-capucha-hombre"}},"69e0f6d0-5734-4f62-8d86-d16a93ce61a0":{"type":"link_item","settings":{"title_collection":"Buzos Oversize","collection":"buzos-oversize-hombre"}}},"block_order":["template--17096784150771__67d9750c-1857-4df0-9a1d-682969b34ee0-link_item-1","template--17096784150771__67d9750c-1857-4df0-9a1d-682969b34ee0-link_item-2","ebf6c72e-984f-4d6d-b280-981185bf7e6e","69e0f6d0-5734-4f62-8d86-d16a93ce61a0"],"disabled":true,"settings":{"heading_logo_svg":"","heading":"Tipos de Buzos Hombre","description":"","text_alignment":"text-left","container":"container-fluid","color_scheme":"","show_count_product":false,"content_width_box_link":100,"link_font_size":16,"link_font_weight":400,"collection_type":"link","column_gap":20,"padding_top":20,"padding_bottom":40,"reset_spacing":false}},"1aaaa8f3-270d-4c79-8cbe-8f42812af813":{"type":"collection-link","blocks":{"3a7ce7d8-3e06-4549-b0a1-ac6c515e3a92":{"type":"link_item","settings":{"title_collection":"Buzos Negros","collection":"buzos-negros-hombre"}},"65f3dbbb-778b-49a4-888b-6cbe741ec60c":{"type":"link_item","settings":{"title_collection":"Buzos Blancos","collection":"buzos-blancos-hombre"}},"91204737-1aa6-41a4-b36a-385d4bf9bf52":{"type":"link_item","disabled":true,"settings":{"title_collection":"Musculosas","collection":"musculosas-hombre"}},"addcd5e8-5500-41e4-8e9e-cc734c654a3d":{"type":"link_item","disabled":true,"settings":{"title_collection":"Chombas","collection":"chombas-hombre"}}},"block_order":["3a7ce7d8-3e06-4549-b0a1-ac6c515e3a92","65f3dbbb-778b-49a4-888b-6cbe741ec60c","91204737-1aa6-41a4-b36a-385d4bf9bf52","addcd5e8-5500-41e4-8e9e-cc734c654a3d"],"disabled":true,"settings":{"heading_logo_svg":"","heading":"El Mejor Color para Buzos","description":"","text_alignment":"text-left","container":"container-fluid","color_scheme":"","show_count_product":false,"content_width_box_link":100,"link_font_size":16,"link_font_weight":400,"collection_type":"link","column_gap":20,"padding_top":20,"padding_bottom":40,"reset_spacing":false}},"9fdf1c67-e4a0-4533-af21-0870b1708937":{"type":"collection-link","blocks":{"33b0cc4e-62e3-48a0-a8b1-8058379ac961":{"type":"link_item","settings":{"title_collection":"Buzos Dc","collection":"buzos-dc-hombre"}},"c8d540ec-f307-4549-b5db-8242e2a3b471":{"type":"link_item","settings":{"title_collection":"Buzos Thrasher","collection":"buzos-thrasher-hombre"}},"db41ae1c-500d-4d63-9341-f87093a99435":{"type":"link_item","settings":{"title_collection":"Buzos Vans","collection":"buzos-vans-hombre"}},"421a3f59-8ac3-4e40-8044-a39b5d931514":{"type":"link_item","settings":{"title_collection":"Buzos Quiksilver","collection":"buzos-quiksilver"}},"985580fc-8014-4b46-a8e2-4af4cd187e34":{"type":"link_item","settings":{"title_collection":"Buzos NotYou","collection":"buzos-notyou"}},"5dfd4786-2a38-4d13-b68b-dac4db4aa39f":{"type":"link_item","settings":{"title_collection":"Buzos Champion","collection":"buzos-champion-hombre"}},"45abfde8-563b-4a99-8f89-9a01611396ef":{"type":"link_item","settings":{"title_collection":"Buzos Grizzly","collection":"buzos-grizzly"}},"ae20792b-6d52-44d2-b2c4-59762daeaa46":{"type":"link_item","disabled":true,"settings":{"title_collection":"Remeras Creature","collection":"remeras-creature-hombre"}},"238997fc-7300-4ff3-b318-00cc05715953":{"type":"link_item","disabled":true,"settings":{"title_collection":"Remeras Converse","collection":"remeras-converse-hombre"}}},"block_order":["33b0cc4e-62e3-48a0-a8b1-8058379ac961","c8d540ec-f307-4549-b5db-8242e2a3b471","db41ae1c-500d-4d63-9341-f87093a99435","421a3f59-8ac3-4e40-8044-a39b5d931514","985580fc-8014-4b46-a8e2-4af4cd187e34","5dfd4786-2a38-4d13-b68b-dac4db4aa39f","45abfde8-563b-4a99-8f89-9a01611396ef","ae20792b-6d52-44d2-b2c4-59762daeaa46","238997fc-7300-4ff3-b318-00cc05715953"],"disabled":true,"settings":{"heading_logo_svg":"","heading":"Tops Marcas","description":"","text_alignment":"text-left","container":"container-fluid","color_scheme":"default-color-scheme","show_count_product":false,"content_width_box_link":100,"link_font_size":16,"link_font_weight":400,"collection_type":"link","column_gap":20,"padding_top":0,"padding_bottom":0,"reset_spacing":false}}},"order":["ad5b88b9-7c73-40d8-a7e0-60b6519d3f30","b95bf1ad-ba57-434a-bbe3-b729443926a1","custom_liquid_QnWRqA","main-collection-heading","439e38df-206c-40a8-9cd5-fc0e5f00f9d3","product-grid","sub-collection","67d9750c-1857-4df0-9a1d-682969b34ee0","1aaaa8f3-270d-4c79-8cbe-8f42812af813","9fdf1c67-e4a0-4533-af21-0870b1708937"]}