{"sections":{"79ffad59-0770-4df4-af93-67c0dec3be8b":{"type":"custom-liquid","custom_css":["h1 {font-size: 24px; text-transform: uppercase;}"],"settings":{"heading_logo_svg":"","heading":"","description":"","text_alignment":"text-center","container":"container","color_scheme":"scheme-013ccfbf-beb5-42e6-bc8f-8a36ab634ca7","content_liquid":"<div><h1 style=\"margin-bottom:0px;\">{{ collection.title }}<\/h1> TIENDA OFICIAL<img align=\"18px\" src=\"https:\/\/cdn.shopify.com\/s\/files\/1\/0594\/7506\/7048\/files\/verificado.png?v=1651943726\" alt=\"Verificado\" style=\"height:16px;\"\/><\/div>","padding_top":0,"padding_bottom":0,"reset_spacing":false}},"main-collection-heading":{"type":"main-collection-heading","blocks":{"f06a38ad-a426-42c0-a5ff-48ae0218618e":{"type":"1","disabled":true,"settings":{"text_fs":30}}},"block_order":["f06a38ad-a426-42c0-a5ff-48ae0218618e"],"disabled":true,"custom_css":[],"settings":{"container":"container","color_scheme":"","show_banner":false,"use_collection_image":false,"min_height":0,"parallax":false,"show_overlay":false,"overlay":17,"design":"text-overlay-image","text_postion":"text-left"}},"439e38df-206c-40a8-9cd5-fc0e5f00f9d3":{"type":"spacing","disabled":true,"settings":{"spacing_desktop":30,"spacing_moible":10}},"7fdd7b17-d646-4c65-9673-bb58a208d1bf":{"type":"collection-packery","blocks":{"template--16811166073075__7fdd7b17-d646-4c65-9673-bb58a208d1bf-collection_item-2":{"type":"collection_item","disabled":true,"settings":{"title_collection":"camperas","collection":"camperas-mujer","image":"shopify:\/\/shop_images\/RX_223_AT-THE-SEASIDE_THOMASLGNR_590.webp"}},"template--16811166073075__7fdd7b17-d646-4c65-9673-bb58a208d1bf-collection_item-4":{"type":"collection_item","settings":{"title_collection":"zapatillas","collection":"zapatillas-mujer","image":"shopify:\/\/shop_images\/Zapatillas_Mujer3.jpg"}},"template--16811166073075__7fdd7b17-d646-4c65-9673-bb58a208d1bf-collection_item-5":{"type":"collection_item","settings":{"title_collection":"Remeras","collection":"remeras-mujer","image":"shopify:\/\/shop_images\/Remeras_Mujer_1.jpg"}},"template--16811166073075__7fdd7b17-d646-4c65-9673-bb58a208d1bf-collection_item-3":{"type":"collection_item","settings":{"title_collection":"pantalones","collection":"pantalones-mujer","image":"shopify:\/\/shop_images\/Pantalones_Mujer_59dc7b80-e235-4c45-bed8-08f4d949e309.jpg"}},"template--16811166073075__7fdd7b17-d646-4c65-9673-bb58a208d1bf-collection_item-1":{"type":"collection_item","settings":{"title_collection":"Buzos","collection":"buzos-mujer","image":"shopify:\/\/shop_images\/erjft04547-roxy-turquoise-nocolor-ref_T5A3826.webp"}}},"block_order":["template--16811166073075__7fdd7b17-d646-4c65-9673-bb58a208d1bf-collection_item-2","template--16811166073075__7fdd7b17-d646-4c65-9673-bb58a208d1bf-collection_item-4","template--16811166073075__7fdd7b17-d646-4c65-9673-bb58a208d1bf-collection_item-5","template--16811166073075__7fdd7b17-d646-4c65-9673-bb58a208d1bf-collection_item-3","template--16811166073075__7fdd7b17-d646-4c65-9673-bb58a208d1bf-collection_item-1"],"custom_css":[],"settings":{"heading_logo_svg":"","heading":"","description":"","text_alignment":"text-center","container":"container-fluid","color_scheme":"","hover_effect":"zoom","show_count_product":false,"image_ratio":"4\/3","custom_ratio":"21:16","column_gap":15,"padding_top":0,"padding_bottom":0,"reset_spacing":false}},"product-grid":{"type":"main-collection-product","blocks":{"35c81196-1f20-4b1d-98e4-1bea284fe6d7":{"type":"categories","disabled":true,"settings":{"title":"Category","menu":""}},"3b46edaf-55ef-46a8-b8fe-a6eb39ade3a8":{"type":"filter_by_dynamic","settings":{}},"2039056a-3cc3-4534-a522-d35bdfbaef6c":{"type":"popular_product","disabled":true,"settings":{"title":"Featured Product","collection":"sweaters","type_product":"list","maximum":3}},"8fe431f8-91f7-4b21-a605-4b55df7293e1":{"type":"image_banner","disabled":true,"settings":{"url":"shopify:\/\/products\/colorful-wind-coats","open_link":false}}},"block_order":["35c81196-1f20-4b1d-98e4-1bea284fe6d7","3b46edaf-55ef-46a8-b8fe-a6eb39ade3a8","2039056a-3cc3-4534-a522-d35bdfbaef6c","8fe431f8-91f7-4b21-a605-4b55df7293e1"],"custom_css":[".btn-filter {position: fixed; z-index: 4; bottom: 0%; left: 50%; transform: translateX(-50%); width: 100%; height: 50px; justify-content: center; background-color: #f6f6f6; color: black; border-color: #f6f6f6; font-size: 15px; box-shadow: rgba(60, 64, 67, 0.3) 0px 1px 2px 0px, rgba(60, 64, 67, 0.15) 0px 2px 6px 2px;}"],"settings":{"container":"container-fluid","enable_list_view":false,"products_column":3,"number_products_grid":24,"number_products_list":4,"pagination":"infinit_scrolling","product_page_count":true,"product_sort_options":true,"progress_bar":false,"enable_sidebar":true,"sidebar_position":"left_sidebar","show_count":true}},"de724fe5-2a8e-4ddc-af7e-807eeaa191d6":{"type":"faq","blocks":{"template--16809260810483__de724fe5-2a8e-4ddc-af7e-807eeaa191d6-1686680998c6bd223d-0":{"type":"faq","disabled":true,"settings":{"title":"¿Cuales son los modelos de zapatillas DC?","content":"<p>En Indy, ofrecemos una amplia gama de zapatillas para satisfacer todas tus necesidades y estilos. Nuestros modelos populares incluyen las zapatillas Court Graffik, las zapatillas Manteca, las zapatillas Midway y las <a href=\"\/collections\/zapatillas-dc-pure\" title=\"Zapatillas Dc Pure\"><strong>Zapatillas Dc Pure<\/strong><\/a>. También tenemos zapatillas de skate con suela reforzada, como las zapatillas Net y las zapatillas E.Tribeka. Además, ofrecemos una selección de zapatillas de lona, de cuero y de ante, así como una variedad de colores como zapatillas dc negras y estampados.<\/p>"}},"template--16809260810483__de724fe5-2a8e-4ddc-af7e-807eeaa191d6-1686680998c6bd223d-1":{"type":"faq","disabled":true,"settings":{"title":"¿Son las zapatillas dc para hombre y mujer?","content":"<p>¡Sí, tenemos zapatillas tanto para hombres como para mujeres! Nuestra amplia gama de zapatillas incluye estilos populares para ambos géneros, y ofrecemos una gran variedad de modelos y estilos para que puedas encontrar el par perfecto para vos<\/p>"}},"e2f87a53-5eb8-4aa5-968a-563e40561cb7":{"type":"faq","disabled":true,"settings":{"title":"¿Como saber si unas zapatillas Dc son originales?","content":"<p>En Indy, nos tomamos muy en serio la calidad y autenticidad de nuestras zapatillas. <\/p><p>Por eso, si deseas asegurarte de que estás comprando un par de zapatillas originales de DC, hay algunas cosas que puedes buscar. Primero, verifica el embalaje de las zapatillas. Las zapatillas originales de DC vienen en una caja de cartón resistente con el logotipo de DC impreso en la parte superior. <\/p><p>También puedes verificar la etiqueta de la zapatilla, que debe tener el logotipo de DC impreso y el nombre del modelo de la zapatilla. <\/p><p>Además, las zapatillas originales de DC tienen una suela de goma de alta calidad con el logotipo de DC impreso en la parte inferior. <\/p><p>Si tienes dudas sobre la autenticidad de un par de zapatillas de DC, no dudes en contactarnos para obtener más información.<\/p>"}},"3bf97df5-429f-4025-81d3-c0630f99f10a":{"type":"faq","disabled":true,"settings":{"title":"¿Se estiran las zapatillas Vans?","content":"<p>Absolutamente, además de sus icónicas zapatillas, Vans ofrece una variedad de ropa y accesorios. Esto incluye remeras, buzos, gorras, mochilas y más, todos diseñados con el estilo único y desenfadado de Vans.<\/p>"}},"762bb606-5c88-4205-91fb-1d30972cdbb3":{"type":"faq","disabled":true,"settings":{"title":"¿Vans ofrece más que solo zapatillas?","content":"<p>Absolutamente, además de sus icónicas zapatillas, Vans ofrece una variedad de ropa y accesorios. Esto incluye remeras, buzos, gorras, mochilas y más, todos diseñados con el estilo único y desenfadado de Vans.<\/p>"}}},"block_order":["template--16809260810483__de724fe5-2a8e-4ddc-af7e-807eeaa191d6-1686680998c6bd223d-0","template--16809260810483__de724fe5-2a8e-4ddc-af7e-807eeaa191d6-1686680998c6bd223d-1","e2f87a53-5eb8-4aa5-968a-563e40561cb7","3bf97df5-429f-4025-81d3-c0630f99f10a","762bb606-5c88-4205-91fb-1d30972cdbb3"],"custom_css":[".border-bottom {border-radius: 25px; box-shadow: rgba(100, 100, 111, 0.2) 0px 7px 29px 0px; margin-bottom: 10px; padding-left: 10px;}"],"settings":{"heading_logo_svg":"","heading":"Tienda de Ropa de Mujer Argentina","description":"<p>La ropa de mujer es una amplia categoría que incluye una gran variedad de prendas, desde ropa de diario hasta ropa de fiesta. Las mujeres de todas las edades y estilos buscan ropa que sea cómoda, elegante y que les haga sentir seguras.<\/p><ul><li><strong>Ropa de diario:<\/strong> es la ropa que se usa para el día a día. Incluye prendas como <a href=\"https:\/\/www.indy.com.ar\/collections\/pantalones-mujer\" title=\"Pantalones Mujer\">pantalones<\/a>, faldas, <a href=\"https:\/\/www.indy.com.ar\/collections\/vestidos-enterizos\" title=\"Vestidos\">vestidos<\/a>, blusas, <a href=\"https:\/\/www.indy.com.ar\/collections\/remeras-mujer\" title=\"Remeras Mujer\">remeras<\/a>, etc.<\/li><li><strong>Ropa de fiesta:<\/strong> ropa que se usa para ocasiones especiales, como bodas, fiestas de cumpleaños, etc. Incluye prendas como vestidos de cóctel, vestidos de noche, etc.<\/li><li><strong>Ropa de trabajo:<\/strong> se usa para ir al trabajo. Incluye prendas como pantalones, faldas, vestidos, trajes, etc.<\/li><li><strong>Ropa deportiva:<\/strong> se usa para practicar deportes. Incluye prendas como <a href=\"https:\/\/www.indy.com.ar\/collections\/pantalones-mujer\" title=\"Pantalones Mujer\">pantalones<\/a>, <a href=\"https:\/\/www.indy.com.ar\/collections\/remeras-mujer\" title=\"Remeras Mujer\">remeras<\/a>, <a href=\"https:\/\/www.indy.com.ar\/collections\/tops-mujer\" title=\"Tops\">tops<\/a>, etc.<\/li><li><strong>Ropa de baño:<\/strong> se usa para ir a la playa o a la piscina. Incluye prendas como <a href=\"https:\/\/www.indy.com.ar\/collections\/bikinis\" title=\"Bikinis\">bikinis<\/a>, bañadores, etc.<\/li><\/ul><p>La indumentaria femenina es una parte importante de la identidad de las mujeres. Es una forma de expresar su estilo personal y de sentirse cómodas y seguras en su propia piel.<\/p>","text_alignment":"text-left","container":"container","color_scheme":"","padding_top":0,"padding_bottom":0,"reset_spacing":false}}},"order":["79ffad59-0770-4df4-af93-67c0dec3be8b","main-collection-heading","439e38df-206c-40a8-9cd5-fc0e5f00f9d3","7fdd7b17-d646-4c65-9673-bb58a208d1bf","product-grid","de724fe5-2a8e-4ddc-af7e-807eeaa191d6"]}