{"sections":{"b95bf1ad-ba57-434a-bbe3-b729443926a1":{"type":"custom-liquid","settings":{"heading_logo_svg":"","heading":"","description":"","text_alignment":"text-center","container":"container","color_scheme":"scheme-013ccfbf-beb5-42e6-bc8f-8a36ab634ca7","content_liquid":"<h1 style=\"margin-bottom:0px;text-transform:uppercase;font-size:20px;\">{%- if current_tags %} {{ current_tags | join: ', ' }} {% endif -%}{{ collection.title }}<\/h1> TIENDA OFICIAL<img align=\"18px\" src=\"https:\/\/cdn.shopify.com\/s\/files\/1\/0594\/7506\/7048\/files\/verificado.png?v=1651943726\" alt=\"Verificado\" style=\"height:16px;width:16px;\"\/>","padding_top":0,"padding_bottom":0,"reset_spacing":false}},"collection_list_m7FbBB":{"type":"collection-list","blocks":{"collection_item_Chb3b4":{"type":"collection_item","settings":{"title_collection":"Zapatillas","collection":"zapatillas-timberland"}},"collection_item_X774nb":{"type":"collection_item","settings":{"title_collection":"Botas","collection":"botas-timberland"}},"collection_item_6Uayhe":{"type":"collection_item","settings":{"title_collection":"Remeras","collection":"remeras-timberland"}},"collection_item_yXTKqk":{"type":"collection_item","settings":{"title_collection":"Sandalias","collection":"sandalias-timberland"}},"collection_item_RwJg8D":{"type":"collection_item","settings":{"title_collection":"Buzos","collection":"buzos-timberland"}},"collection_item_dbBKqJ":{"type":"collection_item","settings":{"title_collection":"Camperas","collection":"camperas-timberland"}}},"block_order":["collection_item_Chb3b4","collection_item_X774nb","collection_item_6Uayhe","collection_item_yXTKqk","collection_item_RwJg8D","collection_item_dbBKqJ"],"settings":{"heading_logo_svg":"","heading":"","description":"","text_alignment":"text-center","container":"container","color_scheme":"","design_layout":"carousel","design_collection":"design-3","hover_effect":"zoom","show_count_product":false,"custom_width_images":false,"width_image":200,"images_style":false,"image_ratio":"original","custom_ratio":"21:9","custom_column":5,"column_gap":30,"collection_font_size":16,"collection_font_weight":500,"collection_spacing":0,"count_font_size":14,"count_font_weight":400,"autoplay":false,"loop":false,"show_arrow":false,"carousel_pagination":"carousel_none","reveal_on_scroll":false,"padding_top":0,"padding_bottom":0,"reset_spacing":false}},"main-collection-heading":{"type":"main-collection-heading","blocks":{"f06a38ad-a426-42c0-a5ff-48ae0218618e":{"type":"1","settings":{"text_fs":45}}},"block_order":["f06a38ad-a426-42c0-a5ff-48ae0218618e"],"disabled":true,"settings":{"container":"container","color_scheme":"scheme-b808185a-cae7-47ba-9fe9-7d81ddf7e485","show_banner":true,"use_collection_image":false,"min_height":200,"parallax":false,"show_overlay":false,"overlay":54,"design":"text-overlay-image","text_postion":"text-center"}},"439e38df-206c-40a8-9cd5-fc0e5f00f9d3":{"type":"spacing","settings":{"spacing_desktop":30,"spacing_moible":10}},"product-grid":{"type":"main-collection-product","blocks":{"35c81196-1f20-4b1d-98e4-1bea284fe6d7":{"type":"categories","disabled":true,"settings":{"title":"Colección","menu":"remeras-rip-curl"}},"3b46edaf-55ef-46a8-b8fe-a6eb39ade3a8":{"type":"filter_by_dynamic","settings":{}},"2039056a-3cc3-4534-a522-d35bdfbaef6c":{"type":"popular_product","disabled":true,"settings":{"title":"Featured Product","collection":"sweaters","type_product":"list","maximum":3}},"8fe431f8-91f7-4b21-a605-4b55df7293e1":{"type":"image_banner","disabled":true,"settings":{"url":"shopify:\/\/products\/colorful-wind-coats","open_link":false}}},"block_order":["35c81196-1f20-4b1d-98e4-1bea284fe6d7","3b46edaf-55ef-46a8-b8fe-a6eb39ade3a8","2039056a-3cc3-4534-a522-d35bdfbaef6c","8fe431f8-91f7-4b21-a605-4b55df7293e1"],"custom_css":[".btn-filter {position: fixed; z-index: 4; bottom: 0%; left: 50%; transform: translateX(-50%); width: 100%; height: 50px; justify-content: center; background-color: #f6f6f6; color: black; border-color: #f6f6f6; font-size: 15px; box-shadow: rgba(60, 64, 67, 0.3) 0px 1px 2px 0px, rgba(60, 64, 67, 0.15) 0px 2px 6px 2px;}",".special-price {color: black;}"],"settings":{"container":"container-fluid","enable_list_view":false,"products_column":3,"number_products_grid":24,"number_products_list":24,"pagination":"infinit_scrolling","product_page_count":true,"product_sort_options":true,"progress_bar":true,"enable_sidebar":true,"sidebar_position":"left_sidebar","show_count":false}},"sub-collection":{"type":"sub-collection","settings":{"heading":"","description":"<p><\/p>","text_alignment":"text-center","container":"container","color_scheme":"","design_layout":"carousel","design_collection":"design-1","hover_effect":"zoom","show_count_product":true,"hide_image_collection":false,"collection_center":false,"custom_width_images":false,"width_image":200,"images_style":"square","image_ratio":"3\/4","custom_ratio":"21:9","custom_column":6,"column_gap":30,"collection_font_size":16,"collection_font_weight":500,"collection_spacing":0,"count_font_size":14,"count_font_weight":400,"autoplay":false,"loop":false,"show_arrow":false,"carousel_pagination":"carousel_none","reveal_on_scroll":false,"padding_top":0,"padding_bottom":0,"reset_spacing":false}}},"order":["b95bf1ad-ba57-434a-bbe3-b729443926a1","collection_list_m7FbBB","main-collection-heading","439e38df-206c-40a8-9cd5-fc0e5f00f9d3","product-grid","sub-collection"]}