{"sections":{"ad5b88b9-7c73-40d8-a7e0-60b6519d3f30":{"type":"scrolling-text","blocks":{"template--17082272252147__ad5b88b9-7c73-40d8-a7e0-60b6519d3f30-scrolling_text-1":{"type":"scrolling_text","settings":{"content":"<p>HASTA <strong>40%OFF + 12<\/strong> CUOTAS <strong>SIN INTERÉS<\/strong><\/p>","text_link":""}},"template--17082272252147__ad5b88b9-7c73-40d8-a7e0-60b6519d3f30-scrolling_text-2":{"type":"scrolling_text","settings":{"content":"<p>HOT SALE 2025<\/p>","text_link":""}},"template--17082272252147__ad5b88b9-7c73-40d8-a7e0-60b6519d3f30-scrolling_text-3":{"type":"scrolling_text","disabled":true,"settings":{"content":"<p>FREE DELIVERY AND RETURNS FROM $120<\/p>","text_link":""}},"template--17082272252147__ad5b88b9-7c73-40d8-a7e0-60b6519d3f30-scrolling_text-4":{"type":"scrolling_text","disabled":true,"settings":{"content":"<p>FREE DELIVERY AND RETURNS FROM $120<\/p>","text_link":""}}},"block_order":["template--17082272252147__ad5b88b9-7c73-40d8-a7e0-60b6519d3f30-scrolling_text-1","template--17082272252147__ad5b88b9-7c73-40d8-a7e0-60b6519d3f30-scrolling_text-2","template--17082272252147__ad5b88b9-7c73-40d8-a7e0-60b6519d3f30-scrolling_text-3","template--17082272252147__ad5b88b9-7c73-40d8-a7e0-60b6519d3f30-scrolling_text-4"],"settings":{"container":"container","color_scheme":"scheme-4e2829e1-a162-4726-850f-b9f27dd45db4","s_text_color":"#111111","text_font_size":16,"text_font_weight":500,"text_time":30,"text_spacing":50,"text_title":false,"spacing_icon":"icon_line","padding_top":0,"padding_bottom":0,"reset_spacing":true}},"b95bf1ad-ba57-434a-bbe3-b729443926a1":{"type":"custom-liquid","settings":{"heading_logo_svg":"","heading":"","description":"","text_alignment":"text-center","container":"container","color_scheme":"scheme-9b4b4faf-eb5e-4411-a80a-f37b0d5ec64a","content_liquid":"<h1 style=\"margin-bottom:0px;text-transform:uppercase;font-size:20px;\"> {%- if current_tags %} {{ current_tags | join: ', ' }} {% endif -%}{{ collection.title }}<\/h1> TIENDA OFICIAL<img align=\"18px\" src=\"https:\/\/cdn.shopify.com\/s\/files\/1\/0594\/7506\/7048\/files\/verificado.png?v=1651943726\" alt=\"Verificado\" style=\"height:16px;width:16px;\"\/>","padding_top":0,"padding_bottom":0,"reset_spacing":true}},"collection_list_gR9JFb":{"type":"collection-list","blocks":{"collection_item_3HhUjW":{"type":"collection_item","settings":{"title_collection":"Mas Vendidos","collection":"hotsale","image":"shopify:\/\/shop_images\/Diseno_sin_titulo_39.webp"}},"collection_item_AggcFy":{"type":"collection_item","settings":{"title_collection":"Zapatillas","collection":"hot-sale-zapatillas","image":"shopify:\/\/shop_images\/Diseno_sin_titulo_32.webp"}},"collection_item_dY9zE8":{"type":"collection_item","settings":{"title_collection":"Botas","collection":"hot-sale-botas","image":"shopify:\/\/shop_images\/Diseno_sin_titulo_4_7166760e-702b-4e86-95b2-50efce04e1c5.jpg"}},"collection_item_pJfm6g":{"type":"collection_item","settings":{"title_collection":"Remeras","collection":"hot-sale-remeras","image":"shopify:\/\/shop_images\/Diseno_sin_titulo_36.webp"}},"collection_item_3FKTLw":{"type":"collection_item","settings":{"title_collection":"Buzos","collection":"hot-sale-buzos","image":"shopify:\/\/shop_images\/Diseno_sin_titulo_35.webp"}},"collection_item_JfDGeN":{"type":"collection_item","settings":{"title_collection":"Camperas","collection":"hot-sale-camperas","image":"shopify:\/\/shop_images\/Diseno_sin_titulo_34_824a5a07-d83f-489c-a1c9-08cca51e914e.png"}},"collection_item_hpfRck":{"type":"collection_item","settings":{"title_collection":"Accesorios","collection":"hot-sale-accesorios","image":"shopify:\/\/shop_images\/Diseno_sin_titulo_33.webp"}},"collection_item_76cGa4":{"type":"collection_item","settings":{"title_collection":"Outdoor","collection":"hot-sale-outdoor","image":"shopify:\/\/shop_images\/Diseno_sin_titulo_3_f29d9d0c-89af-44cd-a338-c79cffae5031.jpg"}}},"block_order":["collection_item_3HhUjW","collection_item_AggcFy","collection_item_dY9zE8","collection_item_pJfm6g","collection_item_3FKTLw","collection_item_JfDGeN","collection_item_hpfRck","collection_item_76cGa4"],"custom_css":[".bls__collection-image {border-radius: 4px;}",".bls__collection {border-bottom-right-radius: 8px; border-bottom-left-radius: 8px;}"],"settings":{"heading_logo_svg":"","heading":"","description":"","text_alignment":"text-center","container":"container","color_scheme":"scheme-9b4b4faf-eb5e-4411-a80a-f37b0d5ec64a","design_layout":"carousel","design_collection":"design-2","hover_effect":"zoom","show_count_product":false,"custom_width_images":false,"width_image":200,"images_style":false,"image_ratio":"1\/1","custom_ratio":"21:9","custom_column":6,"column_gap":30,"collection_font_size":16,"collection_font_weight":500,"collection_spacing":0,"count_font_size":14,"count_font_weight":400,"autoplay":false,"loop":false,"show_arrow":false,"carousel_pagination":"carousel_none","reveal_on_scroll":false,"padding_top":10,"padding_bottom":0,"reset_spacing":true}},"main-collection-heading":{"type":"main-collection-heading","blocks":{"f06a38ad-a426-42c0-a5ff-48ae0218618e":{"type":"1","settings":{"text_fs":45}}},"block_order":["f06a38ad-a426-42c0-a5ff-48ae0218618e"],"disabled":true,"settings":{"container":"container","color_scheme":"scheme-b808185a-cae7-47ba-9fe9-7d81ddf7e485","show_banner":true,"use_collection_image":false,"min_height":200,"parallax":false,"show_overlay":false,"overlay":54,"design":"text-overlay-image","text_postion":"text-center"}},"439e38df-206c-40a8-9cd5-fc0e5f00f9d3":{"type":"spacing","settings":{"spacing_desktop":30,"spacing_moible":10}},"product-grid":{"type":"main-collection-product","blocks":{"35c81196-1f20-4b1d-98e4-1bea284fe6d7":{"type":"categories","disabled":true,"settings":{"title":"Colección","menu":"remeras-rip-curl"}},"3b46edaf-55ef-46a8-b8fe-a6eb39ade3a8":{"type":"filter_by_dynamic","settings":{}},"2039056a-3cc3-4534-a522-d35bdfbaef6c":{"type":"popular_product","disabled":true,"settings":{"title":"Featured Product","collection":"sweaters","type_product":"list","maximum":3}},"8fe431f8-91f7-4b21-a605-4b55df7293e1":{"type":"image_banner","disabled":true,"settings":{"url":"shopify:\/\/products\/colorful-wind-coats","open_link":false}}},"block_order":["35c81196-1f20-4b1d-98e4-1bea284fe6d7","3b46edaf-55ef-46a8-b8fe-a6eb39ade3a8","2039056a-3cc3-4534-a522-d35bdfbaef6c","8fe431f8-91f7-4b21-a605-4b55df7293e1"],"custom_css":[".btn-filter {position: fixed; z-index: 4; bottom: 3%; left: 50%; transform: translateX(-50%); width: 75%; justify-content: center; background-color: #43d5b0; color: black; border-color: #43d5b0; font-size: 15px; box-shadow: rgba(0, 0, 0, 0.12) 0px 1px 3px, rgba(0, 0, 0, 0.24) 0px 1px 2px;}",".filter-title {color: black;}",".special-price {color: black;}"],"settings":{"container":"container-fluid","enable_list_view":false,"products_column":3,"number_products_grid":24,"number_products_list":24,"pagination":"infinit_scrolling","product_page_count":true,"product_sort_options":true,"progress_bar":true,"enable_sidebar":true,"sidebar_position":"left_sidebar","show_count":false}},"sub-collection":{"type":"sub-collection","settings":{"heading":"","description":"<p><\/p>","text_alignment":"text-center","container":"container","color_scheme":"","design_layout":"carousel","design_collection":"design-1","hover_effect":"zoom","show_count_product":true,"hide_image_collection":false,"collection_center":false,"custom_width_images":false,"width_image":200,"images_style":"square","image_ratio":"3\/4","custom_ratio":"21:9","custom_column":6,"column_gap":30,"collection_font_size":16,"collection_font_weight":500,"collection_spacing":0,"count_font_size":14,"count_font_weight":400,"autoplay":false,"loop":false,"show_arrow":false,"carousel_pagination":"carousel_none","reveal_on_scroll":false,"padding_top":0,"padding_bottom":0,"reset_spacing":false}},"faq_e3imzr":{"type":"faq","disabled":true,"settings":{"heading_logo_svg":"","heading":"Zapatillas Dc Court Graffik","description":"<p>Son zapatillas de skate de estilo clásico de la marca DC Shoes. Son cómodas, duraderas y versátiles, lo que las hace ideales para el uso diario, el skateboarding y otras actividades deportivas.<\/p>","text_alignment":"text-left","container":"container","color_scheme":"","padding_top":0,"padding_bottom":0,"reset_spacing":false}},"faq_Wk3myd":{"type":"faq","disabled":true,"settings":{"heading_logo_svg":"","heading":"","description":"<h5>Parte Superior<\/h5><p>La parte superior de las dc court graffik está hecha de cuero, nobuck o ante, dependiendo del color del modelo. La lengüeta y el cuello están acolchados con espuma para un mayor confort y sujeción. La suela tiene el dibujo Pill Pattern, que proporciona una buena tracción y durabilidad.<\/p><p>El cuero es el material más duradero, pero también el más caro. El nobuck es un material más ligero y transpirable que el cuero, pero también es menos duradero. El ante es un material suave y flexible que ofrece un buen confort.<\/p><h5>Suela<\/h5><p>La suela de las dc shoes court graffik es de tipo cupsole, lo que significa que la entresuela y la suela exterior están unidas en una sola pieza. Este tipo de suela ofrece una mayor protección y amortiguación que las suelas de dos piezas.<\/p><p>La suela exterior tiene el dibujo Pill Pattern, que proporciona una buena tracción en superficies lisas y rugosas.<\/p><h5>Lengüeta y Cuello<\/h5><p>La lengüeta de las dc graffik es ligera y de malla. La malla proporciona una buena transpirabilidad, lo que ayuda a mantener los pies frescos y secos.<\/p><p>El cuello de las graffik dc está acolchado con espuma para un mayor confort y sujeción.<\/p>","text_alignment":"text-left","container":"container","color_scheme":"","padding_top":0,"padding_bottom":0,"reset_spacing":false}},"banner_image_mQy6xt":{"type":"banner-image","blocks":{"image_banner_yPdp7c":{"type":"image_banner","settings":{"banner_width":"12","banner_type":"image","image":"shopify:\/\/shop_images\/Sin_titulo_1920_x_566_px_374fde76-69f2-48e3-b72e-c261e2d6c142.gif","video_url":"https:\/\/www.youtube.com\/watch?v=_9VUPq3SxOc","link":"","open_link":"_blank","subtext":"","title":"","content":"","btn_content":"","button_type":"primary"}},"image_banner_9NYX63":{"type":"image_banner","disabled":true,"settings":{"banner_width":"6","banner_type":"image","video_url":"https:\/\/www.youtube.com\/watch?v=_9VUPq3SxOc","link":"","open_link":"_blank","subtext":"Subtext","title":"Heading","content":"<p>Description<\/p>","btn_content":"Shop now","button_type":"primary"}}},"block_order":["image_banner_yPdp7c","image_banner_9NYX63"],"disabled":true,"settings":{"heading_logo_svg":"","heading":"","description":"","text_alignment":"text-center","container":"container","color_scheme":"","column_gap":30,"layout_on_mobile":false,"design_banner":"text-overlay-image","design_content":"default","text_align":"text-left","hover_effect":"zoom","h_font_size":36,"h_font_weight":"default","h_spacing":10,"sub_font_size":18,"sub_font_weight":"default","sub_spacing":10,"des_font_size":16,"des_font_weight":"default","des_spacing":30,"image_behavior":"none","text_position":"top","content_on_mobile":false,"reset_color_mb":false,"padding_top":0,"padding_bottom":0,"reset_spacing":false}}},"order":["ad5b88b9-7c73-40d8-a7e0-60b6519d3f30","b95bf1ad-ba57-434a-bbe3-b729443926a1","collection_list_gR9JFb","main-collection-heading","439e38df-206c-40a8-9cd5-fc0e5f00f9d3","product-grid","sub-collection","faq_e3imzr","faq_Wk3myd","banner_image_mQy6xt"]}