{"sections":{"ad5b88b9-7c73-40d8-a7e0-60b6519d3f30":{"type":"scrolling-text","blocks":{"template--17082272252147__ad5b88b9-7c73-40d8-a7e0-60b6519d3f30-scrolling_text-1":{"type":"scrolling_text","settings":{"content":"<p>DESAFIA LOS LÍMITES<\/p>","text_link":""}},"template--17082272252147__ad5b88b9-7c73-40d8-a7e0-60b6519d3f30-scrolling_text-2":{"type":"scrolling_text","disabled":true,"settings":{"content":"<p>FREE DELIVERY AND RETURNS FROM $120<\/p>","text_link":""}},"template--17082272252147__ad5b88b9-7c73-40d8-a7e0-60b6519d3f30-scrolling_text-3":{"type":"scrolling_text","disabled":true,"settings":{"content":"<p>FREE DELIVERY AND RETURNS FROM $120<\/p>","text_link":""}},"template--17082272252147__ad5b88b9-7c73-40d8-a7e0-60b6519d3f30-scrolling_text-4":{"type":"scrolling_text","disabled":true,"settings":{"content":"<p>FREE DELIVERY AND RETURNS FROM $120<\/p>","text_link":""}}},"block_order":["template--17082272252147__ad5b88b9-7c73-40d8-a7e0-60b6519d3f30-scrolling_text-1","template--17082272252147__ad5b88b9-7c73-40d8-a7e0-60b6519d3f30-scrolling_text-2","template--17082272252147__ad5b88b9-7c73-40d8-a7e0-60b6519d3f30-scrolling_text-3","template--17082272252147__ad5b88b9-7c73-40d8-a7e0-60b6519d3f30-scrolling_text-4"],"disabled":true,"settings":{"container":"container","color_scheme":"scheme-333208b2-f40a-411c-aa61-a64047ae205b","s_text_color":"#111111","text_font_size":16,"text_font_weight":500,"text_time":10,"text_spacing":50,"text_title":false,"spacing_icon":"icon_circle","padding_top":0,"padding_bottom":0,"reset_spacing":false}},"b95bf1ad-ba57-434a-bbe3-b729443926a1":{"type":"custom-liquid","settings":{"heading_logo_svg":"","heading":"","description":"","text_alignment":"text-center","container":"container","color_scheme":"scheme-013ccfbf-beb5-42e6-bc8f-8a36ab634ca7","content_liquid":"<h1 style=\"margin-bottom:0px;text-transform:uppercase;font-size:20px;\">{{ collection.title }}<\/h1> TIENDA OFICIAL<img align=\"18px\" src=\"https:\/\/cdn.shopify.com\/s\/files\/1\/0594\/7506\/7048\/files\/verificado.png?v=1651943726\" alt=\"Verificado\" style=\"height:16px;width:16px;\"\/>","padding_top":0,"padding_bottom":0,"reset_spacing":false}},"custom_liquid_cbhXMN":{"type":"custom-liquid","name":"t:sections.custom-liquid.name","settings":{"heading_logo_svg":"","heading":"","description":"","text_alignment":"text-center","container":"container","color_scheme":"","content_liquid":"<!-- Carousel de Talles para Collection Page (Remeras) -->\n<style>\n  .size-carousel-container {\n    max-width: 100%;\n    margin: px 0;\n    position: relative;\n    font-family: 'Poppins', -apple-system, BlinkMacSystemFont, sans-serif;\n  }\n  \n  .size-carousel-title {\n    font-size: 1.3rem;\n    font-weight: 600;\n    color: #333;\n    margin-bottom: 15px;\n    text-transform: uppercase;\n    letter-spacing: 0.5px;\n  }\n  \n  .size-grid {\n    display: grid;\n    grid-template-columns: repeat(auto-fit, minmax(55px, 1fr));\n    gap: 10px;\n    max-width: 800px;\n  }\n  \n  .size-item {\n    min-width: 55px;\n    height: 55px;\n    border: 1.5px solid #e5e5e5;\n    border-radius: 6px;\n    display: flex;\n    align-items: center;\n    justify-content: center;\n    font-size: 1rem;\n    font-weight: 600;\n    color: #555;\n    background: #f2f2f2;\n    cursor: pointer;\n    transition: all 0.25s ease;\n    text-decoration: none;\n    user-select: none;\n    position: relative;\n    flex-shrink: 0;\n    font-family: 'Poppins', -apple-system, BlinkMacSystemFont, sans-serif;\n  }\n  \n  .size-item:hover {\n    border-color: #00d4aa;\n    color: #00d4aa;\n    transform: scale(1.05);\n    box-shadow: 0 2px 8px rgba(0, 212, 170, 0.15);\n  }\n  \n  .size-item.active {\n    background: #00d4aa;\n    border-color: #00d4aa;\n    color: #fff;\n    transform: scale(1.05);\n    box-shadow: 0 4px 12px rgba(0, 212, 170, 0.25);\n    font-weight: 700;\n  }\n  \n  .size-item.active::after {\n    content: '';\n    position: absolute;\n    top: -3px;\n    right: -3px;\n    background: #fff;\n    border-radius: 50%;\n    width: 12px;\n    height: 12px;\n    box-shadow: 0 2px 4px rgba(0, 0, 0, 0.2);\n  }\n  \n  @media (max-width: 768px) {\n    .size-item {\n      min-width: 48px;\n      height: 48px;\n      font-size: 0.9rem;\n    }\n    \n    .size-grid {\n      grid-template-columns: repeat(auto-fit, minmax(48px, 1fr));\n      gap: 8px;\n    }\n  }\n  \n  @media (max-width: 480px) {\n    .size-grid {\n      grid-template-columns: repeat(6, 1fr);\n      gap: 6px;\n    }\n  }\n<\/style>\n\n<div class=\"size-carousel-container\">\n  <div class=\"size-carousel-title\">Seleccionar Talle:<\/div>\n  \n  <div class=\"size-grid\">\n    <a href=\"{{ collection.url }}?filter.v.option.talle=XS&filter.v.availability=1\" class=\"size-item\">XS<\/a>\n    <a href=\"{{ collection.url }}?filter.v.option.talle=S&filter.v.availability=1\" class=\"size-item\">S<\/a>\n    <a href=\"{{ collection.url }}?filter.v.option.talle=M&filter.v.availability=1\" class=\"size-item\">M<\/a>\n    <a href=\"{{ collection.url }}?filter.v.option.talle=L&filter.v.availability=1\" class=\"size-item\">L<\/a>\n    <a href=\"{{ collection.url }}?filter.v.option.talle=XL&filter.v.availability=1\" class=\"size-item\">XL<\/a>\n    <a href=\"{{ collection.url }}?filter.v.option.talle=XXL&filter.v.availability=1\" class=\"size-item\">XXL<\/a>\n  <\/div>\n<\/div>\n\n<script>\n  \/\/ Marcar talle activo basado en URL\n  document.addEventListener('DOMContentLoaded', function() {\n    const urlParams = new URLSearchParams(window.location.search);\n    const talleParams = urlParams.getAll('filter.v.option.talle');\n    \n    for (let talle of talleParams) {\n      const activeItem = document.querySelector(`a[href*=\"talle=${talle}&\"]`);\n      if (activeItem) {\n        activeItem.classList.add('active');\n      }\n    }\n  });\n<\/script>","padding_top":0,"padding_bottom":0,"reset_spacing":false}},"main-collection-heading":{"type":"main-collection-heading","blocks":{"f06a38ad-a426-42c0-a5ff-48ae0218618e":{"type":"1","settings":{"text_fs":45}}},"block_order":["f06a38ad-a426-42c0-a5ff-48ae0218618e"],"disabled":true,"settings":{"container":"container","color_scheme":"scheme-b808185a-cae7-47ba-9fe9-7d81ddf7e485","show_banner":true,"use_collection_image":false,"min_height":200,"parallax":false,"show_overlay":false,"overlay":54,"design":"text-overlay-image","text_postion":"text-center"}},"439e38df-206c-40a8-9cd5-fc0e5f00f9d3":{"type":"spacing","settings":{"spacing_desktop":30,"spacing_moible":10}},"product-grid":{"type":"main-collection-product","blocks":{"3b46edaf-55ef-46a8-b8fe-a6eb39ade3a8":{"type":"filter_by_dynamic","settings":{}},"35c81196-1f20-4b1d-98e4-1bea284fe6d7":{"type":"categories","settings":{"title":"Buzos","menu":"buzos-mujer"}},"2039056a-3cc3-4534-a522-d35bdfbaef6c":{"type":"popular_product","disabled":true,"settings":{"title":"Featured Product","collection":"sweaters","type_product":"list","maximum":3}},"8fe431f8-91f7-4b21-a605-4b55df7293e1":{"type":"image_banner","disabled":true,"settings":{"url":"shopify:\/\/products\/colorful-wind-coats","open_link":false}}},"block_order":["3b46edaf-55ef-46a8-b8fe-a6eb39ade3a8","35c81196-1f20-4b1d-98e4-1bea284fe6d7","2039056a-3cc3-4534-a522-d35bdfbaef6c","8fe431f8-91f7-4b21-a605-4b55df7293e1"],"custom_css":[".btn-filter {position: fixed; z-index: 4; bottom: 3%; left: 50%; transform: translateX(-50%); width: 75%; justify-content: center; background-color: #43d5b0; color: black; border-color: #43d5b0; font-size: 15px; box-shadow: rgba(0, 0, 0, 0.12) 0px 1px 3px, rgba(0, 0, 0, 0.24) 0px 1px 2px;}",".filter-title {color: black;}"],"settings":{"container":"container-fluid","enable_list_view":false,"products_column":3,"number_products_grid":24,"number_products_list":4,"pagination":"infinit_scrolling","product_page_count":true,"product_sort_options":true,"progress_bar":true,"enable_sidebar":true,"sidebar_position":"left_sidebar","show_count":false}},"sub-collection":{"type":"sub-collection","settings":{"heading":"","description":"<p><\/p>","text_alignment":"text-center","container":"container","color_scheme":"","design_layout":"carousel","design_collection":"design-1","hover_effect":"zoom","show_count_product":true,"hide_image_collection":false,"collection_center":false,"custom_width_images":false,"width_image":200,"images_style":"square","image_ratio":"3\/4","custom_ratio":"21:9","custom_column":6,"column_gap":30,"collection_font_size":16,"collection_font_weight":500,"collection_spacing":0,"count_font_size":14,"count_font_weight":400,"autoplay":false,"loop":false,"show_arrow":false,"carousel_pagination":"carousel_none","reveal_on_scroll":false,"padding_top":0,"padding_bottom":0,"reset_spacing":false}}},"order":["ad5b88b9-7c73-40d8-a7e0-60b6519d3f30","b95bf1ad-ba57-434a-bbe3-b729443926a1","custom_liquid_cbhXMN","main-collection-heading","439e38df-206c-40a8-9cd5-fc0e5f00f9d3","product-grid","sub-collection"]}