{"sections":{"custom_liquid_hUHrbJ":{"type":"custom-liquid","name":"t:sections.custom-liquid.name","settings":{"heading_logo_svg":"","heading":"","description":"","text_alignment":"text-center","container":"container","color_scheme":"","content_liquid":"<div class=\"cyber-topbar\">\n  <div class=\"ct-inner\">\n    <span class=\"ct-msg msg-a\"><strong>Tienda Online Nº1<\/strong> en Action Sports<\/span>\n    <span class=\"ct-msg msg-c\">CyberMonday 2025 — <strong>Hasta 55% OFF<\/strong> <\/span>\n  <\/div>\n<\/div>\n\n{% style %}\n\n\/* === CYBER INDY TOPBAR (CON FADE ROTATION) === *\/\n.cyber-topbar {\n  width: 100vw;\n  margin-left: calc(50% - 50vw);\n  background: linear-gradient(135deg, #00C2FF 0%, #7A66FF 100%);\n  padding: 8px 0;\n  font-family: 'Space Grotesk', sans-serif;\n  color: #fff;\n  position: relative;\n  z-index: 1;\n  box-shadow:\n    0 0 22px rgba(0,194,255,0.35),\n    inset 0 0 18px rgba(255,255,255,0.18);\n  border-bottom: 2px solid rgba(255,255,255,0.18);\n  isolation: isolate;\n}\n\n\/* Glow atmosférico suave atrás *\/\n.cyber-topbar::before {\n  content:\"\";\n  position:absolute;\n  inset:0;\n  background: linear-gradient(135deg,\n    rgba(255,255,255,0.05),\n    rgba(255,255,255,0.08) 60%,\n    rgba(0,194,255,0.15)\n  );\n  backdrop-filter: blur(5px);\n  z-index:0;\n}\n\n\/* Contenido centrado *\/\n.ct-inner {\n  max-width: 1300px;\n  margin: auto;\n  text-align: center;\n  position: relative;\n  height: 20px;\n}\n\n\/* Textos *\/\n.ct-msg {\n  position:absolute;\n  inset:0;\n  margin:auto;\n  font-size: clamp(11px,2vw,14px);\n  font-weight:600;\n  letter-spacing:.4px;\n  text-transform: uppercase;\n  opacity:0;\n  transition: opacity .8s ease-in-out;\n  white-space: nowrap;\n  text-shadow:\n    0 0 12px rgba(255,255,255,0.5),\n    0 0 20px rgba(0,194,255,0.45);\n}\n\n.ct-msg strong {\n  font-weight:800;\n  color:#fff;\n}\n\n\/* === Animación: alterna A <-> C === *\/\n@keyframes rotate-msg {\n  0%,45% {opacity:1;}\n  50%,95% {opacity:0;}\n  100% {opacity:1;}\n}\n\n.msg-a {\n  animation: rotate-msg 10s infinite;\n}\n\n.msg-c {\n  animation: rotate-msg 10s infinite;\n  animation-delay: 5s; \/* aparece cuando msg-a se oculta *\/\n}\n\n{% endstyle %}","padding_top":0,"padding_bottom":0,"reset_spacing":true}},"custom_liquid_nWyHh6":{"type":"custom-liquid","name":"t:sections.custom-liquid.name","settings":{"heading_logo_svg":"","heading":"","description":"","text_alignment":"text-center","container":"container","color_scheme":"scheme-662129f6-6dcb-4984-8a3e-b402290d6a69","content_liquid":"<style>\n  .volver-cyber-breadcrumb {\n    width: 100%;\n    text-align: left;\n    margin: 0px 0 10px;\n    font-family: 'Inter', sans-serif;\n    padding-left: 5px;\n  }\n\n  .volver-cyber-breadcrumb a {\n    color: white;\n    font-size: 14px;\n    font-weight: 500;\n    text-decoration: none;\n    transition: .20s ease;\n    border-bottom: 1px dashed rgba(255,255,255,0.35);\n    padding-bottom: 2px;\n  }\n\n  .volver-cyber-breadcrumb a:hover {\n    color: #00d4aa;\n    border-bottom-color: #00d4aa;\n  }\n\n  .volver-cyber-breadcrumb a::before {\n    content: \"← \";\n    opacity: .7;\n  }\n\n  @media(max-width: 480px){\n    .volver-cyber-breadcrumb a {\n      font-size: 13px;\n    }\n  }\n<\/style>\n\n<div class=\"volver-cyber-breadcrumb\">\n  <a href=\"\/collections\/cybermonday\">Volver a todas las ofertas<\/a>\n<\/div>","padding_top":0,"padding_bottom":0,"reset_spacing":true}},"custom_liquid_WPPrPt":{"type":"custom-liquid","name":"t:sections.custom-liquid.name","settings":{"heading_logo_svg":"","heading":"","description":"","text_alignment":"text-center","container":"container","color_scheme":"scheme-662129f6-6dcb-4984-8a3e-b402290d6a69","content_liquid":"{% comment %}\n✅ Mostrar solo si la URL contiene remera \/ buzo \/ campera (singular o plural)\nFunciona también para sub-colecciones como remeras-manga-larga\n{% endcomment %}\n\n{% assign url = request.path | downcase %}\n{% assign show_size_selector = false %}\n\n{% if url contains \"remera\" or url contains \"buzo\" or url contains \"campera\" %}\n  {% assign show_size_selector = true %}\n{% endif %}\n\n{% if show_size_selector %}\n\n{% style %}\n\/* === CYBER SIZE SELECTOR === *\/\n.size-carousel-container {\n  width: 100%;\n  padding: 28px 0;\n  text-align: center;\n  font-family: 'Poppins', sans-serif;\n}\n\n.size-carousel-title {\n  font-size: 15px;\n  font-weight: 800;\n  color: #ffffff;\n  text-transform: uppercase;\n  margin-bottom: 18px;\n  letter-spacing: 1px;\n  opacity: .95;\n  text-shadow: 0 0 14px rgba(255,255,255,.4),\n               0 0 28px rgba(0,194,255,.45);\n}\n\n.size-grid {\n  display: grid;\n  grid-template-columns: repeat(auto-fit, minmax(48px, 1fr));\n  gap: 10px;\n  max-width: 650px;\n  margin: 0 auto;\n}\n\n.size-item {\n  min-width: 48px;\n  height: 48px;\n  border-radius: 14px;\n  border: 2px solid rgba(255,255,255,0.32);\n  background: rgba(255,255,255,0.10);\n  display: flex;\n  align-items: center;\n  justify-content: center;\n  font-size: 15px;\n  font-weight: 800;\n  color: #ffffff;\n  text-transform: uppercase;\n  cursor: pointer;\n  text-decoration: none;\n  transition: .25s ease;\n  box-shadow: 0 0 22px rgba(0,194,255,.15),\n              inset 0 0 18px rgba(122,102,255,.15);\n}\n\n.size-item:hover {\n  transform: scale(1.08);\n  border-color: #fff;\n  box-shadow: 0 0 35px rgba(255,255,255,.3),\n                0 0 45px rgba(0,194,255,.45);\n}\n\n.size-item.active {\n  background: linear-gradient(135deg, #00C2FF 0%, #7A66FF 100%);\n  border-color: #ffffff;\n  color: #ffffff;\n  transform: scale(1.08);\n  box-shadow: 0 0 40px rgba(255,255,255,.3),\n                0 0 55px rgba(0,194,255,.55);\n}\n\n@media(max-width: 480px){\n  .size-item {\n    min-width: 42px;\n    height: 42px;\n    font-size: 13px;\n  }\n}\n\n{% endstyle %}\n\n<div class=\"size-carousel-container\">\n  <div class=\"size-carousel-title\">Seleccioná tu talle<\/div>\n\n  <div class=\"size-grid\">\n    {% assign talles = \"XS,S,M,L,XL,XXL\" | split: \",\" %}\n    {% for t in talles %}\n      <a href=\"?filter.v.option.talle={{ t }}&filter.v.availability=1\" class=\"size-item\">{{ t }}<\/a>\n    {% endfor %}\n  <\/div>\n<\/div>\n\n<script>\ndocument.addEventListener('DOMContentLoaded', function() {\n  const params = new URLSearchParams(window.location.search);\n  const talleParams = params.getAll('filter.v.option.talle');\n\n  talleParams.forEach(t => {\n    const activeLink = document.querySelector(`a[href*=\"talle=${t}\"]`);\n    if (activeLink) activeLink.classList.add('active');\n  });\n});\n<\/script>\n\n{% endif %}","padding_top":0,"padding_bottom":0,"reset_spacing":true}},"b95bf1ad-ba57-434a-bbe3-b729443926a1":{"type":"custom-liquid","settings":{"heading_logo_svg":"","heading":"","description":"","text_alignment":"text-center","container":"container","color_scheme":"scheme-013ccfbf-beb5-42e6-bc8f-8a36ab634ca7","content_liquid":"<h1 style=\"margin-bottom:0px;text-transform:uppercase;font-size:20px;\">{%- if current_tags %} {{ current_tags | join: ', ' }} {% endif -%}{{ collection.title }}<\/h1> TIENDA OFICIAL<img align=\"18px\" src=\"https:\/\/cdn.shopify.com\/s\/files\/1\/0594\/7506\/7048\/files\/verificado.png?v=1651943726\" alt=\"Verificado\" style=\"height:16px;width:16px;\"\/>","padding_top":0,"padding_bottom":0,"reset_spacing":false}},"ad5b88b9-7c73-40d8-a7e0-60b6519d3f30":{"type":"scrolling-text","blocks":{"template--17082272252147__ad5b88b9-7c73-40d8-a7e0-60b6519d3f30-scrolling_text-1":{"type":"scrolling_text","settings":{"content":"<p>CYBER MONDAY 2025<\/p>","text_link":""}},"template--17082272252147__ad5b88b9-7c73-40d8-a7e0-60b6519d3f30-scrolling_text-2":{"type":"scrolling_text","settings":{"content":"<p>¡YA LLEGA!<\/p>","text_link":""}},"template--17082272252147__ad5b88b9-7c73-40d8-a7e0-60b6519d3f30-scrolling_text-3":{"type":"scrolling_text","disabled":true,"settings":{"content":"<p>FREE DELIVERY AND RETURNS FROM $120<\/p>","text_link":""}},"template--17082272252147__ad5b88b9-7c73-40d8-a7e0-60b6519d3f30-scrolling_text-4":{"type":"scrolling_text","disabled":true,"settings":{"content":"<p>FREE DELIVERY AND RETURNS FROM $120<\/p>","text_link":""}}},"block_order":["template--17082272252147__ad5b88b9-7c73-40d8-a7e0-60b6519d3f30-scrolling_text-1","template--17082272252147__ad5b88b9-7c73-40d8-a7e0-60b6519d3f30-scrolling_text-2","template--17082272252147__ad5b88b9-7c73-40d8-a7e0-60b6519d3f30-scrolling_text-3","template--17082272252147__ad5b88b9-7c73-40d8-a7e0-60b6519d3f30-scrolling_text-4"],"disabled":true,"settings":{"container":"container","color_scheme":"scheme-662129f6-6dcb-4984-8a3e-b402290d6a69","s_text_color":"#111111","text_font_size":16,"text_font_weight":500,"text_time":30,"text_spacing":50,"text_title":false,"spacing_icon":"icon_circle","padding_top":0,"padding_bottom":0,"reset_spacing":true}},"collection_list_m7FbBB":{"type":"collection-list","blocks":{"collection_item_X774nb":{"type":"collection_item","settings":{"title_collection":"","collection":"botas-timberland"}},"collection_item_6Uayhe":{"type":"collection_item","settings":{"title_collection":"","collection":"remeras-timberland"}},"collection_item_yXTKqk":{"type":"collection_item","settings":{"title_collection":"","collection":"sandalias-timberland"}},"collection_item_dbBKqJ":{"type":"collection_item","settings":{"title_collection":"","collection":"camperas-timberland"}},"collection_item_RwJg8D":{"type":"collection_item","settings":{"title_collection":"","collection":"buzos-timberland"}}},"block_order":["collection_item_X774nb","collection_item_6Uayhe","collection_item_yXTKqk","collection_item_dbBKqJ","collection_item_RwJg8D"],"disabled":true,"settings":{"heading_logo_svg":"","heading":"","description":"","text_alignment":"text-center","container":"container","color_scheme":"","design_layout":"carousel","design_collection":"design-3","hover_effect":"zoom","show_count_product":false,"custom_width_images":false,"width_image":200,"images_style":false,"image_ratio":"original","custom_ratio":"21:9","custom_column":5,"column_gap":30,"collection_font_size":16,"collection_font_weight":500,"collection_spacing":0,"count_font_size":14,"count_font_weight":400,"autoplay":false,"loop":false,"show_arrow":false,"carousel_pagination":"carousel_none","reveal_on_scroll":false,"padding_top":0,"padding_bottom":0,"reset_spacing":false}},"main-collection-heading":{"type":"main-collection-heading","blocks":{"f06a38ad-a426-42c0-a5ff-48ae0218618e":{"type":"1","settings":{"text_fs":45}}},"block_order":["f06a38ad-a426-42c0-a5ff-48ae0218618e"],"disabled":true,"settings":{"container":"container","color_scheme":"scheme-b808185a-cae7-47ba-9fe9-7d81ddf7e485","show_banner":true,"use_collection_image":false,"min_height":200,"parallax":false,"show_overlay":false,"overlay":54,"design":"text-overlay-image","text_postion":"text-center"}},"439e38df-206c-40a8-9cd5-fc0e5f00f9d3":{"type":"spacing","settings":{"spacing_desktop":30,"spacing_moible":10}},"product-grid":{"type":"main-collection-product","blocks":{"35c81196-1f20-4b1d-98e4-1bea284fe6d7":{"type":"categories","disabled":true,"settings":{"title":"Colección","menu":"remeras-rip-curl"}},"3b46edaf-55ef-46a8-b8fe-a6eb39ade3a8":{"type":"filter_by_dynamic","settings":{}},"2039056a-3cc3-4534-a522-d35bdfbaef6c":{"type":"popular_product","disabled":true,"settings":{"title":"Featured Product","collection":"sweaters","type_product":"list","maximum":3}},"8fe431f8-91f7-4b21-a605-4b55df7293e1":{"type":"image_banner","disabled":true,"settings":{"url":"shopify:\/\/products\/colorful-wind-coats","open_link":false}}},"block_order":["35c81196-1f20-4b1d-98e4-1bea284fe6d7","3b46edaf-55ef-46a8-b8fe-a6eb39ade3a8","2039056a-3cc3-4534-a522-d35bdfbaef6c","8fe431f8-91f7-4b21-a605-4b55df7293e1"],"custom_css":[".btn-filter {position: fixed; z-index: 4; bottom: 3%; left: 50%; transform: translateX(-50%); width: 75%; justify-content: center; background-color: #43d5b0; color: black; border-color: #43d5b0; font-size: 15px; box-shadow: rgba(0, 0, 0, 0.12) 0px 1px 3px, rgba(0, 0, 0, 0.24) 0px 1px 2px;}",".filter-title {color: black;}",".special-price {color: black;}"],"settings":{"container":"container-fluid","enable_list_view":false,"products_column":3,"number_products_grid":24,"number_products_list":24,"pagination":"infinit_scrolling","product_page_count":true,"product_sort_options":true,"progress_bar":true,"enable_sidebar":true,"sidebar_position":"left_sidebar","show_count":false}},"sub-collection":{"type":"sub-collection","settings":{"heading":"","description":"<p><\/p>","text_alignment":"text-center","container":"container","color_scheme":"","design_layout":"carousel","design_collection":"design-1","hover_effect":"zoom","show_count_product":true,"hide_image_collection":false,"collection_center":false,"custom_width_images":false,"width_image":200,"images_style":"square","image_ratio":"3\/4","custom_ratio":"21:9","custom_column":6,"column_gap":30,"collection_font_size":16,"collection_font_weight":500,"collection_spacing":0,"count_font_size":14,"count_font_weight":400,"autoplay":false,"loop":false,"show_arrow":false,"carousel_pagination":"carousel_none","reveal_on_scroll":false,"padding_top":0,"padding_bottom":0,"reset_spacing":false}},"faq_e3imzr":{"type":"faq","disabled":true,"settings":{"heading_logo_svg":"","heading":"Zapatillas Dc Court Graffik","description":"<p>Son zapatillas de skate de estilo clásico de la marca DC Shoes. Son cómodas, duraderas y versátiles, lo que las hace ideales para el uso diario, el skateboarding y otras actividades deportivas.<\/p>","text_alignment":"text-left","container":"container","color_scheme":"","padding_top":0,"padding_bottom":0,"reset_spacing":false}},"faq_Wk3myd":{"type":"faq","disabled":true,"settings":{"heading_logo_svg":"","heading":"","description":"<h5>Parte Superior<\/h5><p>La parte superior de las dc court graffik está hecha de cuero, nobuck o ante, dependiendo del color del modelo. La lengüeta y el cuello están acolchados con espuma para un mayor confort y sujeción. La suela tiene el dibujo Pill Pattern, que proporciona una buena tracción y durabilidad.<\/p><p>El cuero es el material más duradero, pero también el más caro. El nobuck es un material más ligero y transpirable que el cuero, pero también es menos duradero. El ante es un material suave y flexible que ofrece un buen confort.<\/p><h5>Suela<\/h5><p>La suela de las dc shoes court graffik es de tipo cupsole, lo que significa que la entresuela y la suela exterior están unidas en una sola pieza. Este tipo de suela ofrece una mayor protección y amortiguación que las suelas de dos piezas.<\/p><p>La suela exterior tiene el dibujo Pill Pattern, que proporciona una buena tracción en superficies lisas y rugosas.<\/p><h5>Lengüeta y Cuello<\/h5><p>La lengüeta de las dc graffik es ligera y de malla. La malla proporciona una buena transpirabilidad, lo que ayuda a mantener los pies frescos y secos.<\/p><p>El cuello de las graffik dc está acolchado con espuma para un mayor confort y sujeción.<\/p>","text_alignment":"text-left","container":"container","color_scheme":"","padding_top":0,"padding_bottom":0,"reset_spacing":false}},"custom_liquid_MKT3tr":{"type":"custom-liquid","name":"t:sections.custom-liquid.name","settings":{"heading_logo_svg":"","heading":"","description":"","text_alignment":"text-center","container":"container","color_scheme":"","content_liquid":"","padding_top":0,"padding_bottom":0,"reset_spacing":false}},"custom_liquid_rpgLAJ":{"type":"custom-liquid","name":"t:sections.custom-liquid.name","settings":{"heading_logo_svg":"","heading":"","description":"","text_alignment":"text-center","container":"container","color_scheme":"","content_liquid":"<div class=\"cybermonday-index\">\n  <style>\n    .cybermonday-index {\n      max-width: 1100px;\n      margin: 60px auto;\n      font-family: 'Inter', sans-serif;\n      color: #222;\n      padding: 0 15px;\n    }\n\n    .cybermonday-index h3 {\n      font-size: 20px;\n      font-weight: 600;\n      margin-bottom: 25px;\n      text-align: center;\n    }\n\n    .brand-grid {\n      display: grid;\n      grid-template-columns: repeat(auto-fit, minmax(300px, 1fr));\n      gap: 25px;\n    }\n\n    details {\n      background: #fafafa;\n      border: 1px solid #e5e5e5;\n      border-radius: 10px;\n      padding: 15px 18px;\n      transition: box-shadow 0.2s ease;\n    }\n\n    details:hover {\n      box-shadow: 0 2px 6px rgba(0,0,0,0.05);\n    }\n\n    summary {\n      font-weight: 700;\n      font-size: 15px;\n      cursor: pointer;\n      color: #000;\n      list-style: none;\n    }\n\n    summary::marker,\n    summary::-webkit-details-marker {\n      display: none;\n    }\n\n    summary::after {\n      content: \"＋\";\n      float: right;\n      font-weight: 400;\n      transition: transform 0.2s ease;\n    }\n\n    details[open] summary::after {\n      content: \"－\";\n    }\n\n    ul {\n      list-style: none;\n      padding-left: 0;\n      margin: 12px 0 0 0;\n      line-height: 1.7;\n    }\n\n    a {\n      color: #333;\n      text-decoration: none;\n      font-size: 14px;\n    }\n\n    a:hover {\n      text-decoration: underline;\n    }\n  <\/style>\n\n  <h3>Marcas destacadas del <strong>CyberMonday 2025<\/strong><\/h3>\n\n  <div class=\"brand-grid\">\n\n    <details>\n      <summary>Fila<\/summary>\n      <ul>\n        <li><a href=\"\/collections\/cybermonday-fila\">Ver todo Fila<\/a><\/li>\n        <li><a href=\"\/collections\/cybermonday-fila\/zapatillas\">Zapatillas<\/a><\/li>\n        <li><a href=\"\/collections\/cybermonday-fila\/remeras\">Remeras<\/a><\/li>\n        <li><a href=\"\/collections\/cybermonday-fila\/pantalones\">Pantalones<\/a><\/li>\n        <li><a href=\"\/collections\/cybermonday-fila\/buzos\">Buzos<\/a><\/li>\n      <\/ul>\n    <\/details>\n\n    <details>\n      <summary>Converse<\/summary>\n      <ul>\n        <li><a href=\"\/collections\/cyber-monday-converse\">Ver todo Converse<\/a><\/li>\n        <li><a href=\"\/collections\/cyber-monday-converse\/zapatillas\">Zapatillas<\/a><\/li>\n        <li><a href=\"\/collections\/cyber-monday-converse\/remeras\">Remeras<\/a><\/li>\n        <li><a href=\"\/collections\/cyber-monday-converse\/buzos\">Buzos<\/a><\/li>\n        <li><a href=\"\/collections\/cyber-monday-converse\/pantalones\">Pantalones<\/a><\/li>\n        <li><a href=\"\/collections\/cyber-monday-converse\/camperas\">Camperas<\/a><\/li>\n        <li><a href=\"\/collections\/cyber-monday-converse\/gorras\">Gorras<\/a><\/li>\n        <li><a href=\"\/collections\/cyber-monday-converse\/mochilas\">Mochilas<\/a><\/li>\n        <li><a href=\"\/collections\/cyber-monday-converse\/medias\">Medias<\/a><\/li>\n        <li><a href=\"\/collections\/cyber-monday-converse\/botas\">Botas<\/a><\/li>\n      <\/ul>\n    <\/details>\n\n    <details>\n      <summary>Vans<\/summary>\n      <ul>\n        <li><a href=\"\/collections\/cyber-monday-vans\">Ver todo Vans<\/a><\/li>\n        <li><a href=\"\/collections\/cyber-monday-vans\/zapatillas\">Zapatillas<\/a><\/li>\n        <li><a href=\"\/collections\/cyber-monday-vans\/remeras\">Remeras<\/a><\/li>\n        <li><a href=\"\/collections\/cyber-monday-vans\/buzos\">Buzos<\/a><\/li>\n        <li><a href=\"\/collections\/cyber-monday-vans\/gorras\">Gorras<\/a><\/li>\n        <li><a href=\"\/collections\/cyber-monday-vans\/mochilas\">Mochilas<\/a><\/li>\n        <li><a href=\"\/collections\/cyber-monday-vans\/ojotas\">Ojotas<\/a><\/li>\n      <\/ul>\n    <\/details>\n\n    <details>\n      <summary>DC Shoes<\/summary>\n      <ul>\n        <li><a href=\"\/collections\/cyber-monday-dc\">Ver todo DC Shoes<\/a><\/li>\n        <li><a href=\"\/collections\/cyber-monday-dc\/zapatillas\">Zapatillas<\/a><\/li>\n        <li><a href=\"\/collections\/cyber-monday-dc\/remeras\">Remeras<\/a><\/li>\n        <li><a href=\"\/collections\/cyber-monday-dc\/buzos\">Buzos<\/a><\/li>\n        <li><a href=\"\/collections\/cyber-monday-dc\/pantalones\">Pantalones<\/a><\/li>\n        <li><a href=\"\/collections\/cyber-monday-dc\/camperas\">Camperas<\/a><\/li>\n        <li><a href=\"\/collections\/cyber-monday-dc\/mochilas\">Mochilas<\/a><\/li>\n        <li><a href=\"\/collections\/cyber-monday-dc\/ojotas\">Ojotas<\/a><\/li>\n      <\/ul>\n    <\/details>\n\n    <details>\n      <summary>New Balance<\/summary>\n      <ul>\n        <li><a href=\"\/collections\/cyber-monday-new-balance\">Ver todo New Balance<\/a><\/li>\n        <li><a href=\"\/collections\/cyber-monday-new-balance\/zapatillas\">Zapatillas<\/a><\/li>\n        <li><a href=\"\/collections\/cyber-monday-new-balance\/remeras\">Remeras<\/a><\/li>\n        <li><a href=\"\/collections\/cyber-monday-new-balance\/buzos\">Buzos<\/a><\/li>\n      <\/ul>\n    <\/details>\n\n    <details>\n      <summary>Timberland<\/summary>\n      <ul>\n        <li><a href=\"\/collections\/cyber-monday-timberland\">Ver todo Timberland<\/a><\/li>\n        <li><a href=\"\/collections\/cyber-monday-timberland\/zapatillas\">Zapatillas<\/a><\/li>\n        <li><a href=\"\/collections\/cyber-monday-timberland\/botas\">Botas<\/a><\/li>\n        <li><a href=\"\/collections\/cyber-monday-timberland\/remeras\">Remeras<\/a><\/li>\n        <li><a href=\"\/collections\/cyber-monday-timberland\/buzos\">Buzos<\/a><\/li>\n      <\/ul>\n    <\/details>\n\n    <details>\n      <summary>Elepants<\/summary>\n      <ul>\n        <li><a href=\"\/collections\/cyber-monday-elepants\">Ver todo Elepants<\/a><\/li>\n        <li><a href=\"\/collections\/cyber-monday-elepants\/pantalones\">Pantalones<\/a><\/li>\n        <li><a href=\"\/collections\/cyber-monday-elepants\/remeras\">Remeras<\/a><\/li>\n        <li><a href=\"\/collections\/cyber-monday-elepants\/buzos\">Buzos<\/a><\/li>\n        <li><a href=\"\/collections\/cyber-monday-elepants\/mallas\">Mallas<\/a><\/li>\n      <\/ul>\n    <\/details>\n\n    <details>\n      <summary>Otros destacados<\/summary>\n      <ul>\n        <li><a href=\"\/collections\/cybermonday-asics\">Asics<\/a><\/li>\n        <li><a href=\"\/collections\/cybermonday-le-coq-sportif\">Le Coq Sportif<\/a><\/li>\n        <li><a href=\"\/collections\/cyber-monday-etnies\">Etnies<\/a><\/li>\n        <li><a href=\"\/collections\/cyber-monday-airwalk\">Airwalk<\/a><\/li>\n        <li><a href=\"\/collections\/cyber-monday-mormaii\">Mormaii<\/a><\/li>\n        <li><a href=\"\/collections\/cyber-monday-hey-dude\">Hey Dude<\/a><\/li>\n        <li><a href=\"\/collections\/cyber-monday-shaq\">Shaq<\/a><\/li>\n        <li><a href=\"\/collections\/cyber-monday-starter\">Starter<\/a><\/li>\n        <li><a href=\"\/collections\/cyber-monday-vision-street-wear\">Vision Street Wear<\/a><\/li>\n<li><a href=\"\/collections\/cyber-monday-quiksilver\">Quiksilver<\/a><\/li>\n        <li><a href=\"\/collections\/cyber-monday-roxy\">Roxy<\/a><\/li>\n      <\/ul>\n    <\/details>\n\n  <\/div>\n<\/div>","padding_top":0,"padding_bottom":0,"reset_spacing":false}},"custom_liquid_pYytdj":{"type":"custom-liquid","name":"t:sections.custom-liquid.name","settings":{"heading_logo_svg":"","heading":"","description":"","text_alignment":"text-center","container":"container","color_scheme":"","content_liquid":"<div class=\"cybermonday-index\">\n  <style>\n    .cybermonday-index {\n      max-width: 1100px;\n      margin: 60px auto;\n      font-family: 'Inter', sans-serif;\n      color: #222;\n      padding: 0 15px;\n    }\n\n    .cybermonday-index h3 {\n      font-size: 20px;\n      font-weight: 600;\n      margin-bottom: 25px;\n      text-align: center;\n    }\n\n    .gender-grid {\n      display: grid;\n      grid-template-columns: repeat(auto-fit, minmax(300px, 1fr));\n      gap: 25px;\n    }\n\n    details {\n      background: #fafafa;\n      border: 1px solid #e5e5e5;\n      border-radius: 10px;\n      padding: 15px 18px;\n      transition: box-shadow 0.2s ease;\n    }\n\n    details:hover {\n      box-shadow: 0 2px 6px rgba(0,0,0,0.05);\n    }\n\n    summary {\n      font-weight: 700;\n      font-size: 15px;\n      cursor: pointer;\n      color: #000;\n      list-style: none;\n    }\n\n    summary::marker,\n    summary::-webkit-details-marker {\n      display: none;\n    }\n\n    summary::after {\n      content: \"＋\";\n      float: right;\n      font-weight: 400;\n      transition: transform 0.2s ease;\n    }\n\n    details[open] summary::after {\n      content: \"－\";\n    }\n\n    ul {\n      list-style: none;\n      padding-left: 0;\n      margin: 12px 0 0 0;\n      line-height: 1.7;\n    }\n\n    a {\n      color: #333;\n      text-decoration: none;\n      font-size: 14px;\n    }\n\n    a:hover {\n      text-decoration: underline;\n    }\n  <\/style>\n\n  <h3>Ofertas del <strong>CyberMonday 2025<\/strong> por género<\/h3>\n\n  <div class=\"gender-grid\">\n\n    <!-- Hombre -->\n    <details close>\n      <summary>Hombre<\/summary>\n      <ul>\n        <li><a href=\"\/collections\/cybermonday-ropa-hombre\">Ver toda la ropa de hombre<\/a><\/li>\n        <li><a href=\"\/collections\/cybermonday-zapatillas-hombre\">Zapatillas Hombre<\/a><\/li>\n        <li><a href=\"\/collections\/cybermonday-remeras-hombre\">Remeras Hombre<\/a><\/li>\n        <li><a href=\"\/collections\/cybermonday-buzos-hombre\">Buzos Hombre<\/a><\/li>\n        <li><a href=\"\/collections\/cybermonday-pantalones-hombre\">Pantalones Hombre<\/a><\/li>\n        <li><a href=\"\/collections\/cybermonday-camperas-hombre\">Camperas Hombre<\/a><\/li>\n        <li><a href=\"\/collections\/cybermonday-camperas-abrigadas-hombre\">Camperas Abrigadas Hombre<\/a><\/li>\n      <\/ul>\n    <\/details>\n\n    <!-- Mujer -->\n    <details>\n      <summary>Mujer<\/summary>\n      <ul>\n        <li><a href=\"\/collections\/cybermonday-ropa-mujer\">Ver toda la ropa de mujer<\/a><\/li>\n        <li><a href=\"\/collections\/cyber-monday-remeras-mujer\">Remeras Mujer<\/a><\/li>\n        <li><a href=\"\/collections\/cybermonday-buzos-mujer\">Buzos Mujer<\/a><\/li>\n        <li><a href=\"\/collections\/cyber-monday-pantalones-mujer\">Pantalones Mujer<\/a><\/li>\n        <li><a href=\"\/collections\/cyber-monday-camperas-mujer\">Camperas Mujer<\/a><\/li>\n      <\/ul>\n    <\/details>\n\n    <!-- Niños -->\n    <details>\n      <summary>Niños<\/summary>\n      <ul>\n        <li><a href=\"\/collections\/cybermonday-ropa-ninos\">Ver toda la ropa de niños<\/a><\/li>\n        <li><a href=\"\/collections\/cyber-monday-zapatillas-ninos\">Zapatillas Niños<\/a><\/li>\n        <li><a href=\"\/collections\/cyber-monday-remeras-ninos\">Remeras Niños<\/a><\/li>\n        <li><a href=\"\/collections\/cyber-monday-buzos-ninos\">Buzos Niños<\/a><\/li>\n        <li><a href=\"\/collections\/cyber-monday-pantalones-ninos\">Pantalones Niños<\/a><\/li>\n        <li><a href=\"\/collections\/cyber-monday-camperas-ninos\">Camperas Niños<\/a><\/li>\n      <\/ul>\n    <\/details>\n\n  <\/div>\n<\/div>","padding_top":0,"padding_bottom":0,"reset_spacing":false}},"custom_liquid_LqnqJa":{"type":"custom-liquid","name":"t:sections.custom-liquid.name","settings":{"heading_logo_svg":"","heading":"","description":"","text_alignment":"text-center","container":"container","color_scheme":"","content_liquid":"<div class=\"cybermonday-index\">\n  <style>\n    .cybermonday-index {\n      max-width: 1100px;\n      margin: 60px auto;\n      font-family: 'Inter', sans-serif;\n      color: #222;\n      padding: 0 15px;\n    }\n\n    .cybermonday-index h3 {\n      font-size: 20px;\n      font-weight: 600;\n      margin-bottom: 25px;\n      text-align: center;\n    }\n\n    .cybermonday-index .product-grid {\n      display: grid;\n      grid-template-columns: repeat(auto-fit, minmax(300px, 1fr));\n      gap: 25px;\n    }\n\n    .cybermonday-index details {\n      background: #fafafa;\n      border: 1px solid #e5e5e5;\n      border-radius: 10px;\n      padding: 15px 18px;\n      transition: box-shadow 0.2s ease;\n    }\n\n    .cybermonday-index details:hover {\n      box-shadow: 0 2px 6px rgba(0,0,0,0.05);\n    }\n\n    .cybermonday-index summary {\n      font-weight: 700;\n      font-size: 15px;\n      cursor: pointer;\n      color: #000;\n      list-style: none;\n    }\n\n    .cybermonday-index summary::marker,\n    .cybermonday-index summary::-webkit-details-marker {\n      display: none;\n    }\n\n    .cybermonday-index summary::after {\n      content: \"＋\";\n      float: right;\n      font-weight: 400;\n      transition: transform 0.2s ease;\n    }\n\n    .cybermonday-index details[open] summary::after {\n      content: \"－\";\n    }\n\n    .cybermonday-index ul {\n      list-style: none;\n      padding-left: 0;\n      margin: 12px 0 0 0;\n      line-height: 1.7;\n    }\n\n    .cybermonday-index a {\n      color: #333;\n      text-decoration: none;\n      font-size: 14px;\n    }\n\n    .cybermonday-index a:hover {\n      text-decoration: underline;\n    }\n  <\/style>\n\n  <h3>Ofertas del <strong>CyberMonday 2025<\/strong> por tipo de producto<\/h3>\n\n  <div class=\"product-grid\">\n\n    <details>\n      <summary>Indumentaria<\/summary>\n      <ul>\n        <li><a href=\"\/collections\/cyber-monday-remeras\">Remeras<\/a><\/li>\n        <li><a href=\"\/collections\/cyber-monday-buzos\">Buzos<\/a><\/li>\n        <li><a href=\"\/collections\/cyber-monday-camisas\">Camisas<\/a><\/li>\n        <li><a href=\"\/collections\/cyber-monday-chombas\">Chombas<\/a><\/li>\n        <li><a href=\"\/collections\/cyber-monday-sweaters\">Sweaters<\/a><\/li>\n        <li><a href=\"\/collections\/cyber-monday-vestidos\">Vestidos<\/a><\/li>\n        <li><a href=\"\/collections\/cyber-monday-bermudas\">Bermudas<\/a><\/li>\n        <li><a href=\"\/collections\/cyber-monday-jeans\">Jeans<\/a><\/li>\n        <li><a href=\"\/collections\/cyber-monday-pantalones\">Pantalones<\/a><\/li>\n        <li><a href=\"\/collections\/cyber-monday-rompeviento\">Rompeviento<\/a><\/li>\n        <li><a href=\"\/collections\/cyber-monday-camperas\">Camperas<\/a><\/li>\n      <\/ul>\n    <\/details>\n\n    <details>\n      <summary>Calzado<\/summary>\n      <ul>\n        <li><a href=\"\/collections\/cyber-monday-zapatillas\">Zapatillas<\/a><\/li>\n        <li><a href=\"\/collections\/cyber-monday-zapatillas-deportivas\">Zapatillas Deportivas<\/a><\/li>\n        <li><a href=\"\/collections\/cyber-monday-botas\">Botas<\/a><\/li>\n        <li><a href=\"\/collections\/cyber-monday-borcegos\">Borcegos<\/a><\/li>\n        <li><a href=\"\/collections\/cyber-monday-ojotas\">Ojotas<\/a><\/li>\n      <\/ul>\n    <\/details>\n\n    <details>\n      <summary>Accesorios y complementos<\/summary>\n      <ul>\n        <li><a href=\"\/collections\/cyber-monday-accesorios\">Accesorios<\/a><\/li>\n        <li><a href=\"\/collections\/cyber-monday-mochilas\">Mochilas<\/a><\/li>\n        <li><a href=\"\/collections\/cyber-monday-billeteras\">Billeteras<\/a><\/li>\n        <li><a href=\"\/collections\/gorras-cybermonday\">Gorras<\/a><\/li>\n      <\/ul>\n    <\/details>\n\n  <\/div>\n<\/div>","padding_top":0,"padding_bottom":0,"reset_spacing":false}}},"order":["custom_liquid_hUHrbJ","custom_liquid_nWyHh6","custom_liquid_WPPrPt","b95bf1ad-ba57-434a-bbe3-b729443926a1","ad5b88b9-7c73-40d8-a7e0-60b6519d3f30","collection_list_m7FbBB","main-collection-heading","439e38df-206c-40a8-9cd5-fc0e5f00f9d3","product-grid","sub-collection","faq_e3imzr","faq_Wk3myd","custom_liquid_MKT3tr","custom_liquid_rpgLAJ","custom_liquid_pYytdj","custom_liquid_LqnqJa"]}