{"sections":{"ad5b88b9-7c73-40d8-a7e0-60b6519d3f30":{"type":"scrolling-text","blocks":{"template--17082272252147__ad5b88b9-7c73-40d8-a7e0-60b6519d3f30-scrolling_text-1":{"type":"scrolling_text","settings":{"content":"<p>DESAFIA LOS LÍMITES<\/p>","text_link":""}},"template--17082272252147__ad5b88b9-7c73-40d8-a7e0-60b6519d3f30-scrolling_text-2":{"type":"scrolling_text","disabled":true,"settings":{"content":"<p>FREE DELIVERY AND RETURNS FROM $120<\/p>","text_link":""}},"template--17082272252147__ad5b88b9-7c73-40d8-a7e0-60b6519d3f30-scrolling_text-3":{"type":"scrolling_text","disabled":true,"settings":{"content":"<p>FREE DELIVERY AND RETURNS FROM $120<\/p>","text_link":""}},"template--17082272252147__ad5b88b9-7c73-40d8-a7e0-60b6519d3f30-scrolling_text-4":{"type":"scrolling_text","disabled":true,"settings":{"content":"<p>FREE DELIVERY AND RETURNS FROM $120<\/p>","text_link":""}}},"block_order":["template--17082272252147__ad5b88b9-7c73-40d8-a7e0-60b6519d3f30-scrolling_text-1","template--17082272252147__ad5b88b9-7c73-40d8-a7e0-60b6519d3f30-scrolling_text-2","template--17082272252147__ad5b88b9-7c73-40d8-a7e0-60b6519d3f30-scrolling_text-3","template--17082272252147__ad5b88b9-7c73-40d8-a7e0-60b6519d3f30-scrolling_text-4"],"disabled":true,"settings":{"container":"container","color_scheme":"scheme-333208b2-f40a-411c-aa61-a64047ae205b","s_text_color":"#111111","text_font_size":16,"text_font_weight":500,"text_time":10,"text_spacing":50,"text_title":false,"spacing_icon":"icon_circle","padding_top":0,"padding_bottom":0,"reset_spacing":false}},"b95bf1ad-ba57-434a-bbe3-b729443926a1":{"type":"custom-liquid","settings":{"heading_logo_svg":"","heading":"","description":"","text_alignment":"text-center","container":"container","color_scheme":"scheme-013ccfbf-beb5-42e6-bc8f-8a36ab634ca7","content_liquid":"<h1 style=\"margin-bottom:0px;text-transform:uppercase;font-size:20px;\">{{ collection.title }}<\/h1> TIENDA OFICIAL<img align=\"18px\" src=\"https:\/\/cdn.shopify.com\/s\/files\/1\/0594\/7506\/7048\/files\/verificado.png?v=1651943726\" alt=\"Verificado\" style=\"height:16px;width:16px;\"\/>","padding_top":0,"padding_bottom":0,"reset_spacing":true}},"custom_liquid_yWWrW3":{"type":"custom-liquid","name":"t:sections.custom-liquid.name","settings":{"heading_logo_svg":"","heading":"","description":"","text_alignment":"text-center","container":"container","color_scheme":"scheme-9b4b4faf-eb5e-4411-a80a-f37b0d5ec64a","content_liquid":"{% style %}\n\n\/* === CYBER SIZE SELECTOR === *\/\n.size-carousel-container {\n  width: 100%;\n  padding: 16px 0;\n  text-align: center;\n  font-family:poppins; sans-serif;\n}\n\n.size-carousel-title {\n  font-size: 15px;\n  font-weight: 800;\n  color: #ffffff;\n  text-transform: uppercase;\n  margin-bottom: 18px;\n  letter-spacing: 1px;\n  opacity: .95;\n  text-shadow: 0 0 14px rgba(255,255,255,.4),\n               0 0 28px rgba(0,194,255,.45);\n}\n\n\/* GRID ESTILO CYBER *\/\n.size-grid {\n  display: grid;\n  grid-template-columns: repeat(auto-fit, minmax(48px, 1fr));\n  gap: 10px;\n  max-width: 650px;\n  margin: 0 auto;\n}\n\n\/* BOTONES *\/\n.size-item {\n  min-width: 48px;\n  height: 48px;\n  border-radius: 14px;\n  border: 2px solid rgba(255,255,255,0.32);\n  background-color:#212121;\n  display: flex;\n  align-items: center;\n  justify-content: center;\n  font-size: 15px;\n  font-weight: 800;\n  color: #ffffff;\n  text-transform: uppercase;\n  cursor: pointer;\n  text-decoration: none;\n  transition: .25s ease;\n  box-shadow: 0 0 22px rgba(0,194,255,.15),\n              inset 0 0 18px rgba(122,102,255,.15);\n  will-change: transform, box-shadow, border-color;\n}\n\n.size-item:hover {\n  transform: scale(1.08);\n  border-color: #fff;\n  box-shadow: 0 0 35px rgba(255,255,255,.3),\n              0 0 45px rgba(0,194,255,.45);\n}\n\n\/* SELECCIONADO *\/\n.size-item.active {\n  background: linear-gradient(135deg, #43D5B0 0%, #212121 100%);\n  border-color: #ffffff;\n  color: #ffffff;\n  transform: scale(1.08);\n  box-shadow: 0 0 40px rgba(255,255,255,.3),\n              0 0 55px rgba(0,194,255,.55);\n}\n\n\/* RESPONSIVE *\/\n@media(max-width: 480px){\n  .size-item {\n    min-width: 42px;\n    height: 42px;\n    font-size: 13px;\n  }\n}\n\n{% endstyle %}\n\n<div class=\"size-carousel-container\">\n  <div class=\"size-carousel-title\">Selecciona tu talle<\/div>\n\n  <div class=\"size-grid\">\n\n    {% assign talles = \"34,35,36,37,38,39,40,41,42,43,44,45,46,47\" | split: \",\" %}\n    {% for t in talles %}\n      <a href=\"{{ collection.url }}?filter.v.option.talle={{ t }}&filter.v.option.talle={{ t }}.5&filter.v.availability=1\"\n         class=\"size-item\">{{ t }}<\/a>\n    {% endfor %}\n\n  <\/div>\n<\/div>\n\n<script>\ndocument.addEventListener('DOMContentLoaded', function() {\n  const params = new URLSearchParams(window.location.search);\n  const talleParams = params.getAll('filter.v.option.talle');\n\n  talleParams.forEach(t => {\n    const talleNum = parseFloat(t);\n    if (Number.isInteger(talleNum)) {\n      const activeLink = document.querySelector(`a[href*=\"talle=${talleNum}&\"]`);\n      if (activeLink) activeLink.classList.add('active');\n    }\n  });\n});\n<\/script>","padding_top":0,"padding_bottom":0,"reset_spacing":false}},"2c4e3e7e-0da8-4727-b9fd-ef6d379b664b":{"type":"collection-list","blocks":{"template--17087193448691__2c4e3e7e-0da8-4727-b9fd-ef6d379b664b-collection_item-1":{"type":"collection_item","settings":{"title_collection":"","collection":"zapatillas-hombre","image":"shopify:\/\/shop_images\/Striker-WhiteNavy-July2021-Heikkila_008.webp"}},"template--17087193448691__2c4e3e7e-0da8-4727-b9fd-ef6d379b664b-collection_item-2":{"type":"collection_item","settings":{"title_collection":"","collection":"zapatillas-mujer","image":"shopify:\/\/shop_images\/Zapatillas_Mujer.jpg"}}},"block_order":["template--17087193448691__2c4e3e7e-0da8-4727-b9fd-ef6d379b664b-collection_item-1","template--17087193448691__2c4e3e7e-0da8-4727-b9fd-ef6d379b664b-collection_item-2"],"disabled":true,"settings":{"heading_logo_svg":"","heading":"","description":"","text_alignment":"text-center","container":"container","color_scheme":"","design_layout":"grid","design_collection":"design-2","hover_effect":"none","show_count_product":false,"custom_width_images":false,"width_image":200,"images_style":false,"image_ratio":"4\/3","custom_ratio":"21:9","custom_column":2,"column_gap":30,"collection_font_size":16,"collection_font_weight":500,"collection_spacing":0,"count_font_size":14,"count_font_weight":400,"autoplay":false,"loop":false,"show_arrow":false,"carousel_pagination":"carousel_none","reveal_on_scroll":false,"padding_top":0,"padding_bottom":0,"reset_spacing":false}},"main-collection-heading":{"type":"main-collection-heading","blocks":{"f06a38ad-a426-42c0-a5ff-48ae0218618e":{"type":"1","settings":{"text_fs":45}}},"block_order":["f06a38ad-a426-42c0-a5ff-48ae0218618e"],"disabled":true,"settings":{"container":"container","color_scheme":"scheme-b808185a-cae7-47ba-9fe9-7d81ddf7e485","show_banner":true,"use_collection_image":false,"min_height":200,"parallax":false,"show_overlay":false,"overlay":54,"design":"text-overlay-image","text_postion":"text-center"}},"439e38df-206c-40a8-9cd5-fc0e5f00f9d3":{"type":"spacing","settings":{"spacing_desktop":30,"spacing_moible":10}},"product-grid":{"type":"main-collection-product","blocks":{"3b46edaf-55ef-46a8-b8fe-a6eb39ade3a8":{"type":"filter_by_dynamic","settings":{}},"35c81196-1f20-4b1d-98e4-1bea284fe6d7":{"type":"categories","settings":{"title":"Colección","menu":"zapatillas-por-marca"}},"2039056a-3cc3-4534-a522-d35bdfbaef6c":{"type":"popular_product","disabled":true,"settings":{"title":"Featured Product","collection":"sweaters","type_product":"list","maximum":3}},"8fe431f8-91f7-4b21-a605-4b55df7293e1":{"type":"image_banner","disabled":true,"settings":{"url":"shopify:\/\/products\/colorful-wind-coats","open_link":false}}},"block_order":["3b46edaf-55ef-46a8-b8fe-a6eb39ade3a8","35c81196-1f20-4b1d-98e4-1bea284fe6d7","2039056a-3cc3-4534-a522-d35bdfbaef6c","8fe431f8-91f7-4b21-a605-4b55df7293e1"],"settings":{"container":"container-fluid","enable_list_view":false,"products_column":3,"number_products_grid":24,"number_products_list":4,"pagination":"infinit_scrolling","product_page_count":true,"product_sort_options":true,"progress_bar":true,"enable_sidebar":true,"sidebar_position":"left_sidebar","show_count":false}},"sub-collection":{"type":"sub-collection","settings":{"heading":"","description":"<p><\/p>","text_alignment":"text-center","container":"container","color_scheme":"","design_layout":"carousel","design_collection":"design-1","hover_effect":"zoom","show_count_product":true,"hide_image_collection":false,"collection_center":false,"custom_width_images":false,"width_image":200,"images_style":"square","image_ratio":"3\/4","custom_ratio":"21:9","custom_column":6,"column_gap":30,"collection_font_size":16,"collection_font_weight":500,"collection_spacing":0,"count_font_size":14,"count_font_weight":400,"autoplay":false,"loop":false,"show_arrow":false,"carousel_pagination":"carousel_none","reveal_on_scroll":false,"padding_top":0,"padding_bottom":0,"reset_spacing":false}}},"order":["ad5b88b9-7c73-40d8-a7e0-60b6519d3f30","b95bf1ad-ba57-434a-bbe3-b729443926a1","custom_liquid_yWWrW3","2c4e3e7e-0da8-4727-b9fd-ef6d379b664b","main-collection-heading","439e38df-206c-40a8-9cd5-fc0e5f00f9d3","product-grid","sub-collection"]}