{"sections":{"ad5b88b9-7c73-40d8-a7e0-60b6519d3f30":{"type":"scrolling-text","blocks":{"template--17082272252147__ad5b88b9-7c73-40d8-a7e0-60b6519d3f30-scrolling_text-1":{"type":"scrolling_text","settings":{"content":"<p>DESAFIA LOS LÍMITES<\/p>","text_link":""}},"template--17082272252147__ad5b88b9-7c73-40d8-a7e0-60b6519d3f30-scrolling_text-2":{"type":"scrolling_text","disabled":true,"settings":{"content":"<p>FREE DELIVERY AND RETURNS FROM $120<\/p>","text_link":""}},"template--17082272252147__ad5b88b9-7c73-40d8-a7e0-60b6519d3f30-scrolling_text-3":{"type":"scrolling_text","disabled":true,"settings":{"content":"<p>FREE DELIVERY AND RETURNS FROM $120<\/p>","text_link":""}},"template--17082272252147__ad5b88b9-7c73-40d8-a7e0-60b6519d3f30-scrolling_text-4":{"type":"scrolling_text","disabled":true,"settings":{"content":"<p>FREE DELIVERY AND RETURNS FROM $120<\/p>","text_link":""}}},"block_order":["template--17082272252147__ad5b88b9-7c73-40d8-a7e0-60b6519d3f30-scrolling_text-1","template--17082272252147__ad5b88b9-7c73-40d8-a7e0-60b6519d3f30-scrolling_text-2","template--17082272252147__ad5b88b9-7c73-40d8-a7e0-60b6519d3f30-scrolling_text-3","template--17082272252147__ad5b88b9-7c73-40d8-a7e0-60b6519d3f30-scrolling_text-4"],"settings":{"container":"container","color_scheme":"scheme-333208b2-f40a-411c-aa61-a64047ae205b","s_text_color":"#111111","text_font_size":16,"text_font_weight":500,"text_time":10,"text_spacing":50,"text_title":false,"spacing_icon":"icon_circle","padding_top":0,"padding_bottom":0,"reset_spacing":false}},"b95bf1ad-ba57-434a-bbe3-b729443926a1":{"type":"custom-liquid","settings":{"heading_logo_svg":"","heading":"","description":"","text_alignment":"text-center","container":"container","color_scheme":"scheme-013ccfbf-beb5-42e6-bc8f-8a36ab634ca7","content_liquid":"<h1 style=\"margin-bottom:0px;text-transform:uppercase;font-size:20px;\">{{ collection.title }}<\/h1> TIENDA OFICIAL<img align=\"18px\" src=\"https:\/\/cdn.shopify.com\/s\/files\/1\/0594\/7506\/7048\/files\/verificado.png?v=1651943726\" alt=\"Verificado\" style=\"height:16px;width:16px;\"\/>","padding_top":0,"padding_bottom":0,"reset_spacing":false}},"main-collection-heading":{"type":"main-collection-heading","blocks":{"f06a38ad-a426-42c0-a5ff-48ae0218618e":{"type":"1","settings":{"text_fs":45}}},"block_order":["f06a38ad-a426-42c0-a5ff-48ae0218618e"],"disabled":true,"settings":{"color_scheme":"scheme-b808185a-cae7-47ba-9fe9-7d81ddf7e485","show_banner":true,"use_collection_image":false,"min_height":200,"parallax":false,"show_overlay":false,"overlay":54,"design":"text-overlay-image","text_postion":"text-center"}},"439e38df-206c-40a8-9cd5-fc0e5f00f9d3":{"type":"spacing","settings":{"spacing_desktop":30,"spacing_moible":10}},"product-grid":{"type":"main-collection-product","blocks":{"3b46edaf-55ef-46a8-b8fe-a6eb39ade3a8":{"type":"filter_by_dynamic","settings":{}},"35c81196-1f20-4b1d-98e4-1bea284fe6d7":{"type":"categories","settings":{"title":"Bermudas","menu":"bermudas-hombre"}},"2039056a-3cc3-4534-a522-d35bdfbaef6c":{"type":"popular_product","disabled":true,"settings":{"title":"Featured Product","collection":"sweaters","type_product":"list","maximum":3}},"8fe431f8-91f7-4b21-a605-4b55df7293e1":{"type":"image_banner","disabled":true,"settings":{"url":"shopify:\/\/products\/colorful-wind-coats","open_link":false}}},"block_order":["3b46edaf-55ef-46a8-b8fe-a6eb39ade3a8","35c81196-1f20-4b1d-98e4-1bea284fe6d7","2039056a-3cc3-4534-a522-d35bdfbaef6c","8fe431f8-91f7-4b21-a605-4b55df7293e1"],"custom_css":[".btn-filter {position: fixed; z-index: 4; bottom: 3%; left: 50%; transform: translateX(-50%); width: 75%; justify-content: center; background-color: #43d5b0; color: black; border-color: #43d5b0; font-size: 15px; box-shadow: rgba(0, 0, 0, 0.12) 0px 1px 3px, rgba(0, 0, 0, 0.24) 0px 1px 2px;}",".filter-title {color: black;}"],"settings":{"enable_list_view":false,"products_column":3,"number_products_grid":24,"number_products_list":4,"pagination":"infinit_scrolling","product_page_count":true,"product_sort_options":true,"progress_bar":true,"enable_sidebar":true,"sidebar_position":"left_sidebar","show_count":false}},"sub-collection":{"type":"sub-collection","settings":{"heading":"","description":"","text_alignment":"text-center","container":"container","color_scheme":"","design_layout":"carousel","design_collection":"design-1","hover_effect":"zoom","show_count_product":true,"hide_image_collection":false,"collection_center":false,"custom_width_images":false,"width_image":200,"images_style":"square","image_ratio":"3\/4","custom_ratio":"21:9","custom_column":6,"column_gap":30,"collection_font_size":16,"collection_font_weight":500,"collection_spacing":0,"count_font_size":14,"count_font_weight":400,"autoplay":false,"loop":false,"show_arrow":false,"carousel_pagination":"carousel_none","reveal_on_scroll":false,"padding_top":0,"padding_bottom":0,"reset_spacing":false}},"67d9750c-1857-4df0-9a1d-682969b34ee0":{"type":"collection-link","blocks":{"template--17096784150771__67d9750c-1857-4df0-9a1d-682969b34ee0-link_item-1":{"type":"link_item","settings":{"title_collection":"Bermudas Cargo Hombre","collection":"bermudas-cargo-hombre"}},"template--17096784150771__67d9750c-1857-4df0-9a1d-682969b34ee0-link_item-2":{"type":"link_item","disabled":true,"settings":{"title_collection":"Remeras Manga Larga","collection":"remeras-manga-larga-hombre"}},"ebf6c72e-984f-4d6d-b280-981185bf7e6e":{"type":"link_item","disabled":true,"settings":{"title_collection":"Musculosas","collection":"musculosas-hombre"}},"69e0f6d0-5734-4f62-8d86-d16a93ce61a0":{"type":"link_item","disabled":true,"settings":{"title_collection":"Chombas","collection":"chombas-hombre"}}},"block_order":["template--17096784150771__67d9750c-1857-4df0-9a1d-682969b34ee0-link_item-1","template--17096784150771__67d9750c-1857-4df0-9a1d-682969b34ee0-link_item-2","ebf6c72e-984f-4d6d-b280-981185bf7e6e","69e0f6d0-5734-4f62-8d86-d16a93ce61a0"],"disabled":true,"settings":{"heading_logo_svg":"","heading":"Tipos de Bermudas Hombre","description":"","text_alignment":"text-left","container":"container-fluid","color_scheme":"","show_count_product":false,"content_width_box_link":100,"link_font_size":16,"link_font_weight":400,"collection_type":"link","column_gap":20,"padding_top":20,"padding_bottom":40,"reset_spacing":false}},"1aaaa8f3-270d-4c79-8cbe-8f42812af813":{"type":"collection-link","blocks":{"3a7ce7d8-3e06-4549-b0a1-ac6c515e3a92":{"type":"link_item","settings":{"title_collection":"Bermudas Negras","collection":"bermudas-negras-hombre"}},"65f3dbbb-778b-49a4-888b-6cbe741ec60c":{"type":"link_item","disabled":true,"settings":{"title_collection":"Remeras Blancas","collection":"remeras-blancas-hombre"}},"91204737-1aa6-41a4-b36a-385d4bf9bf52":{"type":"link_item","disabled":true,"settings":{"title_collection":"Musculosas","collection":"musculosas-hombre"}},"addcd5e8-5500-41e4-8e9e-cc734c654a3d":{"type":"link_item","disabled":true,"settings":{"title_collection":"Chombas","collection":"chombas-hombre"}}},"block_order":["3a7ce7d8-3e06-4549-b0a1-ac6c515e3a92","65f3dbbb-778b-49a4-888b-6cbe741ec60c","91204737-1aa6-41a4-b36a-385d4bf9bf52","addcd5e8-5500-41e4-8e9e-cc734c654a3d"],"disabled":true,"settings":{"heading_logo_svg":"","heading":"El Mejor Color para Bermudas","description":"","text_alignment":"text-left","container":"container-fluid","color_scheme":"","show_count_product":false,"content_width_box_link":100,"link_font_size":16,"link_font_weight":400,"collection_type":"link","column_gap":20,"padding_top":20,"padding_bottom":40,"reset_spacing":false}},"9fdf1c67-e4a0-4533-af21-0870b1708937":{"type":"collection-link","blocks":{"db41ae1c-500d-4d63-9341-f87093a99435":{"type":"link_item","settings":{"title_collection":"Bermudas Rusty","collection":"bermuda-rusty-hombre"}},"c8d540ec-f307-4549-b5db-8242e2a3b471":{"type":"link_item","settings":{"title_collection":"Bermudas Champion","collection":"bermudas-champion-hombre"}},"421a3f59-8ac3-4e40-8044-a39b5d931514":{"type":"link_item","settings":{"title_collection":"Bermudas Dc","collection":"bermudas-dc-hombre"}},"985580fc-8014-4b46-a8e2-4af4cd187e34":{"type":"link_item","settings":{"title_collection":"Bermudas Rip Curl","collection":"bermudas-rip-curl-hombre"}},"5dfd4786-2a38-4d13-b68b-dac4db4aa39f":{"type":"link_item","disabled":true,"settings":{"title_collection":"Remeras Santa Cruz","collection":"remeras-santa-cruz-hombre"}},"33b0cc4e-62e3-48a0-a8b1-8058379ac961":{"type":"link_item","disabled":true,"settings":{"title_collection":"Remeras Rusty","collection":"remeras-rusty-hombre"}},"45abfde8-563b-4a99-8f89-9a01611396ef":{"type":"link_item","disabled":true,"settings":{"title_collection":"Remeras Rip Curl","collection":"remeras-rip-curl-hombre"}},"ae20792b-6d52-44d2-b2c4-59762daeaa46":{"type":"link_item","disabled":true,"settings":{"title_collection":"Remeras Creature","collection":"remeras-creature-hombre"}},"238997fc-7300-4ff3-b318-00cc05715953":{"type":"link_item","disabled":true,"settings":{"title_collection":"Remeras Converse","collection":"remeras-converse-hombre"}}},"block_order":["db41ae1c-500d-4d63-9341-f87093a99435","c8d540ec-f307-4549-b5db-8242e2a3b471","421a3f59-8ac3-4e40-8044-a39b5d931514","985580fc-8014-4b46-a8e2-4af4cd187e34","5dfd4786-2a38-4d13-b68b-dac4db4aa39f","33b0cc4e-62e3-48a0-a8b1-8058379ac961","45abfde8-563b-4a99-8f89-9a01611396ef","ae20792b-6d52-44d2-b2c4-59762daeaa46","238997fc-7300-4ff3-b318-00cc05715953"],"disabled":true,"settings":{"heading_logo_svg":"","heading":"Tops Marcas para el Verano","description":"","text_alignment":"text-left","container":"container-fluid","color_scheme":"default-color-scheme","show_count_product":false,"content_width_box_link":100,"link_font_size":16,"link_font_weight":400,"collection_type":"link","column_gap":20,"padding_top":0,"padding_bottom":0,"reset_spacing":false}}},"order":["ad5b88b9-7c73-40d8-a7e0-60b6519d3f30","b95bf1ad-ba57-434a-bbe3-b729443926a1","main-collection-heading","439e38df-206c-40a8-9cd5-fc0e5f00f9d3","product-grid","sub-collection","67d9750c-1857-4df0-9a1d-682969b34ee0","1aaaa8f3-270d-4c79-8cbe-8f42812af813","9fdf1c67-e4a0-4533-af21-0870b1708937"]}