{"sections":{"main-collection-heading":{"type":"main-collection-heading","blocks":{"f06a38ad-a426-42c0-a5ff-48ae0218618e":{"type":"1","disabled":true,"settings":{"text_fs":30}}},"block_order":["f06a38ad-a426-42c0-a5ff-48ae0218618e"],"disabled":true,"custom_css":[],"settings":{"container":"container","color_scheme":"","show_banner":false,"use_collection_image":false,"min_height":0,"parallax":false,"show_overlay":false,"overlay":17,"design":"text-overlay-image","text_postion":"text-left"}},"79ffad59-0770-4df4-af93-67c0dec3be8b":{"type":"custom-liquid","custom_css":["h1 {font-size: 24px; text-transform: uppercase;}"],"settings":{"heading_logo_svg":"","heading":"","description":"","text_alignment":"text-center","container":"container","color_scheme":"scheme-013ccfbf-beb5-42e6-bc8f-8a36ab634ca7","content_liquid":"<div><h1 style=\"margin-bottom:0px;\">{{ collection.title }}<\/h1> TIENDA OFICIAL<img align=\"18px\" src=\"https:\/\/cdn.shopify.com\/s\/files\/1\/0594\/7506\/7048\/files\/verificado.png?v=1651943726\" alt=\"Verificado\" style=\"height:16px;width:16px;\"\/><\/div>","padding_top":0,"padding_bottom":0,"reset_spacing":false}},"8498460c-0376-40d1-bafc-199edbe0edfc":{"type":"collection-list","blocks":{"template--16567751475447__8498460c-0376-40d1-bafc-199edbe0edfc-16665857567f9937b1-0":{"type":"collection_item","settings":{"title_collection":"zapatillas","collection":"zapatillas-dc"}},"template--16567751475447__8498460c-0376-40d1-bafc-199edbe0edfc-16665857567f9937b1-1":{"type":"collection_item","settings":{"title_collection":"buzos","collection":"buzos-dc-shoes","image":"shopify:\/\/shop_images\/buzo-dc-circle-star-blanco-indy-2.jpg"}},"616f3472-abe6-41ef-8d49-4e190d1fc5cc":{"type":"collection_item","settings":{"title_collection":"camperas","collection":"camperas-dc-shoes","image":"shopify:\/\/shop_images\/campera-dc-square-up-2-puffer-negro-indy-5_4c571660-e2f1-469d-9a38-4dfb36bfd953.jpg"}},"template--16567751475447__8498460c-0376-40d1-bafc-199edbe0edfc-16665857567f9937b1-2":{"type":"collection_item","settings":{"title_collection":"remeras","collection":"remeras-dc-shoes","image":"shopify:\/\/shop_images\/remera-dc-circle-star-negro-indy-1.jpg"}},"template--16567751475447__8498460c-0376-40d1-bafc-199edbe0edfc-16665857567f9937b1-3":{"type":"collection_item","disabled":true,"settings":{"title_collection":"mochilas","collection":"mochilas-dc","image":"shopify:\/\/shop_images\/mochila-dc-nickel-bag-2s-negro-indy_8136d7db-aad7-4eab-968d-2df1ac7d8612.jpg"}},"c5dc9103-feb3-406e-9ab8-61504bb28fdb":{"type":"collection_item","disabled":true,"settings":{"title_collection":"Gorros","collection":"gorros-dc","image":"shopify:\/\/shop_images\/gorro-dc-snow-sight-negro-indy-1_68501543-89a9-4c34-8808-3bcaaa32b22a.jpg"}},"1a0e1a73-5f20-4378-b5c5-fe2e89e30c42":{"type":"collection_item","disabled":true,"settings":{"title_collection":"ojotas","collection":"ojotas-dc","image":"shopify:\/\/shop_images\/ojota-dc-lynx-slide-negro-indy-1_fb53ff87-0ccd-48df-a60e-67bf694c34b8.jpg"}},"f2fc114d-493a-4996-a5d3-680228e6a3f0":{"type":"collection_item","settings":{"title_collection":"Riñoneras","collection":"rinoneras-dc","image":"shopify:\/\/shop_images\/rinonera-dc-safari-2-negro-camuflado-indy-1_248d0802-97b7-478c-997d-70b6633b1559.jpg"}},"36a53b4a-830c-4660-a410-d73343bf9d7d":{"type":"collection_item","disabled":true,"settings":{"title_collection":"pantalones","collection":"pantalones-dc"}}},"block_order":["template--16567751475447__8498460c-0376-40d1-bafc-199edbe0edfc-16665857567f9937b1-0","template--16567751475447__8498460c-0376-40d1-bafc-199edbe0edfc-16665857567f9937b1-1","616f3472-abe6-41ef-8d49-4e190d1fc5cc","template--16567751475447__8498460c-0376-40d1-bafc-199edbe0edfc-16665857567f9937b1-2","template--16567751475447__8498460c-0376-40d1-bafc-199edbe0edfc-16665857567f9937b1-3","c5dc9103-feb3-406e-9ab8-61504bb28fdb","1a0e1a73-5f20-4378-b5c5-fe2e89e30c42","f2fc114d-493a-4996-a5d3-680228e6a3f0","36a53b4a-830c-4660-a410-d73343bf9d7d"],"custom_css":[".bls__collection-image {box-shadow: rgba(99, 99, 99, 0.2) 0px 2px 8px 0px;}"],"settings":{"heading_logo_svg":"","heading":"","description":"","text_alignment":"text-center","container":"container-fluid","color_scheme":"default-color-scheme","design_layout":"carousel","design_collection":"design-3","hover_effect":"zoom","show_count_product":false,"custom_width_images":true,"width_image":200,"images_style":false,"image_ratio":"3\/4","custom_ratio":"21:9","custom_column":4,"column_gap":40,"collection_font_size":18,"collection_font_weight":500,"collection_spacing":0,"count_font_size":14,"count_font_weight":400,"autoplay":false,"loop":false,"show_arrow":false,"carousel_pagination":"carousel_none","reveal_on_scroll":false,"padding_top":10,"padding_bottom":0,"reset_spacing":true}},"439e38df-206c-40a8-9cd5-fc0e5f00f9d3":{"type":"spacing","disabled":true,"settings":{"spacing_desktop":30,"spacing_moible":10}},"product-grid":{"type":"main-collection-product","blocks":{"35c81196-1f20-4b1d-98e4-1bea284fe6d7":{"type":"categories","settings":{"title":"Zapatillas DC","menu":"dc-shoes"}},"3b46edaf-55ef-46a8-b8fe-a6eb39ade3a8":{"type":"filter_by_dynamic","settings":{}},"2039056a-3cc3-4534-a522-d35bdfbaef6c":{"type":"popular_product","disabled":true,"settings":{"title":"Featured Product","collection":"sweaters","type_product":"list","maximum":3}},"8fe431f8-91f7-4b21-a605-4b55df7293e1":{"type":"image_banner","disabled":true,"settings":{"url":"shopify:\/\/products\/colorful-wind-coats","open_link":false}}},"block_order":["35c81196-1f20-4b1d-98e4-1bea284fe6d7","3b46edaf-55ef-46a8-b8fe-a6eb39ade3a8","2039056a-3cc3-4534-a522-d35bdfbaef6c","8fe431f8-91f7-4b21-a605-4b55df7293e1"],"custom_css":[".btn-filter {position: fixed; z-index: 4; bottom: 0%; left: 50%; transform: translateX(-50%); width: 100%; height: 50px; justify-content: center; background-color: #f6f6f6; color: black; border-color: #f6f6f6; font-size: 15px; box-shadow: rgba(60, 64, 67, 0.3) 0px 1px 2px 0px, rgba(60, 64, 67, 0.15) 0px 2px 6px 2px;}"],"settings":{"container":"container-fluid","enable_list_view":false,"products_column":3,"number_products_grid":24,"number_products_list":4,"pagination":"infinit_scrolling","product_page_count":true,"product_sort_options":true,"progress_bar":false,"enable_sidebar":true,"sidebar_position":"left_sidebar","show_count":true}},"de724fe5-2a8e-4ddc-af7e-807eeaa191d6":{"type":"faq","blocks":{"template--16809260810483__de724fe5-2a8e-4ddc-af7e-807eeaa191d6-1686680998c6bd223d-0":{"type":"faq","settings":{"title":"¿Cuales son los modelos de zapatillas DC?","content":"<p>En Indy, ofrecemos una amplia gama de zapatillas para satisfacer todas tus necesidades y estilos. Nuestros modelos populares incluyen las <a href=\"https:\/\/www.indy.com.ar\/collections\/dc-court-graffik\" title=\"https:\/\/www.indy.com.ar\/collections\/dc-court-graffik\"><strong>Zapatillas Dc Court Graffik<\/strong><\/a>, las <a href=\"https:\/\/www.indy.com.ar\/collections\/dc-manteca\" title=\"https:\/\/www.indy.com.ar\/collections\/dc-manteca\"><strong>Zapatillas Manteca<\/strong><\/a>, las <a href=\"\/collections\/dc-midway\" title=\"Dc Midway\"><strong>Zapatillas Dc Midway<\/strong><\/a> y las <a href=\"\/collections\/zapatillas-dc-pure\" title=\"Zapatillas Dc Pure\"><strong>Zapatillas Dc Pure<\/strong><\/a>. También tenemos zapatillas de skate con suela reforzada, como las zapatillas Net y las zapatillas E.Tribeka. Además, ofrecemos una selección de zapatillas de lona, de cuero y de ante, así como una variedad de colores como zapatillas dc negras y estampados.<\/p>"}},"template--16809260810483__de724fe5-2a8e-4ddc-af7e-807eeaa191d6-1686680998c6bd223d-1":{"type":"faq","settings":{"title":"¿Son las zapatillas dc para hombre y mujer?","content":"<p>¡Sí, tenemos tanto<strong> <\/strong><a href=\"https:\/\/www.indy.com.ar\/collections\/zapatillas-dc-hombre\" title=\"https:\/\/www.indy.com.ar\/collections\/zapatillas-dc-hombre\"><strong>Zapatillas Dc Hombre<\/strong><\/a> como <a href=\"https:\/\/www.indy.com.ar\/collections\/zapatillas-dc-mujer\" title=\"https:\/\/www.indy.com.ar\/collections\/zapatillas-dc-mujer\"><strong>Zapatillas Dc Mujer<\/strong><\/a>! Nuestra amplia gama de zapatillas incluye estilos populares para ambos géneros, y ofrecemos una gran variedad de modelos y estilos para que puedas encontrar el par perfecto para vos<\/p>"}},"e2f87a53-5eb8-4aa5-968a-563e40561cb7":{"type":"faq","settings":{"title":"¿Como saber si unas zapatillas Dc son originales?","content":"<p>En Indy, nos tomamos muy en serio la calidad y autenticidad de nuestras zapatillas. <\/p><p>Por eso, si deseas asegurarte de que estás comprando un par de zapatillas originales de DC, hay algunas cosas que puedes buscar. Primero, verifica el embalaje de las zapatillas. Las zapatillas originales de DC vienen en una caja de cartón resistente con el logotipo de DC impreso en la parte superior. <\/p><p>También puedes verificar la etiqueta de la zapatilla, que debe tener el logotipo de DC impreso y el nombre del modelo de la zapatilla. <\/p><p>Además, las zapatillas originales de DC tienen una suela de goma de alta calidad con el logotipo de DC impreso en la parte inferior. <\/p><p>Si tienes dudas sobre la autenticidad de un par de zapatillas de DC, no dudes en contactarnos para obtener más información.<\/p>"}},"3bf97df5-429f-4025-81d3-c0630f99f10a":{"type":"faq","disabled":true,"settings":{"title":"¿Se estiran las zapatillas Vans?","content":"<p>Absolutamente, además de sus icónicas zapatillas, Vans ofrece una variedad de ropa y accesorios. Esto incluye remeras, buzos, gorras, mochilas y más, todos diseñados con el estilo único y desenfadado de Vans.<\/p>"}},"762bb606-5c88-4205-91fb-1d30972cdbb3":{"type":"faq","disabled":true,"settings":{"title":"¿Vans ofrece más que solo zapatillas?","content":"<p>Absolutamente, además de sus icónicas zapatillas, Vans ofrece una variedad de ropa y accesorios. Esto incluye remeras, buzos, gorras, mochilas y más, todos diseñados con el estilo único y desenfadado de Vans.<\/p>"}}},"block_order":["template--16809260810483__de724fe5-2a8e-4ddc-af7e-807eeaa191d6-1686680998c6bd223d-0","template--16809260810483__de724fe5-2a8e-4ddc-af7e-807eeaa191d6-1686680998c6bd223d-1","e2f87a53-5eb8-4aa5-968a-563e40561cb7","3bf97df5-429f-4025-81d3-c0630f99f10a","762bb606-5c88-4205-91fb-1d30972cdbb3"],"custom_css":[".border-bottom {border-radius: 25px; box-shadow: rgba(100, 100, 111, 0.2) 0px 7px 29px 0px; margin-bottom: 10px; padding-left: 10px;}"],"settings":{"heading_logo_svg":"","heading":"DC Shoes Argentina","description":"<p>DC Shoes es una marca líder en el mundo de las zapatillas deportivas y de skate. <\/p><p>Con una amplia gama de estilos y diseños únicos, las zapatillas DC son una elección popular entre skaters, surfistas y amantes de la moda en todo el mundo. Ofrecemos zapatillas de lona, de cuero y de ante, así como una variedad de colores y estampados. <\/p><p>Además, nuestras zapatillas Dc hombre cuentan con suelas reforzadas y tecnología de amortiguación avanzada para un rendimiento superior en el skatepark. <\/p><p>Ya sea que busques un calzado casual para el día a día o una opción deportiva para tus actividades, las zapatillas DC mujer te brindarán el ajuste perfecto y la calidad que necesitas.<\/p>","text_alignment":"text-left","container":"container","color_scheme":"","padding_top":0,"padding_bottom":0,"reset_spacing":false}}},"order":["main-collection-heading","79ffad59-0770-4df4-af93-67c0dec3be8b","8498460c-0376-40d1-bafc-199edbe0edfc","439e38df-206c-40a8-9cd5-fc0e5f00f9d3","product-grid","de724fe5-2a8e-4ddc-af7e-807eeaa191d6"]}