{"sections":{"main":{"type":"main-list-collections","blocks":{"ea085fc8-6a0f-4823-bcb2-7a4499c86a3e":{"type":"collection","settings":{"title_collection":"","collection":"women-s-shirts"}},"351de355-2d9a-4419-bbbe-d66a42cc221d":{"type":"collection","settings":{"title_collection":"","collection":"winter-coat"}},"2a798250-3b81-49bf-9de6-e1f903decdfa":{"type":"collection","settings":{"title_collection":"","collection":"sportswear"}},"8577aa4b-476d-46ef-9217-f7083df3d4dc":{"type":"collection","settings":{"title_collection":"","collection":"top-dresses"}},"a227fdce-867c-4733-a957-ffaf5776a834":{"type":"collection","settings":{"title_collection":"","collection":"top-t-shirt"}},"0ccdcafb-5062-42a8-a2b3-4c98c62c1be4":{"type":"collection","settings":{"title_collection":"","collection":"sweaters"}},"c5da3331-aa2c-4eef-b5af-63ad326a1754":{"type":"collection","settings":{"title_collection":"","collection":"overalls"}},"6ef1f09e-c7b3-41d6-9013-2865c97d192f":{"type":"collection","settings":{"title_collection":"","collection":"winter-coat"}},"36cbffdb-96eb-4132-be88-07c82ecc6852":{"type":"collection","settings":{"title_collection":"","collection":"underwear"}},"7cef24cd-52eb-4394-9b74-d0680b109352":{"type":"collection","settings":{"title_collection":"","collection":"new-arrivals"}},"e425ca88-a522-4687-9387-d2afa437c860":{"type":"collection","settings":{"title_collection":"","collection":"denim-shirt"}},"ebe3ece7-fab1-44ca-a21e-9e3a60f4fed9":{"type":"collection","settings":{"title_collection":"","collection":"handbag"}},"e6c70ee5-ad38-44f3-b002-bdd1595c2f7c":{"type":"collection","settings":{"title_collection":"","collection":"blazers"}},"a9fad167-3a8e-49b4-84b7-e553b4be1e6e":{"type":"collection","settings":{"title_collection":"","collection":"hot-swimwear"}},"aec04ab4-c9aa-4634-816b-3591163296a7":{"type":"collection","settings":{"title_collection":"","collection":"home-page"}},"83f2a913-b173-4195-b40a-6efcb975e1cf":{"type":"collection","settings":{"title_collection":"","collection":"shop"}}},"block_order":["ea085fc8-6a0f-4823-bcb2-7a4499c86a3e","351de355-2d9a-4419-bbbe-d66a42cc221d","2a798250-3b81-49bf-9de6-e1f903decdfa","8577aa4b-476d-46ef-9217-f7083df3d4dc","a227fdce-867c-4733-a957-ffaf5776a834","0ccdcafb-5062-42a8-a2b3-4c98c62c1be4","c5da3331-aa2c-4eef-b5af-63ad326a1754","6ef1f09e-c7b3-41d6-9013-2865c97d192f","36cbffdb-96eb-4132-be88-07c82ecc6852","7cef24cd-52eb-4394-9b74-d0680b109352","e425ca88-a522-4687-9387-d2afa437c860","ebe3ece7-fab1-44ca-a21e-9e3a60f4fed9","e6c70ee5-ad38-44f3-b002-bdd1595c2f7c","a9fad167-3a8e-49b4-84b7-e553b4be1e6e","aec04ab4-c9aa-4634-816b-3591163296a7","83f2a913-b173-4195-b40a-6efcb975e1cf"],"settings":{"container":"container-fluid","title":"All collections","des_collection":"Posuere in netus a eu varius adipiscing suspendisse elementum vitae tempor suspendisse\nullamcorper aenean taciti morbi potenti.","type":"custom","sort":"alphabetical","layout":"layout-1","hover_effect":"zoom","images_style":"radius","image_ratio":"custom","custom_ratio":"377:464","show_count_product":true,"columns_desktop":4,"show_button":true,"btn_text":"Shop now","show_description":true,"limit_content_des":23,"column_gap":30,"collection_infinite_scroll":true,"collection_limit":12,"button_show_more":"Show more collections"}}},"order":["main"]}