{"sections":{"main":{"type":"page-about","settings":{}},"507aafc1-1757-4f5b-a2e3-88035abcecf8":{"type":"banner-with-text","blocks":{"4096cbca-6b77-4dcb-b60a-66290398b018":{"type":"text","settings":{"txt_content":"<p>Welcome to umino<\/p>","txt_fs":14,"txt_fw":"600","txt_tf":"uppercase","txt_mt":1,"txt_mb":15}},"7b5b40e5-4ea1-4974-acf9-71bebc1d86cf":{"type":"heading","settings":{"title":"Our Perfect Store","heading_fs":45,"heading_fw":"400","heading_tf":"unset","heading_mt":0,"heading_mb":10}},"template--16584037925111__507aafc1-1757-4f5b-a2e3-88035abcecf8-1665450078ece10545-1":{"type":"text","settings":{"txt_content":"<p>Over 20 years of experience, we have crafted thousands of strategic <\/p>","txt_fs":16,"txt_fw":"400","txt_tf":"unset","txt_mt":1,"txt_mb":1}},"a5653366-79b8-435f-a283-d9bb99e72391":{"type":"text","settings":{"txt_content":"<p>discovery process that enables us to peel back the layers which enable us to understand, connect<\/p>","txt_fs":16,"txt_fw":"400","txt_tf":"unset","txt_mt":1,"txt_mb":1}},"ede78487-3140-4172-acda-6cd6aef45f6d":{"type":"text","settings":{"txt_content":"<p>understand, connect.<\/p>","txt_fs":16,"txt_fw":"400","txt_tf":"unset","txt_mt":1,"txt_mb":1}}},"block_order":["4096cbca-6b77-4dcb-b60a-66290398b018","7b5b40e5-4ea1-4974-acf9-71bebc1d86cf","template--16584037925111__507aafc1-1757-4f5b-a2e3-88035abcecf8-1665450078ece10545-1","a5653366-79b8-435f-a283-d9bb99e72391","ede78487-3140-4172-acda-6cd6aef45f6d"],"settings":{"container":"full-width","color_scheme":"scheme-b808185a-cae7-47ba-9fe9-7d81ddf7e485","banner_type":"image","image":"shopify:\/\/shop_images\/about-us.png","video_url":"https:\/\/www.youtube.com\/watch?v=_9VUPq3SxOc","link":"","open_link":"_blank","bn_design":"text_overlay","text_align":"text-center","text_horizontal_position":"left","text_position":"center","content_bg_color":"","content_width":100,"banner_height":"depend-image","height_dk":800,"height_tb":600,"height_mb":360,"height_full":false,"content_box":"content_in_container","bg_opacity":100,"text_bellow_mobile":false,"img_position":"left","banner_width":"col-md-6","column_gap":30,"hover_effect":"none","padding_top":0,"padding_bottom":0,"reset_spacing":true}},"ce9234d5-6cd4-465a-85fd-01377e10f037":{"type":"banner-with-text","blocks":{"babde14e-f9b5-464b-9c85-58b12c9cf7d3":{"type":"text","settings":{"txt_content":"<p>Our mission<\/p>","txt_fs":12,"txt_fw":"500","txt_tf":"uppercase","txt_mt":1,"txt_mb":5}},"template--16584037925111__ce9234d5-6cd4-465a-85fd-01377e10f037-1665563953d6e64dbe-0":{"type":"heading","settings":{"title":"Story about us","heading_fs":40,"heading_fw":"400","heading_tf":"capitalize","heading_mt":0,"heading_mb":15}},"template--16584037925111__ce9234d5-6cd4-465a-85fd-01377e10f037-1665563953d6e64dbe-1":{"type":"text","settings":{"txt_content":"<p>We have crafted thousands of manufacturing processes, strategy that allows us to understand our customers like never before. We are present up to this point due to the trust and appreciation of our customers. <\/p>","txt_fs":16,"txt_fw":"400","txt_tf":"unset","txt_mt":1,"txt_mb":20}},"53ab94f5-0edc-4a2f-9398-f7520031b381":{"type":"text","settings":{"txt_content":"<p>To help stem the flow of plastic into the ocean, we have committed to eliminating single-use plastic from th product range and food outlets by 2023.<\/p>","txt_fs":16,"txt_fw":"400","txt_tf":"unset","txt_mt":1,"txt_mb":1}}},"block_order":["babde14e-f9b5-464b-9c85-58b12c9cf7d3","template--16584037925111__ce9234d5-6cd4-465a-85fd-01377e10f037-1665563953d6e64dbe-0","template--16584037925111__ce9234d5-6cd4-465a-85fd-01377e10f037-1665563953d6e64dbe-1","53ab94f5-0edc-4a2f-9398-f7520031b381"],"settings":{"container":"container","color_scheme":"scheme-013ccfbf-beb5-42e6-bc8f-8a36ab634ca7","banner_type":"image","image":"shopify:\/\/shop_images\/about-banner.png","video_url":"https:\/\/www.youtube.com\/watch?v=_9VUPq3SxOc","link":"","open_link":"_blank","bn_design":"text_column","text_align":"text-left","text_horizontal_position":"left","text_position":"center","content_bg_color":"","content_width":100,"banner_height":"depend-image","height_dk":800,"height_tb":600,"height_mb":360,"height_full":false,"content_box":"content_in_container","bg_opacity":100,"text_bellow_mobile":false,"img_position":"right","banner_width":"col-md-6","column_gap":40,"hover_effect":"none","padding_top":100,"padding_bottom":60,"reset_spacing":false}},"de27bbae-8b57-4758-bfe7-5ac9b1179505":{"type":"custom-text","blocks":{"template--16584037925111__de27bbae-8b57-4758-bfe7-5ac9b1179505-1665713233cd3512b4-0":{"type":"sub_heading","settings":{"sub_heading":"<p>Why Choose Us<\/p>","sub_fs":12,"sub_fw":"500","sub_tf":"uppercase","sub_mt":0,"sub_mb":0}},"template--16584037925111__de27bbae-8b57-4758-bfe7-5ac9b1179505-1665713233cd3512b4-1":{"type":"heading","settings":{"heading":"Our Unique Things","heading_fs":40,"heading_fw":"400","heading_tf":"unset","heading_mt":0,"heading_mb":10}},"template--16584037925111__de27bbae-8b57-4758-bfe7-5ac9b1179505-1665713233cd3512b4-2":{"type":"desc","settings":{"desc":"<p>Class aptent taciti sociosqu ad litora torquent per conubia nostra per inceptos vel pretium<\/p>","desc_fs":16,"desc_fw":"400","content_width":100,"desc_tf":"unset","desc_mt":0,"desc_mb":0}},"182f37f5-6a43-491b-96b0-b064a7a24418":{"type":"desc","settings":{"desc":"<p> lectus qua. Nunc id cursus metus ididunt ut labore metus episcing.<\/p>","desc_fs":16,"desc_fw":"400","content_width":100,"desc_tf":"unset","desc_mt":0,"desc_mb":0}}},"block_order":["template--16584037925111__de27bbae-8b57-4758-bfe7-5ac9b1179505-1665713233cd3512b4-0","template--16584037925111__de27bbae-8b57-4758-bfe7-5ac9b1179505-1665713233cd3512b4-1","template--16584037925111__de27bbae-8b57-4758-bfe7-5ac9b1179505-1665713233cd3512b4-2","182f37f5-6a43-491b-96b0-b064a7a24418"],"settings":{"container":"container","text_align":"text-center","color_scheme":"","custom_class":"","padding_top":0,"padding_bottom":0,"reset_spacing":true}},"75a2bab7-280b-45ab-bb79-213765e91dbc":{"type":"banner-image","blocks":{"template--16584037925111__75a2bab7-280b-45ab-bb79-213765e91dbc-166556395381b5ea4f-0":{"type":"image_banner","settings":{"banner_width":"4","banner_type":"image","image":"shopify:\/\/shop_images\/banner-about.png","video_url":"https:\/\/www.youtube.com\/watch?v=_9VUPq3SxOc","link":"","open_link":"_blank","subtext":"Unique for Women’s","title":"","content":"<p>Our collections dress a unique and feminine woman. The pieces showcase a timeless style while keeping in mind fashion aesthetics and trends.<\/p>","btn_content":"","button_type":"link"}},"template--16584037925111__75a2bab7-280b-45ab-bb79-213765e91dbc-166556395381b5ea4f-1":{"type":"image_banner","settings":{"banner_width":"4","banner_type":"image","image":"shopify:\/\/shop_images\/banner-about-2.png","video_url":"https:\/\/www.youtube.com\/watch?v=_9VUPq3SxOc","link":"","open_link":"_blank","subtext":"Elegant for Men’s","title":"","content":"<p>From traditional tailoring to the most informal pieces. Our Umino Man collections feature the latest trends with the maximum comfort.<\/p>","btn_content":"","button_type":"primary"}},"3b05d3c8-67d9-4dc9-95bd-ecc9facfdd8b":{"type":"image_banner","settings":{"banner_width":"4","banner_type":"image","image":"shopify:\/\/shop_images\/banner-about.png","video_url":"https:\/\/www.youtube.com\/watch?v=_9VUPq3SxOc","link":"","open_link":"_blank","subtext":"Freedom for Everyone","title":"","content":"<p>The designs have been created adopting the current trends, while leaving room for personal expression among young people.<\/p>","btn_content":"","button_type":"primary"}}},"block_order":["template--16584037925111__75a2bab7-280b-45ab-bb79-213765e91dbc-166556395381b5ea4f-0","template--16584037925111__75a2bab7-280b-45ab-bb79-213765e91dbc-166556395381b5ea4f-1","3b05d3c8-67d9-4dc9-95bd-ecc9facfdd8b"],"settings":{"heading_logo_svg":"","heading":"","description":"","text_alignment":"text-center","container":"container","color_scheme":"","column_gap":30,"layout_on_mobile":false,"design_banner":"text-below-image","design_content":"default","text_align":"text-left","hover_effect":"none","h_font_size":36,"h_font_weight":"default","h_spacing":10,"sub_font_size":18,"sub_font_weight":"default","sub_spacing":10,"des_font_size":16,"des_font_weight":"default","des_spacing":30,"text_position":"bottom","content_on_mobile":false,"reset_color_mb":false,"padding_top":0,"padding_bottom":0,"reset_spacing":false}},"2dc0f1df-4f5b-4b3c-869a-2e69745ae766":{"type":"custom-text","blocks":{"template--16584037925111__2dc0f1df-4f5b-4b3c-869a-2e69745ae766-16667479252899c4f1-2":{"type":"desc","settings":{"desc":"<p>“ Umino will become an example of the responsible business model by doing business<\/p>","desc_fs":20,"desc_fw":"400","content_width":100,"desc_tf":"unset","desc_mt":0,"desc_mb":0}},"a7729639-85be-4c47-a122-0a9b5481e9f2":{"type":"desc","settings":{"desc":"<p>with kindness, profit and bringing practical and long-term values to customers, employees,<\/p>","desc_fs":20,"desc_fw":"400","content_width":100,"desc_tf":"unset","desc_mt":0,"desc_mb":0}},"a1a3c57a-7dfe-4c13-bb19-d22d3166f94c":{"type":"desc","settings":{"desc":"<p> partners, the community for the environment and for shareholders ”<\/p>","desc_fs":20,"desc_fw":"400","content_width":100,"desc_tf":"unset","desc_mt":0,"desc_mb":20}},"03a56868-5767-4f3d-bda1-2ea7942d2c90":{"type":"sub_heading","settings":{"sub_heading":"<p>Michael Anthony, CEO & Founder Umino<\/p>","sub_fs":14,"sub_fw":"400","sub_tf":"unset","sub_mt":0,"sub_mb":0}}},"block_order":["template--16584037925111__2dc0f1df-4f5b-4b3c-869a-2e69745ae766-16667479252899c4f1-2","a7729639-85be-4c47-a122-0a9b5481e9f2","a1a3c57a-7dfe-4c13-bb19-d22d3166f94c","03a56868-5767-4f3d-bda1-2ea7942d2c90"],"settings":{"container":"container","text_align":"text-center","color_scheme":"scheme-735c978e-d3b7-474f-a3f7-562370446399","custom_class":"","padding_top":70,"padding_bottom":24,"reset_spacing":false}},"26c21a87-4e2f-4f70-a443-ad63d4341ac2":{"type":"banner-with-text","blocks":{"7037bd9d-7ccb-4b05-b7b9-0a3b718156b1":{"type":"text","settings":{"txt_content":"<p>OUR FACTORIES<\/p>","txt_fs":12,"txt_fw":"500","txt_tf":"unset","txt_mt":1,"txt_mb":5}},"template--16584037925111__26c21a87-4e2f-4f70-a443-ad63d4341ac2-16655668072faff6b4-0":{"type":"heading","settings":{"title":"The Best Product","heading_fs":40,"heading_fw":"400","heading_tf":"unset","heading_mt":0,"heading_mb":15}},"template--16584037925111__26c21a87-4e2f-4f70-a443-ad63d4341ac2-16655668072faff6b4-1":{"type":"text","settings":{"txt_content":"<p>We spend months finding the best factories around the world—the same ones that produce your favorite designer labels. We visit them often and build strong personal relationships with the owners. Each factory is given a compliance audit to evaluate factors like fair wages.<\/p>","txt_fs":16,"txt_fw":"400","txt_tf":"unset","txt_mt":1,"txt_mb":15}},"template--16584037925111__26c21a87-4e2f-4f70-a443-ad63d4341ac2-16655668072faff6b4-2":{"type":"buttons","settings":{"btn_content":"Learn More","button_type":"primary","button_link":"","button_target":false,"b_mt":0,"b_mb":15}}},"block_order":["7037bd9d-7ccb-4b05-b7b9-0a3b718156b1","template--16584037925111__26c21a87-4e2f-4f70-a443-ad63d4341ac2-16655668072faff6b4-0","template--16584037925111__26c21a87-4e2f-4f70-a443-ad63d4341ac2-16655668072faff6b4-1","template--16584037925111__26c21a87-4e2f-4f70-a443-ad63d4341ac2-16655668072faff6b4-2"],"settings":{"container":"container","color_scheme":"","banner_type":"image","image":"shopify:\/\/shop_images\/about-1.png","video_url":"https:\/\/www.youtube.com\/watch?v=_9VUPq3SxOc","link":"shopify:\/\/pages\/about-us","open_link":"_blank","bn_design":"text_column","text_align":"text-center","text_horizontal_position":"left","text_position":"center","content_bg_color":"","content_width":100,"banner_height":"depend-image","height_dk":800,"height_tb":600,"height_mb":360,"height_full":false,"content_box":"content_in_container","bg_opacity":100,"text_bellow_mobile":false,"img_position":"left","banner_width":"col-md-6","column_gap":50,"hover_effect":"none","padding_top":0,"padding_bottom":0,"reset_spacing":false}},"c3ebe82c-835b-4f82-b2f6-b38befcf6797":{"type":"banner-with-text","blocks":{"53472d49-ff77-4644-b112-81f458396685":{"type":"text","settings":{"txt_content":"<p>OUR QUALITY<\/p>","txt_fs":12,"txt_fw":"500","txt_tf":"unset","txt_mt":1,"txt_mb":5}},"template--16584037925111__c3ebe82c-835b-4f82-b2f6-b38befcf6797-16655668072faff6b4-0":{"type":"heading","settings":{"title":"Timeless Products","heading_fs":40,"heading_fw":"400","heading_tf":"unset","heading_mt":0,"heading_mb":15}},"template--16584037925111__c3ebe82c-835b-4f82-b2f6-b38befcf6797-16655668072faff6b4-1":{"type":"text","settings":{"txt_content":"<p>At Umino, we’re not big on trends. We want you to wear our pieces for years, even decades, to come. That’s why we source the finest materials and factories for our timeless products— like our Grade-A cashmere sweaters, Italian shoes, and Peruvian Pima tees.<\/p>","txt_fs":16,"txt_fw":"400","txt_tf":"unset","txt_mt":1,"txt_mb":15}},"template--16584037925111__c3ebe82c-835b-4f82-b2f6-b38befcf6797-16655668072faff6b4-2":{"type":"buttons","settings":{"btn_content":"Learn More","button_type":"primary","button_link":"","button_target":false,"b_mt":0,"b_mb":15}}},"block_order":["53472d49-ff77-4644-b112-81f458396685","template--16584037925111__c3ebe82c-835b-4f82-b2f6-b38befcf6797-16655668072faff6b4-0","template--16584037925111__c3ebe82c-835b-4f82-b2f6-b38befcf6797-16655668072faff6b4-1","template--16584037925111__c3ebe82c-835b-4f82-b2f6-b38befcf6797-16655668072faff6b4-2"],"settings":{"container":"container","color_scheme":"","banner_type":"image","image":"shopify:\/\/shop_images\/about-2.png","video_url":"https:\/\/www.youtube.com\/watch?v=_9VUPq3SxOc","link":"shopify:\/\/pages\/about-us","open_link":"_blank","bn_design":"text_column","text_align":"text-center","text_horizontal_position":"left","text_position":"center","content_bg_color":"","content_width":100,"banner_height":"depend-image","height_dk":800,"height_tb":600,"height_mb":360,"height_full":false,"content_box":"content_in_container","bg_opacity":100,"text_bellow_mobile":false,"img_position":"right","banner_width":"col-md-6","column_gap":50,"hover_effect":"none","padding_top":0,"padding_bottom":0,"reset_spacing":false}},"bade50e4-4785-43a3-b8a7-6104eaba6db6":{"type":"banner-with-text","blocks":{"814c06a1-ed35-4980-b197-4c0a87f623b7":{"type":"text","settings":{"txt_content":"<p>RULE THE WAVES<\/p>","txt_fs":12,"txt_fw":"500","txt_tf":"uppercase","txt_mt":1,"txt_mb":5}},"template--16584037925111__bade50e4-4785-43a3-b8a7-6104eaba6db6-16655668072faff6b4-0":{"type":"heading","settings":{"title":"Autumn Lookbook","heading_fs":40,"heading_fw":"600","heading_tf":"uppercase","heading_mt":0,"heading_mb":15}},"template--16584037925111__bade50e4-4785-43a3-b8a7-6104eaba6db6-16655668072faff6b4-1":{"type":"text","settings":{"txt_content":"<p>Our latest fall and winter collection.<\/p>","txt_fs":16,"txt_fw":"400","txt_tf":"unset","txt_mt":1,"txt_mb":1}}},"block_order":["814c06a1-ed35-4980-b197-4c0a87f623b7","template--16584037925111__bade50e4-4785-43a3-b8a7-6104eaba6db6-16655668072faff6b4-0","template--16584037925111__bade50e4-4785-43a3-b8a7-6104eaba6db6-16655668072faff6b4-1"],"settings":{"container":"container","color_scheme":"scheme-b808185a-cae7-47ba-9fe9-7d81ddf7e485","banner_type":"image","image":"shopify:\/\/shop_images\/about-banner-box-7.jpg","video_url":"https:\/\/www.youtube.com\/watch?v=_9VUPq3SxOc","link":"","open_link":"_blank","bn_design":"text_overlay","text_align":"text-center","text_horizontal_position":"left","text_position":"center","content_bg_color":"","content_width":100,"banner_height":"depend-image","height_dk":800,"height_tb":600,"height_mb":360,"height_full":false,"content_box":"content_in_container","bg_opacity":100,"text_bellow_mobile":false,"img_position":"left","banner_width":"col-md-9","column_gap":30,"hover_effect":"none","padding_top":0,"padding_bottom":0,"reset_spacing":false}},"7a500f32-66ee-4636-930e-075ba6749c58":{"type":"gallery","blocks":{"template--16584037925111__7a500f32-66ee-4636-930e-075ba6749c58-16656668627386665d-0":{"type":"image","settings":{"image":"shopify:\/\/shop_images\/brand1.png","link":""}},"template--16584037925111__7a500f32-66ee-4636-930e-075ba6749c58-16656668627386665d-1":{"type":"image","settings":{"image":"shopify:\/\/shop_images\/brand2.png","link":""}},"template--16584037925111__7a500f32-66ee-4636-930e-075ba6749c58-16656668627386665d-2":{"type":"image","settings":{"image":"shopify:\/\/shop_images\/brand3.png","link":""}},"template--16584037925111__7a500f32-66ee-4636-930e-075ba6749c58-16656668627386665d-3":{"type":"image","settings":{"image":"shopify:\/\/shop_images\/brand4.png","link":""}},"template--16584037925111__7a500f32-66ee-4636-930e-075ba6749c58-16656668627386665d-4":{"type":"image","settings":{"image":"shopify:\/\/shop_images\/brand5.png","link":""}},"template--16584037925111__7a500f32-66ee-4636-930e-075ba6749c58-16656668627386665d-5":{"type":"image","settings":{"image":"shopify:\/\/shop_images\/brand6.png","link":""}}},"block_order":["template--16584037925111__7a500f32-66ee-4636-930e-075ba6749c58-16656668627386665d-0","template--16584037925111__7a500f32-66ee-4636-930e-075ba6749c58-16656668627386665d-1","template--16584037925111__7a500f32-66ee-4636-930e-075ba6749c58-16656668627386665d-2","template--16584037925111__7a500f32-66ee-4636-930e-075ba6749c58-16656668627386665d-3","template--16584037925111__7a500f32-66ee-4636-930e-075ba6749c58-16656668627386665d-4","template--16584037925111__7a500f32-66ee-4636-930e-075ba6749c58-16656668627386665d-5"],"settings":{"heading_logo_svg":"","heading":"","description":"","text_align":"text-center","container":"container","color_scheme":"","layout_type":"carousel","column_gap":0,"aspect_ratio":"custom","custom_ratio":"35:10","actions_click":"unset","custom_column":3,"grid_image_desktop":6,"autoplay":false,"loop":false,"show_arrow":false,"carousel_pagination":"carousel_none","padding_top":0,"padding_bottom":0,"reset_spacing":true}}},"order":["main","507aafc1-1757-4f5b-a2e3-88035abcecf8","ce9234d5-6cd4-465a-85fd-01377e10f037","de27bbae-8b57-4758-bfe7-5ac9b1179505","75a2bab7-280b-45ab-bb79-213765e91dbc","2dc0f1df-4f5b-4b3c-869a-2e69745ae766","26c21a87-4e2f-4f70-a443-ad63d4341ac2","c3ebe82c-835b-4f82-b2f6-b38befcf6797","bade50e4-4785-43a3-b8a7-6104eaba6db6","7a500f32-66ee-4636-930e-075ba6749c58"]}