{"sections":{"page-sale-banner":{"type":"page-sale-banner","blocks":{"2024c8f9-b959-4469-b2aa-c0fb9ff827f5":{"type":"item","settings":{"sale_label":"Sale off","eb_animation_label":false,"sale_title":"Sale 10% Off","sale_desc":"Applies to running products.","sale_code":"Saleoff10APL","banner_width":"3"}},"2df99faf-1715-4e25-972b-79352fb6d98e":{"type":"item","settings":{"sale_label":"Sale off","eb_animation_label":true,"sale_title":"Sale 20% Off","sale_desc":"Direct deduction of 20% for all bills.","sale_code":"Saleoff20ALL","banner_width":"3"}},"8a8fa9e5-bffc-4268-9b2a-d0db76c9cc34":{"type":"item","settings":{"sale_label":"Sale off","eb_animation_label":false,"sale_title":"Sale 50% Off","sale_desc":"Direct deduction of 50% for all bills.","sale_code":"Saleoff50ALL","banner_width":"3"}},"cdd2fafe-7f5d-4958-bba5-86e80b44235e":{"type":"item","settings":{"sale_label":"Sale off","eb_animation_label":true,"sale_title":"Best Of Sale","sale_desc":"Applicable to all items and all store.","sale_code":"bestSaleoff","banner_width":"3"}}},"block_order":["2024c8f9-b959-4469-b2aa-c0fb9ff827f5","2df99faf-1715-4e25-972b-79352fb6d98e","8a8fa9e5-bffc-4268-9b2a-d0db76c9cc34","cdd2fafe-7f5d-4958-bba5-86e80b44235e"],"settings":{"container":"container","color_scheme":"scheme-cdad2881-e610-44b4-8e2f-e906f6a5f790","heading":"outlet<br>\nUp to 50% Off","description":"<p>Selected Pieces \/ Online Exclusive<\/p>","text_alignment":"text-center","text_size":"large","text_transform":"uppercase","heading_fw":600,"padding_top":100,"padding_bottom":100,"reset_spacing":true}},"b7684526-f835-400c-8315-5ef8d457352d":{"type":"scrolling-text","blocks":{"template--16777677799671__b7684526-f835-400c-8315-5ef8d457352d-16883763791ce68008-0":{"type":"scrolling_text","settings":{"content":"<p>UMINO EDITORIAL - MID-SEASON SALE UP TO 20% OFF<\/p>","text_link":""}},"template--16777677799671__b7684526-f835-400c-8315-5ef8d457352d-16883763791ce68008-1":{"type":"scrolling_text","settings":{"content":"<p>UMINO EDITORIAL - SUMMER SALE FOR ALL SWIMSUITS - 10% OFF<\/p>","text_link":""}},"template--16777677799671__b7684526-f835-400c-8315-5ef8d457352d-16883763791ce68008-2":{"type":"scrolling_text","settings":{"content":"<p>UMINO EDITORIAL - FREE DELIVERY AND RETURNS FROM $120<\/p>","text_link":""}}},"block_order":["template--16777677799671__b7684526-f835-400c-8315-5ef8d457352d-16883763791ce68008-0","template--16777677799671__b7684526-f835-400c-8315-5ef8d457352d-16883763791ce68008-1","template--16777677799671__b7684526-f835-400c-8315-5ef8d457352d-16883763791ce68008-2"],"settings":{"container":"full-width","color_scheme":"scheme-a7934d7b-8af4-45c2-aba0-0f889cae386b","s_text_color":"#ffffff","text_font_size":12,"text_font_weight":500,"text_time":20,"text_spacing":50,"text_title":false,"spacing_icon":"icon_circle","padding_top":20,"padding_bottom":20,"reset_spacing":false}},"372599a2-5ef7-4644-ad2e-8220dd8d71bf":{"type":"collection-tab","blocks":{"template--16777677799671__372599a2-5ef7-4644-ad2e-8220dd8d71bf-168837657547a69214-0":{"type":"collection","settings":{"title":"All items","collection":"blazers"}},"template--16777677799671__372599a2-5ef7-4644-ad2e-8220dd8d71bf-168837657547a69214-1":{"type":"collection","settings":{"title":"Best of Sale","collection":"blazers"}},"bc2b847f-d28f-43bd-94ca-1d7de37011d9":{"type":"collection","settings":{"title":"Sale 50% Off","collection":"blazers"}},"b65ee25d-b159-4772-b91e-2bff93f99b09":{"type":"collection","settings":{"title":"T-shirt","collection":"blazers"}},"169badbd-2634-4c6f-b1d3-5e2cac8beb58":{"type":"collection","settings":{"title":"CROP TOP","collection":"blazers"}}},"block_order":["template--16777677799671__372599a2-5ef7-4644-ad2e-8220dd8d71bf-168837657547a69214-0","template--16777677799671__372599a2-5ef7-4644-ad2e-8220dd8d71bf-168837657547a69214-1","bc2b847f-d28f-43bd-94ca-1d7de37011d9","b65ee25d-b159-4772-b91e-2bff93f99b09","169badbd-2634-4c6f-b1d3-5e2cac8beb58"],"settings":{"heading_logo_svg":"","heading":"Top Offers","description":"<p>Our products are designed for everyone, environmentally friendly.<\/p>","text_alignment":"text-center","container":"container","color_scheme":"","tab_design":"horizontal","tab_style":"tab_desgin_3","tab_type":"grid","limit_products":8,"item_desktop":4,"column_gap":30,"carousel_autoplay":false,"carousel_loop":false,"carousel_arrows":false,"number_of_rows":1,"load_more_button_enable":false,"button_action":"load","button_label":"Load more","button_type":"primary","padding_top":0,"padding_bottom":0,"reset_spacing":false}},"b81ed31e-1af1-4aed-a539-e1f61a4b671c":{"type":"banner-with-text","blocks":{"58a00c2e-06e4-4d79-a35d-3e787a7b1a3a":{"type":"subheading","settings":{"sub_title":"Sale 50% off all dresses","subheading_fs":14,"subheading_fw":"600","subheading_tf":"uppercase","subheading_mt":0,"subheading_mb":10}},"template--16777677799671__b81ed31e-1af1-4aed-a539-e1f61a4b671c-16883766912fabd80d-0":{"type":"heading","settings":{"title":"Special Offers","heading_fs":60,"heading_fw":"400","heading_tf":"unset","heading_mt":0,"heading_mb":10}},"template--16777677799671__b81ed31e-1af1-4aed-a539-e1f61a4b671c-16883766912fabd80d-1":{"type":"text","settings":{"txt_content":"<p>Get these deals before they’re gone! Save big on end-of-season and limited-edition colors in our most popular products.<\/p>","txt_fs":16,"txt_fw":"400","txt_tf":"unset","txt_mt":0,"txt_mb":25}},"template--16777677799671__b81ed31e-1af1-4aed-a539-e1f61a4b671c-16883766912fabd80d-2":{"type":"buttons","settings":{"btn_content":"Shop Now","button_type":"primary","button_link":"","button_target":false,"b_mt":0,"b_mb":15}}},"block_order":["58a00c2e-06e4-4d79-a35d-3e787a7b1a3a","template--16777677799671__b81ed31e-1af1-4aed-a539-e1f61a4b671c-16883766912fabd80d-0","template--16777677799671__b81ed31e-1af1-4aed-a539-e1f61a4b671c-16883766912fabd80d-1","template--16777677799671__b81ed31e-1af1-4aed-a539-e1f61a4b671c-16883766912fabd80d-2"],"settings":{"container":"full-width","color_scheme":"","banner_type":"image","image":"shopify:\/\/shop_images\/img.jpg","video_url":"https:\/\/www.youtube.com\/watch?v=_9VUPq3SxOc","link":"","open_link":"_blank","bn_design":"text_overlay","text_align":"text-center","text_horizontal_position":"center","text_position":"center","content_bg_color":"","content_width":40,"banner_height":"custom-height","height_dk":800,"height_tb":600,"height_mb":400,"height_full":false,"content_box":"content_in_container","bg_opacity":100,"text_bellow_mobile":false,"img_position":"left","banner_width":"col-md-6","column_gap":30,"hover_effect":"none","padding_top":0,"padding_bottom":0,"reset_spacing":false}},"8a99114d-647d-4f2e-a9f0-809cba3b5c15":{"type":"products-carousel","settings":{"heading_logo_svg":"","heading":"People Also Bought","description":"<p>Here’s some of our most similar products people are buying. Click to discover trending style.<\/p>","text_alignment":"text-center","container":"container","color_scheme":"","collection":"blazers","limit_products":8,"item_desktop":4,"column_gap":30,"item_mobile":false,"carousel_autoplay":false,"carousel_loop":false,"carousel_arrows":false,"carousel_pagination":"carousel_none","reveal_on_scroll":false,"view_all_enable":false,"text_view_all":"View All","enable_banner":false,"banner_type":"image","video_url":"https:\/\/www.youtube.com\/watch?v=_9VUPq3SxOc","banner_position":"position-left","banner_link":"","banner_width":30,"padding_top":0,"padding_bottom":0,"reset_spacing":false}},"ae931e5b-4dda-4c84-aabc-3dae756fca2a":{"type":"divider","settings":{"container":"container","border_height":1,"border_color":"#ebebeb","padding_top":0,"padding_bottom":0,"reset_spacing":false}},"ca4a259f-6568-421d-a4c9-96dad9911424":{"type":"icon-box","blocks":{"template--16777677799671__ca4a259f-6568-421d-a4c9-96dad9911424-1688377017810ed808-0":{"type":"iconbox","settings":{"icon":"shopify:\/\/shop_images\/icon_box1_d1.png","heading":"Free Shipping","description":"<p>Get complimentary ground shipping on every order. Don't love it? Send it back, on us.<\/p>"}},"template--16777677799671__ca4a259f-6568-421d-a4c9-96dad9911424-1688377017810ed808-1":{"type":"iconbox","settings":{"icon":"shopify:\/\/shop_images\/icon_box2_d1.png","heading":"Free Returns","description":"<p>Free returns within 10 days, please make sure the items are in undamaged condition.<\/p>"}},"template--16777677799671__ca4a259f-6568-421d-a4c9-96dad9911424-1688377017810ed808-2":{"type":"iconbox","settings":{"icon":"shopify:\/\/shop_images\/icon_box3_d1.png","heading":"Support Online","description":"<p>We support customers 24\/7, send questions we will solve for you immediately.<\/p>"}}},"block_order":["template--16777677799671__ca4a259f-6568-421d-a4c9-96dad9911424-1688377017810ed808-0","template--16777677799671__ca4a259f-6568-421d-a4c9-96dad9911424-1688377017810ed808-1","template--16777677799671__ca4a259f-6568-421d-a4c9-96dad9911424-1688377017810ed808-2"],"settings":{"heading_logo_svg":"","heading":"","description":"","text_alignment":"text-center","container":"container","color_scheme":"","custom_column":3,"column_gap":0,"icon_width":42,"icon_spacing":20,"ib_h_font_size":20,"ib_h_font_weight":"default","ib_spacing":20,"ib_desc_font_size":16,"ib_img_view":"default","img_position":"position-top","content_text_alignment":"text-center","padding_top":0,"padding_bottom":0,"reset_spacing":false}}},"order":["page-sale-banner","b7684526-f835-400c-8315-5ef8d457352d","372599a2-5ef7-4644-ad2e-8220dd8d71bf","b81ed31e-1af1-4aed-a539-e1f61a4b671c","8a99114d-647d-4f2e-a9f0-809cba3b5c15","ae931e5b-4dda-4c84-aabc-3dae756fca2a","ca4a259f-6568-421d-a4c9-96dad9911424"]}