{"sections":{"main":{"type":"main-page","disabled":true,"settings":{}},"custom_liquid_zhjAaH":{"type":"custom-liquid","name":"t:sections.custom-liquid.name","settings":{"heading_logo_svg":"","heading":"","description":"","text_alignment":"text-center","container":"container","color_scheme":"","content_liquid":"<div class=\"indy-sell-wrapper\">\n  <div class=\"indy-sell-container\">\n    \n    <h2 class=\"is-title\">Potenciá tu Marca<\/h2>\n    <p class=\"is-subtitle\">\n      Posicionate dentro del ecosistema de streetwear más grande del país.\n    <\/p>\n\n    <div class=\"is-grid\">\n\n      <div class=\"is-card\">\n        <h3>Alcance inmediato<\/h3>\n        <p>Aparecé donde está la atención y exponé tus productos a nuevas audiencias todos los días.<\/p>\n      <\/div>\n\n      <div class=\"is-card\">\n        <h3>Posicionamiento de marca<\/h3>\n        <p>Tu marca se integra en un entorno consolidado que refuerza credibilidad y valor.<\/p>\n      <\/div>\n\n      <div class=\"is-card\">\n        <h3>Crecimiento orgánico<\/h3>\n        <p>Incrementá tu visibilidad sin invertir en publicidad adicional.<\/p>\n      <\/div>\n\n    <\/div>\n\n    <a \n      href=\"https:\/\/docs.google.com\/forms\/d\/e\/1FAIpQLSe9tbhJY3t1Jgva-K6_lHOw3ehZeGW5pDzMkm_m-sTDLakiZQ\/viewform?usp=header\"\n      target=\"_blank\"\n      class=\"is-cta\"\n    >\n      Quiero vender en Indy\n    <\/a>\n\n  <\/div>\n<\/div>\n\n<style>\n.indy-sell-wrapper {\n  background: #fafafa;\n  padding: 20px 20px;\n  border-radius: 14px;\n  margin: 40px 0;\n}\n\n.indy-sell-container {\n  max-width: 1000px;\n  margin: 0 auto;\n  text-align: center;\n}\n\n.is-title {\n  font-size: 36px;\n  font-weight: 800;\n  color: #111;\n  margin-bottom: 12px;\n}\n\n.is-subtitle {\n  font-size: 17px;\n  max-width: 680px;\n  margin: 0 auto 40px;\n  color: #444;\n  line-height: 1.45;\n}\n\n\/* GRID más compacto *\/\n.is-grid {\n  display: grid;\n  grid-template-columns: repeat(auto-fit, minmax(240px, 1fr));\n  gap: 24px;\n  margin-bottom: 40px;\n}\n\n.is-card {\n  background: #fff;\n  padding: 24px;\n  border-radius: 12px;\n  border: 1px solid #e8e8e8;\n  box-shadow: 0 3px 12px rgba(0,0,0,0.04);\n  text-align: left;\n  transition: 0.25s ease;\n}\n\n.is-card:hover {\n  border-color: #00d4aa;\n  transform: translateY(-3px);\n  box-shadow: 0 6px 18px rgba(0,0,0,0.06);\n}\n\n.is-card h3 {\n  font-size: 18px;\n  font-weight: 700;\n  margin-bottom: 8px;\n  color: #111;\n}\n\n.is-card p {\n  font-size: 14.5px;\n  color: #555;\n  line-height: 1.45;\n}\n\n\/* CTA más cerca y más compacto *\/\n.is-cta {\n  display: inline-block;\n  background: #00d4aa;\n  color: #fff;\n  padding: 14px 34px;\n  border-radius: 10px;\n  font-weight: 700;\n  font-size: 17px;\n  text-decoration: none;\n  transition: 0.25s ease;\n}\n\n.is-cta:hover {\n  background: #00b68f;\n  transform: scale(1.04);\n}\n<\/style>","padding_top":0,"padding_bottom":0,"reset_spacing":true}},"collection_list_KDeQzV":{"type":"collection-list","blocks":{"collection_item_pcyhEd":{"type":"collection_item","settings":{"title_collection":"","collection":"","image":"shopify:\/\/shop_images\/mormaii-logo-png_seeklogo-94846.avif"}},"collection_item_jbTmJn":{"type":"collection_item","settings":{"title_collection":"","collection":"","image":"shopify:\/\/shop_images\/Diseno_sin_titulo_17.avif"}},"collection_item_X37RR8":{"type":"collection_item","settings":{"title_collection":"","collection":"","image":"shopify:\/\/shop_images\/Diseno_sin_titulo_9.avif"}},"collection_item_aPEbDE":{"type":"collection_item","settings":{"title_collection":"","collection":"","image":"shopify:\/\/shop_images\/Diseno_sin_titulo_-_2025-10-08T151543.304.webp"}},"collection_item_MdHypi":{"type":"collection_item","settings":{"title_collection":"","collection":"","image":"shopify:\/\/shop_images\/logo-850981879-1555795558-3c150d77d7ad7400c311db963219c0121555795558-480-0_49cc01a4-f5c2-43b3-b1f5-930c8b0d1980_1.webp"}},"collection_item_yXpiJC":{"type":"collection_item","settings":{"title_collection":"","collection":"","image":"shopify:\/\/shop_images\/images.avif"}},"collection_item_Eiyw7x":{"type":"collection_item","settings":{"title_collection":"","collection":"","image":"shopify:\/\/shop_images\/Diseno_sin_titulo_19.avif"}}},"block_order":["collection_item_pcyhEd","collection_item_jbTmJn","collection_item_X37RR8","collection_item_aPEbDE","collection_item_MdHypi","collection_item_yXpiJC","collection_item_Eiyw7x"],"custom_css":[".bls__collection-title {display: none !important;}"],"name":"t:sections.collection-list.name","settings":{"heading_logo_svg":"","heading":"Casos de éxito","description":"","text_alignment":"text-center","container":"container","color_scheme":"","design_layout":"carousel","design_collection":"design-2","hover_effect":"zoom","show_count_product":false,"custom_width_images":false,"width_image":200,"images_style":false,"image_ratio":"1\/1","custom_ratio":"21:9","custom_column":6,"column_gap":30,"collection_font_size":16,"collection_font_weight":500,"collection_spacing":0,"count_font_size":14,"count_font_weight":400,"autoplay":true,"loop":true,"show_arrow":false,"carousel_pagination":"carousel_none","reveal_on_scroll":false,"padding_top":0,"padding_bottom":0,"reset_spacing":false}},"custom_liquid_nAURAU":{"type":"custom-liquid","name":"t:sections.custom-liquid.name","settings":{"heading_logo_svg":"","heading":"","description":"","text_alignment":"text-center","container":"container","color_scheme":"","content_liquid":"<div class=\"indy-steps-wrapper\">\n  <div class=\"indy-steps-container\">\n\n    <h2 class=\"is-title\">¿Cómo funciona vender en Indy?<\/h2>\n    <p class=\"is-subtitle\">\n      Indy te permite mostrar tus productos a miles de nuevos compradores. Vos solo tenés que publicar y despachar; nosotros hacemos el resto.\n    <\/p>\n\n    <div class=\"is-steps-grid\">\n\n      <!-- STEP 1 -->\n      <div class=\"is-step\">\n        <div class=\"is-step-number\">1<\/div>\n        <div class=\"is-step-icon\">\n          <!-- Icono Usuario Moderno -->\n          <svg width=\"44\" height=\"44\" viewBox=\"0 0 24 24\" fill=\"none\" stroke=\"#111\" stroke-width=\"1.8\" stroke-linecap=\"round\" stroke-linejoin=\"round\">\n            <circle cx=\"12\" cy=\"7\" r=\"4\"><\/circle>\n            <path d=\"M4 21c0-4 4-7 8-7s8 3 8 7\"><\/path>\n          <\/svg>\n        <\/div>\n        <h3>Registrate<\/h3>\n        <p>Creamos tu cuenta de vendedor y cargás tus productos.<\/p>\n      <\/div>\n\n      <!-- STEP 2 -->\n      <div class=\"is-step\">\n        <div class=\"is-step-number\">2<\/div>\n        <div class=\"is-step-icon\">\n          <!-- Icono Carrito Minimal -->\n          <svg width=\"44\" height=\"44\" viewBox=\"0 0 24 24\" fill=\"none\" stroke=\"#111\" stroke-width=\"1.8\" stroke-linecap=\"round\" stroke-linejoin=\"round\">\n            <circle cx=\"9\" cy=\"20\" r=\"1.5\"><\/circle>\n            <circle cx=\"18\" cy=\"20\" r=\"1.5\"><\/circle>\n            <path d=\"M3 4h2l3.5 12h11l2-8H7\"><\/path>\n          <\/svg>\n        <\/div>\n        <h3>Subí tus productos<\/h3>\n        <p>Publicá tu catálogo para que los clientes puedan verlos y comprar.<\/p>\n      <\/div>\n\n      <!-- STEP 3 -->\n      <div class=\"is-step\">\n        <div class=\"is-step-number\">3<\/div>\n        <div class=\"is-step-icon\">\n          <!-- Icono Camión Premium -->\n          <svg width=\"44\" height=\"44\" viewBox=\"0 0 24 24\" fill=\"none\" stroke=\"#111\" stroke-width=\"1.8\" stroke-linecap=\"round\" stroke-linejoin=\"round\">\n            <path d=\"M3 5h13v11H3z\"><\/path>\n            <path d=\"M16 8h4l1 3v5h-5z\"><\/path>\n            <circle cx=\"7.5\" cy=\"18\" r=\"1.7\"><\/circle>\n            <circle cx=\"17\" cy=\"18\" r=\"1.7\"><\/circle>\n          <\/svg>\n        <\/div>\n        <h3>Despachá tus pedidos<\/h3>\n        <p>Pegá la etiqueta en tu producto y despachalo.<\/p>\n      <\/div>\n\n      <!-- STEP 4 -->\n      <div class=\"is-step\">\n        <div class=\"is-step-number\">4<\/div>\n        <div class=\"is-step-icon\">\n          <!-- Icono Dinero Minimal -->\n          <svg width=\"44\" height=\"44\" viewBox=\"0 0 24 24\" fill=\"none\" stroke=\"#111\" stroke-width=\"1.8\" stroke-linecap=\"round\" stroke-linejoin=\"round\">\n            <rect x=\"2\" y=\"5\" width=\"20\" height=\"14\" rx=\"2\"><\/rect>\n            <circle cx=\"12\" cy=\"12\" r=\"3\"><\/circle>\n          <\/svg>\n        <\/div>\n        <h3>Recibí tu liquidación<\/h3>\n        <p>Accedé al detalle de tus ventas y recibí el pago.<\/p>\n      <\/div>\n\n    <\/div>\n\n    <a \n      href=\"https:\/\/docs.google.com\/forms\/d\/e\/1FAIpQLSe9tbhJY3t1Jgva-K6_lHOw3ehZeGW5pDzMkm_m-sTDLakiZQ\/viewform?usp=header\"\n      target=\"_blank\"\n      class=\"is-cta\"\n    >\n      Aplicar para vender en Indy\n    <\/a>\n\n  <\/div>\n<\/div>\n\n<style>\n\n.indy-steps-wrapper {\n  padding: 20px 20px;\n  background: #fff;\n}\n\n.indy-steps-container {\n  max-width: 1100px;\n  margin: 0 auto;\n  text-align: center;\n}\n\n\/* TITULOS *\/\n.is-title {\n  font-size: 28px;\n  font-weight: 800;\n  margin-bottom: 12px;\n  color: #111;\n}\n\n.is-subtitle {\n  font-size: 18px;\n  max-width: 700px;\n  margin: 0 auto 50px;\n  color: #555;\n  line-height: 1.5;\n}\n\n\/* GRID *\/\n.is-steps-grid {\n  display: grid;\n  grid-template-columns: repeat(auto-fit, minmax(240px, 1fr));\n  gap: 32px;\n  margin-bottom: 50px;\n}\n\n\/* CARDS *\/\n.is-step {\n  background: #fff;\n  padding: 28px 22px;\n  border-radius: 14px;\n  border: 1px solid #e5e5e5;\n  position: relative;\n  box-shadow: 0 4px 12px rgba(0,0,0,0.04);\n  text-align: center;\n  transition: 0.25s ease;\n}\n\n.is-step:hover {\n  transform: translateY(-4px);\n  box-shadow: 0 8px 22px rgba(0,0,0,0.06);\n}\n\n\/* NÚMEROS *\/\n.is-step-number {\n  position: absolute;\n  top: -18px;\n  left: 50%;\n  transform: translateX(-50%);\n  background: #00d4aa;\n  color: #fff;\n  width: 40px;\n  height: 40px;\n  border-radius: 50%;\n  font-weight: 700;\n  display: flex;\n  justify-content: center;\n  align-items: center;\n  font-size: 17px;\n}\n\n\/* ICONOS *\/\n.is-step-icon {\n  margin: 18px 0 12px;\n}\n\n\/* TÍTULOS DE PASOS *\/\n.is-step h3 {\n  font-size: 18px;\n  font-weight: 700;\n  margin-bottom: 6px;\n  color: #111;\n}\n\n\/* TEXTOS *\/\n.is-step p {\n  font-size: 15px;\n  color: #555;\n  line-height: 1.45;\n}\n\n\/* CTA *\/\n.is-cta {\n  display: inline-block;\n  padding: 14px 34px;\n  background: #00d4aa;\n  color: #fff;\n  border-radius: 10px;\n  font-size: 17px;\n  font-weight: 700;\n  text-decoration: none;\n  transition: 0.25s ease;\n}\n\n.is-cta:hover {\n  background: #00b68f;\n  transform: scale(1.04);\n}\n\n<\/style>","padding_top":0,"padding_bottom":0,"reset_spacing":false}}},"order":["main","custom_liquid_zhjAaH","collection_list_KDeQzV","custom_liquid_nAURAU"]}