{"sections":{"page-heading":{"type":"page-heading","blocks":{"title":{"type":"1","settings":{"page_title":"Preguntas Frecuentes","text_fs":45}}},"block_order":["title"],"disabled":true,"custom_css":[".breadcrumbs {display: none;}"],"settings":{"container":"container","color_scheme":"","show_banner":false,"min_height":200,"parallax":false,"show_overlay":false,"overlay":54,"design":"text-overlay-image","text_postion":"text-left"}},"main":{"type":"page-faqs","blocks":{"faq-1":{"type":"faq","settings":{"faq_title":"PROCESO DE COMPRA","question_1":"¿Cómo hago para comprar en indy.com.ar?","answer_1":"<p>1. Elegí los productos.<\/p><p>       Podés buscar productos desde el menú lateral izquierdo de categorías. Una vez que ingresaste a la grilla de productos, podés filtrar la búsqueda por marca, género, disciplina, etc desde el menú lateral izquierdo.<\/p><p> Si buscás un producto en particular, podés ingresar el nombre o código en el buscador principal que se encuentra en el sector superior derecho.<\/p><p>2. Seleccioná lo que queres y agregalo a tu carrito. Hace click sobre el producto que querés comprar. <\/p><p>Seleccioná el color, talle y cantidad deseada. Presioná el botón \"Agregar al carrito\".<\/p><p> Podés agregar más productos a la compra o clickear en el botón del carrito en el sector superior derecho para finalizar tu compra. <\/p><p>3. Tu carrito. Una vez en el carrito chequeá que los productos que están son los que elegiste y avanzá al checkout presionando el botón \"Terminar Pedido\".<\/p><p>4. Datos de facturación. Finalmente deberás completar los datos que te vamos solicitando: datos personales, dirección de entrega, modo de envío, forma de pago.Y listo! Ahora solo resta esperar a que llegue tu pedido.<\/p>","question_2":"¿Cómo hago para seguir mi pedido?","answer_2":"<p>Una vez que tu pedido haya sido despachado, recibirás un correo electrónico informando el número de seguimiento, que te permitirá ver dónde se encuentra a través del sitio web de la transportadora correspondiente.<\/p>","question_3":"¿Cómo hago para cancelar mi pedido?","answer_3":"<p>Para cancelar tu pedido deberás ponerte en contacto con nosotros enviándonos un mail a ventas@indy.com.ar<\/p>","question_4":"¿Cuáles son los medios de pago disponibles?","answer_4":"<p>Podrás abonar tus pedidos con Tarjeta de Crédito, débito o efectivo ( Rapipago o Pago Facil) a través de MercadoPago<\/p>","question_5":"¿Es seguro pagar con mi tarjeta de crédito?","answer_5":"<p>Sí, es seguro. Entendemos que la seguridad de tu información personal es de suma importancia para vos. Cumplimos con el estándar internacional de protección de datos, para que tu información personal y de tarjeta de crédito, esté protegida de accesos no autorizados.<\/p>","question_6":"","answer_6":"","question_7":"","answer_7":"","question_8":"","answer_8":"","question_9":"","answer_9":"","question_10":"","answer_10":""}},"faq-2":{"type":"faq","disabled":true,"settings":{"faq_title":"ENVÍOS Y RETIRO","question_1":"¿Cuáles son las formas de envío?","answer_1":"<p><strong>Envíos a domicilio<\/strong>: Envíos a cualquier punto del país a través de Correo Argentino o Andreani<\/p><p><strong>Envíos a Sucursal<\/strong>: Enviamos a cualquier sucursal de Correo Argentino o Andreani, punto de retiro de este mismo<\/p>","question_2":"¿Cuál es el costo del envío?","answer_2":"<p>El costo del envío a todo el país es depende de la provincia en la que te encuentres (Podes visualizarlo en el carrito antes de realizar el pago)En caso que tu compra supere el monto minino automáticamente el envió pasar a ser gratis<\/p>","question_3":"¿Cuánto tarda en llegar mi pedido?","answer_3":"<p>El tiempo de entrega depende de la disponibilidad del producto, del tiempo de envío y de la aprobación del medio de pago.<\/p><p>Los días que se indiquen son estimativos, y corren siempre a partir del momento en que el pedido se despacha. Las demoras pueden variar de 3 a 10 días hábiles.<\/p>","question_4":"¿Puede recibir mi pedido otra persona?","answer_4":"<p>Puede recibirlo cualquier persona, mayor de 18 años, que se encuentre en el domicilio acordado, presentando documento de identidad.<\/p>","question_5":"¿Qué pasa si no hay nadie para recibir mi pedido?","answer_5":"<p>De no encontrarse persona alguna en el domicilio indicado por el usuario al momento de la entrega del pedido la transportadora realizará una nueva visita.<\/p><p>De no encontrarse nadie en el domicilio nuevamente, el usuario podrá retirarlo por la sucursal logística indicada en el aviso de visita en un plazo máximo de 5 días hábiles desde la fecha de notificación o el pedido regresará a nuestro depósito.<\/p>","question_6":"¿En qué días y horarios entregan los pedidos?","answer_6":"<p>Las entregas de pedidos se realizan de lunes a viernes de 9:00 hs. a 18:00 hs. No se entregan pedidos los fines de semana ni los feriados.<\/p>","question_7":"","answer_7":"","question_8":"","answer_8":"","question_9":"","answer_9":"","question_10":"","answer_10":""}},"faq-3":{"type":"faq","disabled":true,"settings":{"faq_title":"CAMBIOS Y DEVOLUCIONES","question_1":"Compre un producto y no me satisface 100%. ¿Puedo cambiarlo?","answer_1":"<p>Sí, podés elegir cualquier otro producto.<\/p><p> Si existiera diferencia de precio entre el producto devuelto y el producto nuevo, esta deberá ser abonada.<\/p><p>Los cambios serán tomados al precio del producto que figure en la factura original de compra excluyendo el costo del envío.<\/p>","question_2":"¿Cómo se realiza un cambio?","answer_2":"<p>En el caso de que tengas que cambiar un producto mándanos un mensaje a nuestro Whatsapp con los datos de tu orden a +54 9 2804697246.<\/p><p>También podes acercarte a tu sucursal más cercana con el producto y la factura correspondiente.<\/p>","question_3":"¿Cuánto tiempo tengo para hacer un cambio?","answer_3":"<p>Tenés hasta 14 (catorece) días consecutivos desde la recepción del producto para realizar el cambio deseado.<\/p><p>El producto adquirido debe presentar las mismas condiciones en las que fue recibido o comprado, en perfectas condiciones, etiqueta y envoltorio original. <\/p><p>En el caso de tratarse de un cambio por falla contás con 90 (noventa) días consecutivos desde la recepción del producto para realizar el reclamo correspondiente.<\/p>","question_4":"¿Realizar un cambio tiene un costo?","answer_4":"<p>• El costo de un cambio (envío y retiro) a domicilio es de $900.<\/p><p>• En sucursal, sigue siendo gratis.<\/p><p>Si el motivo del cambio es un error de despacho, el mismo no tendrá un costo asociado<\/p>","question_5":"¿Qué pasa si el producto tiene una falla?","answer_5":"<p>Si el producto llegara a presentar una falla de fabricación, mandanos un mensaje a nuestro Whatsapp con los datos de tu orden a +54 9 2804697246 informando el número del pedido y el producto fallado, para que podamos indicarte los pasos a seguir.<\/p>","question_6":"¿Puedo devolver un producto?","answer_6":"<p>En el caso de que quieras devolver un producto envíanos un mensaje a nuestro Whatsapp con los datos de tu orden a +54 9 2804697246.<\/p>","question_7":"","answer_7":"","question_8":"","answer_8":"","question_9":"","answer_9":"","question_10":"","answer_10":""}},"faq-4":{"type":"faq","disabled":true,"settings":{"faq_title":"Ordering from Umino","question_1":"Pellentesque habitant morbi tristique senectus et netus?","answer_1":"<p>The perfect way to enjoy brewing tea on low hanging fruit to identify. Duis autem vel eum iriure dolor in hendrerit vulputate velit esse molestie consequat, vel illum dolore eu feugiat nulla facilisis. For me, the most important part of improving at photography has been sharing it. Lorem ipsum dolor sit amet, consectetur adipisicing elit, sed do eiusmod tempor incididunt ut labore et dolore magna aliqua. Ut enim ad minim veniam, quis nostrud exercitation ullamco laboris nisi ut aliquip ex ea commodo consequat.<\/p>","question_2":"How much is shipping and how long will it take?","answer_2":"<p>The perfect way to enjoy brewing tea on low hanging fruit to identify. Duis autem vel eum iriure dolor in hendrerit vulputate velit esse molestie consequat, vel illum dolore eu feugiat nulla facilisis. For me, the most important part of improving at photography has been sharing it. Lorem ipsum dolor sit amet, consectetur adipisicing elit, sed do eiusmod tempor incididunt ut labore et dolore magna aliqua. Ut enim ad minim veniam, quis nostrud exercitation ullamco laboris nisi ut aliquip ex ea commodo consequat.<\/p>","question_3":"How long will it take to get my package?","answer_3":"<p>The perfect way to enjoy brewing tea on low hanging fruit to identify. Duis autem vel eum iriure dolor in hendrerit vulputate velit esse molestie consequat, vel illum dolore eu feugiat nulla facilisis. For me, the most important part of improving at photography has been sharing it. Lorem ipsum dolor sit amet, consectetur adipisicing elit, sed do eiusmod tempor incididunt ut labore et dolore magna aliqua. Ut enim ad minim veniam, quis nostrud exercitation ullamco laboris nisi ut aliquip ex ea commodo consequat.<\/p>","question_4":"Branding is simply a more efficient way to sell things?","answer_4":"<p>Lorem ipsum dolor sit amet conse ctetur adipisicing elit, sed do eiusmod tempor incididunt ut labore et dolore.<\/p>","question_5":"","answer_5":"","question_6":"","answer_6":"","question_7":"","answer_7":"","question_8":"","answer_8":"","question_9":"","answer_9":"","question_10":"","answer_10":""}}},"block_order":["faq-1","faq-2","faq-3","faq-4"],"settings":{"container":"container","show_number":true,"heading_help":"¿Necesitas Ayuda?","text":"<p>Si tiene un problema o pregunta que requiere asistencia inmediata, puede hacer clic en el botón a continuación para chatear en vivo con un representante de Servicio al Cliente.<\/p><p><br\/>Si no estamos disponibles, envíenos un correo electrónico y le responderemos dentro de las 20 a 36 horas.<\/p>","show_button_1":true,"icon_1":"","label_1":"Chatear","link_1":"https:\/\/wa.me\/5491133339180","show_button_2":true,"icon_2":"","label_2":"nuestras tiendas","link_2":"shopify:\/\/pages\/sucursales"}}},"order":["page-heading","main"]}