{"sections":{"main":{"type":"main-page","disabled":true,"settings":{}},"custom_liquid_amm7rQ":{"type":"custom-liquid","name":"t:sections.custom-liquid.name","settings":{"heading_logo_svg":"","heading":"","description":"","text_alignment":"text-center","container":"container","color_scheme":"","content_liquid":"<section id=\"sc-credit\" class=\"sc-wrap\" aria-labelledby=\"sc-title\">\n  <style>\n    \/* ====== Store Credit (sc-) - Versión mejorada ====== *\/\n    #sc-credit {\n      --sc-bg: #ffffff;\n      --sc-text: #212121;      \/* Color principal Indy *\/\n      --sc-muted: #6b7280;     \n      --sc-line: #e5e7eb;      \n      --sc-accent: #43D5B0;    \/* Verde Indy *\/\n      --sc-accent-ink: #212121; \/* Texto sobre el verde *\/\n      --sc-accent-light: #ecfdf5;\n      --sc-card: #fafafa;\n      --sc-radius: 18px;\n      --sc-shadow: 0 8px 25px rgba(67, 213, 176, 0.15);\n      --sc-shadow-soft: 0 4px 12px rgba(67, 213, 176, 0.08);\n      --sc-maxw: 1100px;\n      --sc-gap: 20px;\n      --sc-font: ui-sans-serif, system-ui, -apple-system, \"Segoe UI\", Roboto, \"Helvetica Neue\", Arial, sans-serif;\n    }\n    \n    #sc-credit * { \n      box-sizing: border-box; \n    }\n    \n    #sc-credit.sc-wrap {\n      background: var(--sc-bg);\n      color: var(--sc-text);\n      font-family: var(--sc-font);\n      margin: 0 auto;\n      padding: clamp(20px, 4vw, 40px);\n      max-width: var(--sc-maxw);\n      line-height: 1.6;\n    }\n\n    \/* Header mejorado *\/\n    .sc-head {\n      display: grid;\n      grid-template-columns: 1fr;\n      gap: 20px;\n      margin-bottom: 32px;\n      text-align: center;\n    }\n    \n    @media (min-width: 768px) {\n      .sc-head {\n        grid-template-columns: 1fr auto;\n        align-items: end;\n        text-align: left;\n        gap: 16px;\n      }\n    }\n    \n    #sc-title {\n      font-size: clamp(24px, 3vw, 36px);\n      line-height: 1.2;\n      margin: 0;\n      letter-spacing: -0.02em;\n      font-weight: 700;\n    }\n    \n    .sc-sub {\n      color: var(--sc-muted);\n      margin: 8px 0 0 0;\n      font-size: clamp(15px, 1.4vw, 18px);\n      max-width: 500px;\n    }\n    \n    @media (min-width: 768px) {\n      .sc-sub {\n        max-width: none;\n      }\n    }\n    \n    .sc-cta {\n      justify-self: center;\n      display: inline-flex;\n      align-items: center;\n      gap: 10px;\n      background: var(--sc-accent);\n      color: var(--sc-accent-ink);\n      border: 0;\n      border-radius: 50px;\n      padding: 12px 20px;\n      font-weight: 700;\n      text-decoration: none;\n      box-shadow: var(--sc-shadow);\n      transition: all 0.3s ease;\n      white-space: nowrap;\n      font-size: 15px;\n    }\n    \n    @media (min-width: 768px) {\n      .sc-cta {\n        justify-self: end;\n      }\n    }\n    \n    .sc-cta:hover { \n      transform: translateY(-2px); \n      box-shadow: 0 12px 35px rgba(67, 213, 176, 0.25);\n      background: #36b693;\n    }\n    \n    .sc-cta svg { \n      width: 18px; \n      height: 18px; \n      flex-shrink: 0;\n    }\n\n    \/* Badge mejorado *\/\n    .sc-badge {\n      display: inline-flex; \n      align-items: center; \n      gap: 6px;\n      font-size: 14px; \n      font-weight: 700; \n      letter-spacing: 0.02em;\n      color: var(--sc-accent-ink); \n      background: var(--sc-accent); \n      border: 1px solid var(--sc-accent);\n      padding: 6px 12px; \n      border-radius: 25px; \n      box-shadow: var(--sc-shadow-soft);\n      margin-left: 8px;\n    }\n\n    \/* Steps mejorados *\/\n    .sc-steps {\n      display: grid;\n      grid-template-columns: 1fr;\n      gap: var(--sc-gap);\n      margin: 20px 0 32px;\n    }\n    \n    @media (min-width: 640px) { \n      .sc-steps { \n        grid-template-columns: repeat(2, 1fr); \n      } \n    }\n    \n    @media (min-width: 1024px) { \n      .sc-steps { \n        grid-template-columns: repeat(4, 1fr); \n      } \n    }\n\n    .sc-card {\n      background: var(--sc-card);\n      border: 1px solid rgba(67, 213, 176, 0.2);\n      border-radius: var(--sc-radius);\n      padding: 24px 20px;\n      box-shadow: var(--sc-shadow-soft);\n      display: grid;\n      grid-template-columns: 60px 1fr;\n      gap: 16px;\n      align-items: start;\n      transition: all 0.3s ease;\n      position: relative;\n      overflow: hidden;\n    }\n    \n    .sc-card:hover {\n      transform: translateY(-3px);\n      box-shadow: var(--sc-shadow);\n      border-color: var(--sc-accent);\n    }\n    \n    .sc-card::before {\n      content: '';\n      position: absolute;\n      top: 0;\n      left: 0;\n      right: 0;\n      height: 3px;\n      background: var(--sc-accent);\n      transform: translateX(-100%);\n      transition: transform 0.3s ease;\n    }\n    \n    .sc-card:hover::before {\n      transform: translateX(0);\n    }\n    \n    .sc-icon {\n      width: 60px; \n      height: 60px; \n      border-radius: 16px;\n      display: grid; \n      place-items: center;\n      background: var(--sc-accent-light); \n      border: 1px solid rgba(67, 213, 176, 0.3);\n      flex-shrink: 0;\n    }\n    \n    .sc-icon svg { \n      width: 32px; \n      height: 32px; \n    }\n    \n    .sc-step h3 {\n      margin: 0 0 8px 0;\n      font-size: 17px;\n      letter-spacing: -0.01em;\n      font-weight: 600;\n      color: var(--sc-text);\n    }\n    \n    .sc-step p {\n      margin: 0; \n      color: var(--sc-muted); \n      font-size: 15px; \n      line-height: 1.5;\n    }\n\n    \/* How-to bar mejorado *\/\n    .sc-howto {\n      display: grid; \n      gap: 16px; \n      grid-template-columns: 1fr;\n      background: linear-gradient(180deg, #fff, #f6fefb 80%);\n      border: 1px solid rgba(67, 213, 176, 0.2);\n      border-radius: var(--sc-radius);\n      padding: 20px;\n      margin: 0 0 32px 0;\n    }\n    \n    @media (min-width: 768px) {\n      .sc-howto { \n        grid-template-columns: 1fr 1fr; \n        gap: 12px;\n      }\n    }\n    \n    .sc-howto .item {\n      display: flex; \n      gap: 12px; \n      align-items: flex-start;\n      padding: 16px; \n      border-radius: 14px; \n      border: 1px dashed rgba(67, 213, 176, 0.4); \n      background: rgba(255, 255, 255, 0.8);\n      transition: all 0.2s ease;\n    }\n    \n    .sc-howto .item:hover {\n      background: rgba(255, 255, 255, 0.95);\n      border-color: var(--sc-accent);\n    }\n    \n    .sc-howto .item svg {\n      flex-shrink: 0;\n      margin-top: 2px;\n      color: var(--sc-accent);\n    }\n    \n    .sc-howto b { \n      color: var(--sc-text); \n    }\n    \n    .sc-howto a {\n      color: var(--sc-accent);\n      text-decoration: underline;\n      text-underline-offset: 2px;\n      font-weight: 600;\n    }\n\n    \/* FAQ mejorado *\/\n    .sc-faq {\n      border: 1px solid rgba(67, 213, 176, 0.2);\n      border-radius: var(--sc-radius);\n      overflow: hidden;\n      background: white;\n      box-shadow: var(--sc-shadow-soft);\n    }\n    \n    .sc-faq h4 {\n      margin: 0;\n      padding: 20px 24px;\n      font-size: 18px;\n      font-weight: 600;\n      background: linear-gradient(135deg, var(--sc-accent) 0%, #36b693 100%);\n      color: var(--sc-accent-ink);\n      border: none;\n    }\n    \n    .sc-acc {\n      border-top: 1px solid rgba(67, 213, 176, 0.15);\n      background: white;\n    }\n    \n    .sc-acc:first-of-type { \n      border-top: 0; \n    }\n    \n    .sc-acc summary {\n      list-style: none;\n      cursor: pointer;\n    }\n    \n    .sc-acc summary::-webkit-details-marker {\n      display: none;\n    }\n    \n    .sc-acc button {\n      width: 100%;\n      text-align: left;\n      padding: 18px 24px;\n      background: white;\n      border: 0;\n      font-size: 16px;\n      font-weight: 500;\n      display: flex;\n      align-items: center;\n      justify-content: space-between;\n      gap: 12px;\n      cursor: pointer;\n      transition: all 0.2s ease;\n      color: var(--sc-text);\n      font-family: inherit;\n    }\n    \n    .sc-acc button:hover { \n      background: #fcfdfd;\n      color: var(--sc-accent);\n    }\n    \n    .sc-acc button svg { \n      width: 20px; \n      height: 20px; \n      flex: 0 0 auto; \n      transition: transform 0.3s ease;\n      color: var(--sc-accent);\n    }\n    \n    .sc-acc[open] button svg { \n      transform: rotate(180deg); \n    }\n    \n    .sc-acc .content {\n      padding: 0 24px 20px 24px;\n      color: var(--sc-muted);\n      font-size: 15px;\n      line-height: 1.6;\n      background: white;\n      border-top: 1px solid rgba(67, 213, 176, 0.1);\n    }\n    \n    .sc-acc .content b {\n      color: var(--sc-text);\n      font-weight: 600;\n    }\n    \n    .sc-note {\n      margin-top: 20px;\n      font-size: 14px;\n      color: var(--sc-muted);\n      text-align: center;\n      padding: 16px 20px;\n      background: var(--sc-accent-light);\n      border-radius: 12px;\n      border: 1px solid rgba(67, 213, 176, 0.2);\n    }\n    \n    \/* Responsive mejoras *\/\n    @media (max-width: 640px) {\n      .sc-card {\n        grid-template-columns: 1fr;\n        text-align: center;\n        padding: 20px 16px;\n      }\n      \n      .sc-icon {\n        justify-self: center;\n        margin-bottom: 8px;\n      }\n      \n      .sc-howto .item {\n        flex-direction: column;\n        text-align: center;\n        gap: 8px;\n      }\n      \n      .sc-acc button {\n        padding: 16px 20px;\n        font-size: 15px;\n      }\n      \n      .sc-acc .content {\n        padding: 0 20px 18px 20px;\n      }\n      \n      .sc-faq h4 {\n        padding: 18px 20px;\n        font-size: 17px;\n      }\n    }\n  <\/style>\n\n  <header class=\"sc-head\">\n    <div>\n      <h2 id=\"sc-title\">Cómo usar tu <span class=\"sc-badge\">Crédito en Tienda<\/span><\/h2>\n      <p class=\"sc-sub\">Seguí estos pasos simples para aplicar tu crédito en tu próxima compra.<\/p>\n    <\/div>\n    <a class=\"sc-cta\" href=\"\/account\" aria-label=\"Ir a mi cuenta para ver mi crédito\">\n      <svg viewBox=\"0 0 24 24\" fill=\"none\" aria-hidden=\"true\">\n        <path d=\"M12 12a5 5 0 1 0-5-5 5 5 0 0 0 5 5Zm0 2c-4.418 0-8 2.239-8 5v1h16v-1c0-2.761-3.582-5-8-5Z\" fill=\"currentColor\"\/>\n      <\/svg>\n      Ver mi crédito\n    <\/a>\n  <\/header>\n\n  <div class=\"sc-steps\" role=\"list\">\n    <article class=\"sc-card\" role=\"listitem\">\n      <div class=\"sc-icon\" aria-hidden=\"true\">\n        <svg viewBox=\"0 0 24 24\" fill=\"none\">\n          <path d=\"M12 12a5 5 0 1 0-5-5 5 5 0 0 0 5 5Zm0 2c-4.418 0-8 2.239-8 5v1h16v-1c0-2.761-3.582-5-8-5Z\" stroke=\"#43D5B0\" stroke-width=\"2\"\/>\n        <\/svg>\n      <\/div>\n      <div class=\"sc-step\">\n        <h3>1) Ingresá o creá tu cuenta<\/h3>\n        <p>Accedé a <b>Mi cuenta<\/b> con tu email. Si nunca compraste, creá una cuenta con el mismo correo donde recibiste tu crédito.<\/p>\n      <\/div>\n    <\/article>\n\n    <article class=\"sc-card\" role=\"listitem\">\n      <div class=\"sc-icon\" aria-hidden=\"true\">\n        <svg viewBox=\"0 0 24 24\" fill=\"none\">\n          <path d=\"M3 4h2l2.4 10.4a2 2 0 0 0 2 1.6h7.6a2 2 0 0 0 2-1.6L21 8H7\" stroke=\"#43D5B0\" stroke-width=\"2\" stroke-linecap=\"round\" stroke-linejoin=\"round\"\/>\n          <circle cx=\"10\" cy=\"20\" r=\"1.6\" fill=\"#43D5B0\"\/>\n          <circle cx=\"18\" cy=\"20\" r=\"1.6\" fill=\"#43D5B0\"\/>\n        <\/svg>\n      <\/div>\n      <div class=\"sc-step\">\n        <h3>2) Sumá productos al carrito<\/h3>\n        <p>Elegí los artículos y avanzá al <b>checkout<\/b>. Tu crédito se puede usar junto a otras promociones vigentes, salvo que se indique lo contrario.<\/p>\n      <\/div>\n    <\/article>\n\n    <article class=\"sc-card\" role=\"listitem\">\n      <div class=\"sc-icon\" aria-hidden=\"true\">\n        <svg viewBox=\"0 0 24 24\" fill=\"none\">\n          <path d=\"M12 2L2 7L12 12L22 7L12 2Z\" stroke=\"#43D5B0\" stroke-width=\"2\" stroke-linejoin=\"round\"\/>\n          <path d=\"M2 17L12 22L22 17\" stroke=\"#43D5B0\" stroke-width=\"2\" stroke-linejoin=\"round\"\/>\n          <path d=\"M2 12L12 17L22 12\" stroke=\"#43D5B0\" stroke-width=\"2\" stroke-linejoin=\"round\"\/>\n        <\/svg>\n      <\/div>\n      <div class=\"sc-step\">\n        <h3>3) Aplicá tu crédito<\/h3>\n        <p>En el paso de <b>pago<\/b>, seleccioná <b>Crédito en tienda<\/b> o <b>Store credit<\/b> y definí cuánto querés utilizar. El total se actualizará automáticamente.<\/p>\n      <\/div>\n    <\/article>\n\n    <article class=\"sc-card\" role=\"listitem\">\n      <div class=\"sc-icon\" aria-hidden=\"true\">\n        <svg viewBox=\"0 0 24 24\" fill=\"none\">\n          <circle cx=\"12\" cy=\"12\" r=\"9\" stroke=\"#43D5B0\" stroke-width=\"2\"\/>\n          <path d=\"M8.5 12.5l2.5 2.5 4.5-5.5\" stroke=\"#43D5B0\" stroke-width=\"2\" stroke-linecap=\"round\" stroke-linejoin=\"round\"\/>\n        <\/svg>\n      <\/div>\n      <div class=\"sc-step\">\n        <h3>4) Completá la compra<\/h3>\n        <p>Si el crédito no cubre el total, podés pagar la diferencia con tu método preferido. ¡Listo, compra confirmada!<\/p>\n      <\/div>\n    <\/article>\n  <\/div>\n\n  <div class=\"sc-howto\" aria-label=\"Información rápida sobre tu crédito\">\n    <div class=\"item\">\n      <svg width=\"20\" height=\"20\" viewBox=\"0 0 24 24\" fill=\"none\" aria-hidden=\"true\">\n        <path d=\"M2 12s3.5-6 10-6 10 6 10 6-3.5 6-10 6S2 12 2 12Z\" stroke=\"currentColor\" stroke-width=\"2\"\/>\n        <circle cx=\"12\" cy=\"12\" r=\"3\" fill=\"currentColor\"\/>\n      <\/svg>\n      <span><b>Consultá tu saldo:<\/b> en <a href=\"\/account\">Mi cuenta<\/a> → Créditos.<\/span>\n    <\/div>\n    <div class=\"item\">\n      <svg width=\"20\" height=\"20\" viewBox=\"0 0 24 24\" fill=\"none\" aria-hidden=\"true\">\n        <rect x=\"3\" y=\"4\" width=\"18\" height=\"17\" rx=\"2\" stroke=\"currentColor\" stroke-width=\"2\"\/>\n        <path d=\"M8 2v4M16 2v4M3 10h18\" stroke=\"currentColor\" stroke-width=\"2\"\/>\n      <\/svg>\n      <span><b>Vencimiento:<\/b> si tu crédito tiene fecha límite, se mostrará junto al saldo.<\/span>\n    <\/div>\n  <\/div>\n\n  <div class=\"sc-faq\" role=\"region\" aria-labelledby=\"sc-faq-title\">\n    <h4 id=\"sc-faq-title\">Preguntas frecuentes<\/h4>\n\n    <details class=\"sc-acc\">\n      <summary>\n        <button type=\"button\" aria-expanded=\"false\">\n          ¿Dónde veo mi crédito disponible?\n          <svg viewBox=\"0 0 24 24\" fill=\"none\" aria-hidden=\"true\">\n            <path d=\"M6 9l6 6 6-6\" stroke=\"currentColor\" stroke-width=\"2\" stroke-linecap=\"round\"\/>\n          <\/svg>\n        <\/button>\n      <\/summary>\n      <div class=\"content\">\n        Ingresá a <b>Mi cuenta<\/b> con tu email. En la sección <b>Créditos<\/b> vas a ver el saldo y movimientos.\n      <\/div>\n    <\/details>\n\n    <details class=\"sc-acc\">\n      <summary>\n        <button type=\"button\" aria-expanded=\"false\">\n          ¿Puedo usarlo parcialmente?\n          <svg viewBox=\"0 24 24\" fill=\"none\" aria-hidden=\"true\">\n            <path d=\"M6 9l6 6 6-6\" stroke=\"currentColor\" stroke-width=\"2\" stroke-linecap=\"round\"\/>\n          <\/svg>\n        <\/button>\n      <\/summary>\n      <div class=\"content\">\n        Sí. En el checkout elegís cuánto crédito aplicar. El sistema descuenta ese monto y pagás la diferencia si corresponde.\n      <\/div>\n    <\/details>\n\n    <details class=\"sc-acc\">\n      <summary>\n        <button type=\"button\" aria-expanded=\"false\">\n          ¿Es combinable con cupones o promos?\n          <svg viewBox=\"0 0 24 24\" fill=\"none\" aria-hidden=\"true\">\n            <path d=\"M6 9l6 6 6-6\" stroke=\"currentColor\" stroke-width=\"2\" stroke-linecap=\"round\"\/>\n          <\/svg>\n        <\/button>\n      <\/summary>\n      <div class=\"content\">\n        En general sí, salvo aclaración en contrario en alguna promo puntual. Si hay restricciones, se indicarán en el carrito.\n      <\/div>\n    <\/details>\n\n    <details class=\"sc-acc\">\n      <summary>\n        <button type=\"button\" aria-expanded=\"false\">\n          ¿Tiene vencimiento?\n          <svg viewBox=\"0 0 24 24\" fill=\"none\" aria-hidden=\"true\">\n            <path d=\"M6 9l6 6 6-6\" stroke=\"currentColor\" stroke-width=\"2\" stroke-linecap=\"round\"\/>\n          <\/svg>\n        <\/button>\n      <\/summary>\n      <div class=\"content\">\n        Puede tenerlo según el caso (devoluciones, campañas, etc.). Si aplica, verás la fecha de expiración junto al saldo.\n      <\/div>\n    <\/details>\n\n    <details class=\"sc-acc\">\n      <summary>\n        <button type=\"button\" aria-expanded=\"false\">\n          ¿Qué pasa si no alcanza para el total?\n          <svg viewBox=\"0 0 24 24\" fill=\"none\" aria-hidden=\"true\">\n            <path d=\"M6 9l6 6 6-6\" stroke=\"currentColor\" stroke-width=\"2\" stroke-linecap=\"round\"\/>\n          <\/svg>\n        <\/button>\n      <\/summary>\n      <div class=\"content\">\n        No hay problema: podés combinar el crédito con cualquier método de pago disponible y cubrir la diferencia.\n      <\/div>\n    <\/details>\n  <\/div>\n\n  <p class=\"sc-note\">💡 Tip: si tu crédito no aparece, revisá que el email de tu cuenta coincida con el que recibió el crédito.<\/p>\n\n  <script>\n    (function(){\n      const root = document.getElementById('sc-credit');\n      if (!root) return;\n      \n      root.querySelectorAll('.sc-acc').forEach(function(acc){\n        const btn = acc.querySelector('summary button');\n        if (!btn) return;\n        \n        function updateAriaExpanded(){\n          btn.setAttribute('aria-expanded', acc.open ? 'true' : 'false');\n        }\n        \n        \/\/ Sincronizar estado inicial\n        updateAriaExpanded();\n        \n        \/\/ Escuchar cambios en el details\n        acc.addEventListener('toggle', updateAriaExpanded);\n        \n        \/\/ Mejorar el click en el botón\n        btn.addEventListener('click', function(e){\n          e.preventDefault();\n          e.stopPropagation();\n          acc.open = !acc.open;\n          updateAriaExpanded();\n        });\n      });\n      \n      \/\/ Animación de entrada suave\n      const observer = new IntersectionObserver((entries) => {\n        entries.forEach((entry, index) => {\n          if (entry.isIntersecting) {\n            setTimeout(() => {\n              entry.target.style.opacity = '1';\n              entry.target.style.transform = 'translateY(0)';\n            }, index * 100);\n          }\n        });\n      }, { threshold: 0.1 });\n\n      root.querySelectorAll('.sc-card').forEach((card, index) => {\n        card.style.opacity = '0';\n        card.style.transform = 'translateY(20px)';\n        card.style.transition = 'opacity 0.6s ease, transform 0.6s ease';\n        observer.observe(card);\n      });\n    })();\n  <\/script>\n<\/section>","padding_top":0,"padding_bottom":0,"reset_spacing":false}}},"order":["main","custom_liquid_amm7rQ"]}