{"sections":{"68c2efa4-0368-4734-b24e-bacdfc75284a":{"type":"custom-html","settings":{"heading_logo_svg":"","heading":"","description":"<h1>TODAS LAS MARCAS<\/h1>","text_alignment":"text-left","container":"container","color_scheme":"scheme-013ccfbf-beb5-42e6-bc8f-8a36ab634ca7","content_html":"","padding_top":3,"padding_bottom":0,"reset_spacing":true}},"main":{"type":"main-page","disabled":true,"settings":{}},"88613476-9cc5-44a3-904a-96f5afe2d750":{"type":"collection-list","blocks":{"template--16826624082163__88613476-9cc5-44a3-904a-96f5afe2d750-collection_item-1":{"type":"collection_item","settings":{"title_collection":"VANS","collection":"vans"}},"template--16826624082163__88613476-9cc5-44a3-904a-96f5afe2d750-collection_item-2":{"type":"collection_item","settings":{"title_collection":"DC SHOES","collection":"dcshoes","image":"shopify:\/\/shop_images\/dcshoes_logo.jpg"}},"template--16826624082163__88613476-9cc5-44a3-904a-96f5afe2d750-collection_item-3":{"type":"collection_item","settings":{"title_collection":"CONVERSE","collection":"converse","image":"shopify:\/\/shop_images\/Converse-Logo_7d216577-e88c-4e2a-bf50-a21b31592221.jpg"}},"collection_item_CEdBeb":{"type":"collection_item","settings":{"title_collection":"TIMBERLAND","collection":"timberland","image":"shopify:\/\/shop_images\/timberland-1.svg"}},"collection_item_qiRdEj":{"type":"collection_item","settings":{"title_collection":"ASICS","collection":"asics","image":"shopify:\/\/shop_images\/Copia_de_Maestre.png"}},"template--16826624082163__88613476-9cc5-44a3-904a-96f5afe2d750-collection_item-4":{"type":"collection_item","settings":{"title_collection":"LE COQ SPORTIF","collection":"le-coq-sportif","image":"shopify:\/\/shop_images\/LE_COQ-brand_96037f52-3c69-4ee3-8ba8-24c15c7702ee.jpg"}},"collection_item_KaVyiA":{"type":"collection_item","settings":{"title_collection":"New Balance","collection":"new-balance","image":"shopify:\/\/shop_images\/new-balance-logo_copia.png"}},"collection_item_PWyMAm":{"type":"collection_item","settings":{"title_collection":"Etnies","collection":"etnies","image":"shopify:\/\/shop_images\/Diseno_sin_titulo_-_2025-10-08T151543.304.png"}},"collection_item_7mDWrh":{"type":"collection_item","settings":{"title_collection":"FILA","collection":"fila","image":"shopify:\/\/shop_images\/Copia_de_Maestre_1.png"}},"collection_item_MNckXB":{"type":"collection_item","settings":{"title_collection":"Street Vision Wear","collection":"vision-street-wear","image":"shopify:\/\/shop_images\/Diseno_sin_titulo_9.jpg"}},"collection_item_BqdLC7":{"type":"collection_item","settings":{"title_collection":"FamilyArg","collection":"familyarg","image":"shopify:\/\/shop_images\/logo-850981879-1555795558-3c150d77d7ad7400c311db963219c0121555795558-480-0_49cc01a4-f5c2-43b3-b1f5-930c8b0d1980.webp"}},"collection_item_TwwqJL":{"type":"collection_item","settings":{"title_collection":"Airwalk","collection":"airwalk","image":"shopify:\/\/shop_images\/images.png"}},"collection_item_cpDDdm":{"type":"collection_item","settings":{"title_collection":"Mormaii","collection":"mormaii","image":"shopify:\/\/shop_images\/mormaii-logo-png_seeklogo-94846.png"}},"collection_item_eKznKi":{"type":"collection_item","settings":{"title_collection":"HeyDude","collection":"hey-dude","image":"shopify:\/\/shop_images\/Diseno_sin_titulo_18.jpg"}},"collection_item_fJE7tP":{"type":"collection_item","settings":{"title_collection":"SHAQ","collection":"shaq","image":"shopify:\/\/shop_images\/Diseno_sin_titulo_17.jpg"}},"collection_item_NMLAPL":{"type":"collection_item","settings":{"title_collection":"C1RCA","collection":"c1rca","image":"shopify:\/\/shop_images\/c1rca_logo_ef193e00-9aeb-495e-83c5-6146b12ffd4a.jpg"}},"collection_item_ENAH7z":{"type":"collection_item","settings":{"title_collection":"NEW ERA","collection":"new-era","image":"shopify:\/\/shop_images\/New-Era-Logo-Photoroom.jpg"}},"collection_item_D8PVGn":{"type":"collection_item","settings":{"title_collection":"Elepants","collection":"elepants","image":"shopify:\/\/shop_images\/Diseno_sin_titulo_19.jpg"}},"collection_item_8X6RQX":{"type":"collection_item","settings":{"title_collection":"ALASKA","collection":"alaska-mountain","image":"shopify:\/\/shop_images\/descarga_7df8dd31-7e60-4634-890e-f6adc0ec871c.png"}},"0463bc90-9020-4f68-83f9-c859fed63d6e":{"type":"collection_item","settings":{"title_collection":"CHAMPION","collection":"champion","image":"shopify:\/\/shop_images\/logo-Champion_argentina.jpg"}},"collection_item_YpcyyE":{"type":"collection_item","settings":{"title_collection":"","collection":"montagne","image":"shopify:\/\/shop_images\/montagne-logo-Photoroom.jpg"}},"225ff630-72a7-42bc-9c8b-6b8470c4a78b":{"type":"collection_item","settings":{"title_collection":"THRASHER","collection":"thrasher","image":"shopify:\/\/shop_images\/thrasher_logo_87caccfe-a20e-49d9-983a-0778d5fb9260.jpg"}},"collection_item_RFjjLY":{"type":"collection_item","settings":{"title_collection":"DVS Shoes","collection":"dvs-shoes","image":"shopify:\/\/shop_images\/80045-dvs-shoes-logo.png"}},"collection_item_8fem3M":{"type":"collection_item","settings":{"title_collection":"QUIKSILVER","collection":"quiksilver","image":"shopify:\/\/shop_images\/Quiksilver_-_Logo.png"}},"collection_item_EYUFMP":{"type":"collection_item","settings":{"title_collection":"OSIRIS","collection":"osiris","image":"shopify:\/\/shop_images\/Diseno_sin_titulo_48_b8b15fcc-7b90-42a7-a9f1-b32973f7f856.png"}},"collection_item_fTx7VW":{"type":"collection_item","settings":{"title_collection":"ROXY","collection":"roxy","image":"shopify:\/\/shop_images\/roxy-logo-vector_5b8dc69e-4492-4326-9479-8ddbf903c4b5.png"}},"collection_item_RdKFfQ":{"type":"collection_item","settings":{"title_collection":"GRIZZLY","collection":"grizzly","image":"shopify:\/\/shop_images\/grizzly_logo.png"}},"collection_item_749gQe":{"type":"collection_item","settings":{"title_collection":"ZOO YORK","collection":"zoo-york","image":"shopify:\/\/shop_images\/logo_zoo_york_5d980e8e-ffe8-4dc0-b539-3dae8cee98f0.jpg"}},"collection_item_RtcMt6":{"type":"collection_item","settings":{"title_collection":"RIP CURL","collection":"rip-curl","image":"shopify:\/\/shop_images\/Rip_Curl_-_Logo.jpg"}},"collection_item_dPCnBz":{"type":"collection_item","settings":{"title_collection":"TROWN","collection":"trown","image":"shopify:\/\/shop_images\/Logo-trown.webp"}},"collection_item_w9piPT":{"type":"collection_item","settings":{"title_collection":"STARTER","collection":"starter","image":"shopify:\/\/shop_images\/starter_logo_430x_f4840987-cda6-48af-9cb3-3a476643cb7c.webp"}},"collection_item_nPGFRC":{"type":"collection_item","settings":{"title_collection":"VOLCOM","collection":"volcom","image":"shopify:\/\/shop_images\/pegatina-volcom-570x600.png"}},"collection_item_YmCX6P":{"type":"collection_item","settings":{"title_collection":"RUSTY","collection":"rusty","image":"shopify:\/\/shop_images\/logo_rusty_5f52699b-3b21-408d-9d6e-a1bf079398d9.webp"}},"collection_item_dXPw9g":{"type":"collection_item","settings":{"title_collection":"REEF","collection":"reef","image":"shopify:\/\/shop_images\/Reef-Logo_ec220e4a-d06d-4061-978e-00a1b4ff9d63.png"}},"collection_item_PbQ3kB":{"type":"collection_item","settings":{"title_collection":"CREATURE","collection":"creature","image":"shopify:\/\/shop_images\/creature_logo_90da8720-9aba-48d7-aeac-aa07a31fadcb.png"}},"collection_item_QxNhRY":{"type":"collection_item","settings":{"title_collection":"","collection":"spitfire","image":"shopify:\/\/shop_images\/logo_spitfire_d4dc83ff-f42f-4bee-bebf-2f364024494b.jpg"}},"collection_item_JFxLUG":{"type":"collection_item","settings":{"title_collection":"SANTA CRUZ","collection":"santa-cruz","image":"shopify:\/\/shop_images\/LOGO_SANTA_CRUZ_02f0e8d9-8bd6-4082-a962-f44ea6cf4123.jpg"}},"collection_item_w7EaKg":{"type":"collection_item","settings":{"title_collection":"INDEPENDENT","collection":"independent","image":"shopify:\/\/shop_images\/independent_logo_6852bb0f-d5dc-454f-81ab-ea7091453d05.png"}}},"block_order":["template--16826624082163__88613476-9cc5-44a3-904a-96f5afe2d750-collection_item-1","template--16826624082163__88613476-9cc5-44a3-904a-96f5afe2d750-collection_item-2","template--16826624082163__88613476-9cc5-44a3-904a-96f5afe2d750-collection_item-3","collection_item_CEdBeb","collection_item_qiRdEj","template--16826624082163__88613476-9cc5-44a3-904a-96f5afe2d750-collection_item-4","collection_item_KaVyiA","collection_item_PWyMAm","collection_item_7mDWrh","collection_item_MNckXB","collection_item_BqdLC7","collection_item_TwwqJL","collection_item_cpDDdm","collection_item_eKznKi","collection_item_fJE7tP","collection_item_NMLAPL","collection_item_ENAH7z","collection_item_D8PVGn","collection_item_8X6RQX","0463bc90-9020-4f68-83f9-c859fed63d6e","collection_item_YpcyyE","225ff630-72a7-42bc-9c8b-6b8470c4a78b","collection_item_RFjjLY","collection_item_8fem3M","collection_item_EYUFMP","collection_item_fTx7VW","collection_item_RdKFfQ","collection_item_749gQe","collection_item_RtcMt6","collection_item_dPCnBz","collection_item_w9piPT","collection_item_nPGFRC","collection_item_YmCX6P","collection_item_dXPw9g","collection_item_PbQ3kB","collection_item_QxNhRY","collection_item_JFxLUG","collection_item_w7EaKg"],"settings":{"heading_logo_svg":"","heading":"","description":"","text_alignment":"text-center","container":"container","color_scheme":"","design_layout":"grid","design_collection":"design-2","hover_effect":"zoom","show_count_product":false,"custom_width_images":true,"width_image":200,"images_style":false,"image_ratio":"1\/1","custom_ratio":"21:9","custom_column":6,"column_gap":30,"collection_font_size":16,"collection_font_weight":500,"collection_spacing":0,"count_font_size":14,"count_font_weight":400,"autoplay":false,"loop":false,"show_arrow":false,"carousel_pagination":"carousel_none","reveal_on_scroll":false,"padding_top":0,"padding_bottom":0,"reset_spacing":false}},"divider_wAU86x":{"type":"divider","settings":{"container":"container","border_height":1,"border_color":"#ebebeb","padding_top":0,"padding_bottom":0,"reset_spacing":false}}},"order":["68c2efa4-0368-4734-b24e-bacdfc75284a","main","88613476-9cc5-44a3-904a-96f5afe2d750","divider_wAU86x"]}