{"sections":{"main":{"type":"main-page","disabled":true,"settings":{}},"custom_liquid_Hapjin":{"type":"custom-liquid","settings":{"heading_logo_svg":"","heading":"","description":"","text_alignment":"text-center","container":"container","color_scheme":"scheme-013ccfbf-beb5-42e6-bc8f-8a36ab634ca7","content_liquid":"<h1 style=\"margin-bottom:0px;text-transform:;font-size:20px;\">{%- if current_tags %} {{ current_tags | join: ', ' }} {% endif -%}{{ page.title }}<\/h1> Compradores Verificados<img align=\"18px\" src=\"https:\/\/cdn.shopify.com\/s\/files\/1\/0594\/7506\/7048\/files\/verificado.png?v=1651943726\" alt=\"Verificado\" style=\"height:16px;width:16px;\"\/>","padding_top":0,"padding_bottom":10,"reset_spacing":true}},"counter_iqw9Mc":{"type":"counter","blocks":{"counter_Yw7p4C":{"type":"counter","settings":{"starting_number":"0","ending_number":"250000","unit_number":"+","heading":"Personas Confian en Indy","description":"<p>Nos enorgullece haber creado experiencias excepcionales para nuestros clientes.<\/p>"}}},"block_order":["counter_Yw7p4C"],"settings":{"heading_logo_svg":"","heading":"","description":"","text_alignment":"text-center","container":"container","color_scheme":"default-color-scheme","custom_column":1,"column_gap":30,"icon_width":42,"icon_spacing":20,"img_position":"position-top","content_text_alignment":"text-left","ib_h_font_size":18,"ib_h_font_weight":"600","ib_spacing":10,"ib_number_font_size":36,"ib_number_font_weight":"500","number_spacing":10,"ib_desc_font_size":16,"padding_top":0,"padding_bottom":0,"reset_spacing":true}},"18ec51ac-39f2-43a7-80d9-1d266697cf0b":{"type":"icon-box","blocks":{"template--17086094835955__18ec51ac-39f2-43a7-80d9-1d266697cf0b-iconbox-1":{"type":"iconbox","settings":{"icon":"shopify:\/\/shop_images\/users-four.svg","heading":"+50.000 Personas Confian en Indy","description":"<p>¡Unite a nuestra comunidad! En Indy, nos enorgullece haber creado experiencias excepcionales para nuestros clientes.<\/p>"}},"template--17086094835955__18ec51ac-39f2-43a7-80d9-1d266697cf0b-iconbox-2":{"type":"iconbox","settings":{"icon":"shopify:\/\/shop_images\/star_1.svg","heading":"+5.000 Reseñas (4.9\/5)","description":"<p>Nos enorgullece mantener altos estándares de calidad y servicio. Cada reseña representa la confianza que nuestros clientes depositan en nosotros.<\/p>"}},"template--17086094835955__18ec51ac-39f2-43a7-80d9-1d266697cf0b-iconbox-3":{"type":"iconbox","settings":{"icon":"shopify:\/\/shop_images\/shield-check.svg","heading":"Garantía de satisfacción","description":"<p>Estamos tan seguros de la calidad de nuestros productos que garantizamos tu completa satisfacción. Tu experiencia de compra sin preocupaciones es nuestra promesa.<\/p>"}}},"block_order":["template--17086094835955__18ec51ac-39f2-43a7-80d9-1d266697cf0b-iconbox-1","template--17086094835955__18ec51ac-39f2-43a7-80d9-1d266697cf0b-iconbox-2","template--17086094835955__18ec51ac-39f2-43a7-80d9-1d266697cf0b-iconbox-3"],"disabled":true,"settings":{"heading_logo_svg":"","heading":"","description":"","text_alignment":"text-center","container":"container","color_scheme":"","custom_column":3,"column_gap":30,"icon_width":42,"icon_spacing":20,"ib_h_font_size":20,"ib_h_font_weight":"default","ib_spacing":20,"ib_desc_font_size":16,"ib_img_view":"default","img_position":"position-top","content_text_alignment":"text-center","padding_top":0,"padding_bottom":0,"reset_spacing":false}},"b947e8db-82b9-493a-83bb-600f6ecfec6e":{"type":"scrolling-text","blocks":{"template--17086094835955__b947e8db-82b9-493a-83bb-600f6ecfec6e-scrolling_text-1":{"type":"scrolling_text","settings":{"content":"<p>¡NOS GUSTARIA QUE FORMES PARTE DE <strong>ESTE EQUIPO<\/strong>!<\/p>","text_link":""}}},"block_order":["template--17086094835955__b947e8db-82b9-493a-83bb-600f6ecfec6e-scrolling_text-1"],"disabled":true,"settings":{"container":"container","color_scheme":"scheme-b34202b6-7e35-497f-bef1-360c406133ec","s_text_color":"#111111","text_font_size":17,"text_font_weight":500,"text_time":30,"text_spacing":50,"text_title":false,"spacing_icon":"icon_line","padding_top":0,"padding_bottom":0,"reset_spacing":false}},"1686940321f3ec960e":{"type":"apps","blocks":{"e9e4a973-8ea9-4c6d-917f-8ffd5910329d":{"type":"shopify:\/\/apps\/loox-reviews\/blocks\/loox-agg-section\/5c3b337f-fd14-4df5-b1d6-80ec13e6e28e","settings":{"only_photos":false,"hide_thumbnails":false,"product_handle":"","aggregated":true,"data-limit":20,"maxwidth":1280,"is_sample":true}}},"block_order":["e9e4a973-8ea9-4c6d-917f-8ffd5910329d"],"settings":{}}},"order":["main","custom_liquid_Hapjin","counter_iqw9Mc","18ec51ac-39f2-43a7-80d9-1d266697cf0b","b947e8db-82b9-493a-83bb-600f6ecfec6e","1686940321f3ec960e"]}