{"layout":"password","sections":{"banner_image_9ibmJw":{"type":"banner-image","blocks":{"image_banner_ri39bq":{"type":"image_banner","settings":{"banner_width":"12","banner_type":"image","image":"shopify:\/\/shop_images\/Sin_titulo_1500_x_210_px.png","image_mobile":"shopify:\/\/shop_images\/Diseno_sin_titulo_2.png","video_url":"https:\/\/www.youtube.com\/watch?v=_9VUPq3SxOc","link":"","open_link":"_blank","subtext":"","title":"","content":"","btn_content":"","button_type":"primary"}}},"block_order":["image_banner_ri39bq"],"name":"t:sections.banner-image.name","settings":{"heading_logo_svg":"","heading":"","description":"","text_alignment":"text-center","container":"container","color_scheme":"scheme-662129f6-6dcb-4984-8a3e-b402290d6a69","column_gap":0,"layout_on_mobile":false,"design_banner":"text-overlay-image","design_content":"default","text_align":"text-left","hover_effect":"zoom","h_font_size":36,"h_font_weight":"default","h_spacing":10,"sub_font_size":18,"sub_font_weight":"default","sub_spacing":10,"des_font_size":16,"des_font_weight":"default","des_spacing":30,"image_behavior":"none","text_position":"top","content_on_mobile":false,"reset_color_mb":false,"padding_top":0,"padding_bottom":0,"reset_spacing":true}},"scrolling_text_bUdcNV":{"type":"scrolling-text","blocks":{"scrolling_text_8LACBc":{"type":"scrolling_text","settings":{"content":"<p>Productos Limitados<\/p>","text_link":""}},"scrolling_text_cPWckL":{"type":"scrolling_text","settings":{"content":"<p>Descuentos única vez al año<\/p>","text_link":""}}},"block_order":["scrolling_text_8LACBc","scrolling_text_cPWckL"],"disabled":true,"name":"t:sections.scrolling-text.name","settings":{"container":"container","color_scheme":"scheme-9b4b4faf-eb5e-4411-a80a-f37b0d5ec64a","s_text_color":"#111111","text_font_size":16,"text_font_weight":500,"text_time":30,"text_spacing":50,"text_title":false,"spacing_icon":"icon_line","padding_top":0,"padding_bottom":0,"reset_spacing":true}},"banner_image_cx8bAP":{"type":"banner-image","blocks":{"image_banner_9fUQrh":{"type":"image_banner","settings":{"banner_width":"12","banner_type":"video","video_url":"https:\/\/www.youtube.com\/watch?v=_9VUPq3SxOc","video_local":"shopify:\/\/files\/videos\/INDY BANNER VERDE HS2025 (3).mp4","link":"","open_link":"_blank","subtext":"","title":"","content":"","btn_content":"","button_type":"primary"}}},"block_order":["image_banner_9fUQrh"],"name":"t:sections.banner-image.name","settings":{"heading_logo_svg":"","heading":"","description":"","text_alignment":"text-center","container":"full-width","color_scheme":"scheme-662129f6-6dcb-4984-8a3e-b402290d6a69","column_gap":30,"layout_on_mobile":false,"design_banner":"text-overlay-image","design_content":"default","text_align":"text-left","hover_effect":"zoom","h_font_size":36,"h_font_weight":"default","h_spacing":10,"sub_font_size":18,"sub_font_weight":"default","sub_spacing":10,"des_font_size":16,"des_font_weight":"default","des_spacing":30,"image_behavior":"none","text_position":"top","content_on_mobile":false,"reset_color_mb":false,"padding_top":0,"padding_bottom":0,"reset_spacing":false}},"custom_liquid_H9jn6b":{"type":"custom-liquid","name":"t:sections.custom-liquid.name","settings":{"heading_logo_svg":"","heading":"","description":"","text_alignment":"text-center","container":"container","color_scheme":"scheme-9b4b4faf-eb5e-4411-a80a-f37b0d5ec64a","content_liquid":"<style>\n  .btn-acceso-anticipado {\n    display: inline-block;\n    padding: 14px 32px;\n    font-size: 16px;\n    font-weight: 800;\n    text-transform: uppercase;\n    color: #ffffff;\n    background: linear-gradient(135deg, #00C2FF 0%, #7A66FF 100%);\n    text-decoration: none;\n    border-radius: 12px;\n    box-shadow: 0 0 20px rgba(0,194,255,0.35),\n                inset 0 0 12px rgba(122,102,255,0.25);\n    transition: all .22s ease;\n    margin: 20px auto;\n  }\n\n  .btn-acceso-anticipado:hover {\n    transform: translateY(-3px) scale(1.03);\n    box-shadow: 0 0 28px rgba(0,194,255,0.55),\n                0 0 38px rgba(122,102,255,0.55);\n  }\n\n  @media(max-width: 480px){\n    .btn-acceso-anticipado {\n      font-size: 14px;\n      padding: 12px 26px;\n    }\n  }\n<\/style>\n\n<div style=\"text-align:center; margin-top:0px;\">\n  <a class=\"btn-acceso-anticipado\"\n     href=\"https:\/\/omniform1.com\/forms\/v1\/landingPage\/68fd20901ce6ae348df133c4\/69050809b127c51a5d21cf8f\"\n     target=\"_blank\" rel=\"noopener noreferrer\">\n     Quiero mi acceso anticipado\n  <\/a>\n<\/div>","padding_top":0,"padding_bottom":0,"reset_spacing":true}},"custom_liquid_ndci4a":{"type":"custom-liquid","name":"t:sections.custom-liquid.name","settings":{"heading_logo_svg":"","heading":"","description":"","text_alignment":"text-center","container":"container","color_scheme":"scheme-662129f6-6dcb-4984-8a3e-b402290d6a69","content_liquid":"<!-- === COUNTDOWN HORIZONTAL CYBER MONDAY 2025 === -->\n<div class=\"cm25\" role=\"region\" aria-label=\"Cuenta regresiva Cyber Monday 2025\">\n  <div class=\"cm25-wrap\">\n    <h2 class=\"cm25-title\">Comienza el <span>Cyber Monday 2025<\/span><\/h2>\n\n    <div class=\"cm25-timer\" aria-live=\"polite\">\n      <div class=\"cm25-unit\">\n        <span class=\"cm25-num\" id=\"cm25-hours\">--<\/span>\n        <span class=\"cm25-label\">H<\/span>\n      <\/div>\n      <div class=\"cm25-unit\">\n        <span class=\"cm25-num\" id=\"cm25-mins\">--<\/span>\n        <span class=\"cm25-label\">M<\/span>\n      <\/div>\n      <div class=\"cm25-unit\">\n        <span class=\"cm25-num\" id=\"cm25-secs\">--<\/span>\n        <span class=\"cm25-label\">S<\/span>\n      <\/div>\n    <\/div>\n\n    <p class=\"cm25-note\" id=\"cm25-note\" hidden>¡Ya empezó! 🔥<\/p>\n  <\/div>\n<\/div>\n\n<style>\n  .cm25{\n    --accent: #500096;\n    --panel: #181818;\n    --unit: #101010;\n    --text: #ffffff;\n    --muted: #cccccc;\n    --radius: 10px;\n    font-family: Inter, sans-serif;\n    width:100%; display:flex; justify-content:center;\n    padding:10px 10px;\n  }\n  .cm25-wrap{\n    width:100%; max-width:700px;\n    padding:12px 14px;\n    background: #7A66FF;\n    border:1px solid rgba(80,0,150,.32);\n    border-radius: var(--radius);\n    box-shadow: 0 4px 18px rgba(0,0,0,.25);\n    text-align:center;\n  }\n  .cm25-title{\n    margin:0 0 10px;\n    font-size:20px;\n    font-weight:700;\n    color:#fff;\n  }\n  .cm25-title span{\n    font-weight:800;\n    color:#ffffff;\n    text-shadow: 0 0 10px rgba(80,0,150,.85);\n  }\n\n  \/* ✅ FILA HORIZONTAL *\/\n  .cm25-timer{\n    display:grid;\n    grid-template-columns: repeat(3, 1fr);\n    gap:10px;\n  }\n  .cm25-unit{\n    background: var(--unit);\n    border-radius:8px;\n    padding:10px 0;\n    border:1px solid rgba(80,0,150,.3);\n  }\n  .cm25-num{\n    font-size:34px;\n    font-weight:900;\n    line-height:1;\n    color:#fff;\n  }\n  .cm25-label{\n    font-size:11px;\n    margin-top:4px;\n    letter-spacing:.1em;\n    color:var(--muted);\n  }\n\n  \/* Móvil: mantiene fila horizontal *\/\n  @media(max-width: 420px){\n    .cm25-num{ font-size:28px; }\n    .cm25-title{ font-size:18px; }\n    .cm25-label{ font-size:10px; }\n  }\n<\/style>\n\n<script>\n(function(){\n  const target = new Date('2025-11-03T00:00:00-03:00').getTime();\n\n  const $h = document.getElementById('cm25-hours');\n  const $m = document.getElementById('cm25-mins');\n  const $s = document.getElementById('cm25-secs');\n  const $note = document.getElementById('cm25-note');\n\n  function pad(n){ return n.toString().padStart(2,'0'); }\n  function tick(){\n    const now = Date.now();\n    let diff = target - now;\n\n    if(diff <= 0){\n      $h.textContent = $m.textContent = $s.textContent = '00';\n      if($note) $note.hidden = false;\n      clearInterval(timer);\n      return;\n    }\n\n    const sec=1000, min=60*sec, hr=60*min;\n    const hours = Math.floor(diff\/hr);\n    diff -= hours*hr;\n    const mins = Math.floor(diff\/min);\n    diff -= mins*min;\n    const secs = Math.floor(diff\/sec);\n\n    $h.textContent = pad(hours);\n    $m.textContent = pad(mins);\n    $s.textContent = pad(secs);\n  }\n  tick();\n  const timer = setInterval(tick,1000);\n})();\n<\/script>\n<!-- === \/COUNTDOWN === -->","padding_top":0,"padding_bottom":0,"reset_spacing":true}},"custom_liquid_qYjD4b":{"type":"custom-liquid","disabled":true,"name":"t:sections.custom-liquid.name","settings":{"heading_logo_svg":"","heading":"","description":"","text_alignment":"text-center","container":"container","color_scheme":"scheme-662129f6-6dcb-4984-8a3e-b402290d6a69","content_liquid":"<div id=\"omnisend-embedded-v2-690761df097a9d73aaf62007\"><\/div>","padding_top":0,"padding_bottom":0,"reset_spacing":true}},"main":{"type":"main-password-content","blocks":{"e7b6a4c6-4d07-4a75-8f0d-9d68c7b4196d":{"type":"logo","settings":{"text_img_mt":1,"text_img_mb":25}},"60a18501-9eef-47d2-b215-da4519246044":{"type":"heading","settings":{"title":"Opening Soon","heading_color":"#111111","heading_fs":40,"heading_fw":500,"heading_tf":"unset","heading_mt":0,"heading_mb":15}},"a12e9e88-5ce3-4178-8e1a-5c4b83fe3926":{"type":"subheading","settings":{"sub_title":"A great new website is under construction and it will be available soon.","subheading_color":"#111111","subheading_fs":14,"subheading_fw":500,"subheading_tf":"unset","subheading_mt":0,"subheading_mb":25}},"347a1297-3b16-455f-b1ab-9c92ac566d09":{"type":"countdown_bn","settings":{"countdown_design":"countdown_design_3","bn_end_time":"8-24-2023","bn_txt_color":"#111111","bn_txt_fs":12,"number_txt_fs":36,"bn_txt_fw":600,"bn_txt_tf":"uppercase","bn_txt_mt":0,"bn_txt_mb":25}},"ee8e5037-21d1-4a3d-93e5-9efce25554ff":{"type":"form_subscribe","settings":{"email_placeholder":"Enter your email...","btn_label":"Subscribe","form_txt_mt":0,"form_txt_mb":25}},"86c170ba-a308-48e3-9216-b3728244911d":{"type":"text","settings":{"txt_content":"<p>This shop will be powered by Umino - Multipurpose Premium Shopify theme (password: 1). Are you the store owner? <a href=\"\/admin\" target=\"_blank\" title=\"\/admin\">Log in here<\/a><\/p>","txt_color":"","txt_fs":16,"txt_fw":400,"txt_tf":"unset","txt_mt":30,"txt_mb":25}}},"block_order":["e7b6a4c6-4d07-4a75-8f0d-9d68c7b4196d","60a18501-9eef-47d2-b215-da4519246044","a12e9e88-5ce3-4178-8e1a-5c4b83fe3926","347a1297-3b16-455f-b1ab-9c92ac566d09","ee8e5037-21d1-4a3d-93e5-9efce25554ff","86c170ba-a308-48e3-9216-b3728244911d"],"disabled":true,"settings":{"container":"full-width","enable_banner":true,"banner_position":"position-right","banner_width":50,"text_horizontal_position":"left","text_position":"center","text_align":"text-left","content_width":60}},"custom_liquid_aJ3jP8":{"type":"custom-liquid","name":"t:sections.custom-liquid.name","settings":{"heading_logo_svg":"","heading":"","description":"","text_alignment":"text-center","container":"container","color_scheme":"scheme-662129f6-6dcb-4984-8a3e-b402290d6a69","content_liquid":"","padding_top":100,"padding_bottom":100,"reset_spacing":true}}},"order":["banner_image_9ibmJw","scrolling_text_bUdcNV","banner_image_cx8bAP","custom_liquid_H9jn6b","custom_liquid_ndci4a","custom_liquid_qYjD4b","main","custom_liquid_aJ3jP8"]}