{"sections":{"custom_liquid_YQfaNR":{"type":"custom-liquid","disabled":true,"name":"t:sections.custom-liquid.name","settings":{"heading_logo_svg":"","heading":"","description":"","text_alignment":"text-center","container":"container","color_scheme":"","content_liquid":"<div id=\"indy-cyber-countdown\" class=\"indy-ct-inline\">\n  ¡APROVECHA! ENVÍO GRATIS EN +$50.000 — \n  <span id=\"cdh\">00<\/span>h :\n  <span id=\"cdm\">00<\/span>m :\n  <span id=\"cds\">00<\/span>s\n<\/div>\n\n<script>\ndocument.addEventListener(\"DOMContentLoaded\", function() {\n  const endDate = new Date(\"2025-12-02T00:00:00-03:00\").getTime();\n\n  const x = setInterval(function() {\n    const now = new Date().getTime();\n    const dist = endDate - now;\n\n    if (dist <= 0) {\n      clearInterval(x);\n      document.getElementById(\"indy-cyber-countdown\").style.display=\"none\";\n      return;\n    }\n\n    const h = Math.floor((dist % (1000 * 60 * 60 * 24)) \/ (1000 * 60 * 60));\n    const m = Math.floor((dist % (1000 * 60 * 60)) \/ (1000 * 60));\n    const s = Math.floor((dist % (1000 * 60)) \/ 1000);\n\n    document.getElementById(\"cdh\").textContent = h < 10 ? \"0\" + h : h;\n    document.getElementById(\"cdm\").textContent = m < 10 ? \"0\" + m : m;\n    document.getElementById(\"cds\").textContent = s < 10 ? \"0\" + s : s;\n  }, 1000);\n});\n<\/script>\n\n<style>\n.indy-ct-inline {\n  width: 100vw;\n  margin-left: calc(50% - 50vw);\n  font-family: 'Space Grotesk', sans-serif;\n  font-size: clamp(11px, 1.8vw, 13px);\n  font-weight: 600;\n  text-transform: uppercase;\n  padding: 7px 0;\n  background: linear-gradient(135deg, #212121 0%, #212121 100%);\n  color: #fff;\n  letter-spacing: .5px;\n  text-align: center;\n  position: relative;\n  z-index: 2;\n  box-shadow:\n    0 0 0px rgba(0,194,255,0.35),\n    inset 0 0 18px rgba(255,255,255,0.18);\n  border-bottom: 2px solid rgba(255,255,255,0.18);\n  text-shadow:\n    0 0 12px rgba(255,255,255,0.5),\n    0 0 20px rgba(0,194,255,0.45);\n}\n.indy-ct-inline strong {\n  font-weight: 800;\n}\n\n<\/style>","padding_top":0,"padding_bottom":0,"reset_spacing":true}},"custom_liquid_baHVDt":{"type":"custom-liquid","settings":{"heading_logo_svg":"","heading":"","description":"","text_alignment":"text-center","container":"container","color_scheme":"","content_liquid":"<!-- Versión solo para mobile -->\n<div class=\"product-header-mobile\">\n  <div style=\"display: flex; align-items: center; gap: 5px; font-size: 15px;\">\n    <a href=\"{{ shop.url }}\/collections\/{{ product.vendor | replace: ' ', '-' | downcase }}\" \n       style=\"color: #3483FA; text-decoration: none; font-weight:400;\">\n      Ver más productos marca {{ product.vendor }}\n    <\/a>\n  <\/div>\n\n  <div style=\"display: flex; align-items: center; justify-content: space-between; max-width: 100%;\">\n    <h1 class=\"product-single__title\" \n        style=\"margin: 0; font-weight: 500; font-size: 1.350rem; color: #212121; overflow: hidden; text-overflow: ellipsis; white-space: nowrap;\">\n      {{ product.title }}\n    <\/h1>\n    \n    {% if product.metafields.loox.num_reviews > 0 %}\n      <a href=\"#looxReviews\" style=\"display: flex; align-items: center; gap: 3px; flex-shrink: 0; margin-left: 10px;padding-bottom:3px;\">\n        <div class=\"loox-rating\"\n             data-id=\"{{ product.id }}\"\n             data-rating=\"{{ product.metafields.loox.avg_rating }}\"\n             data-fetch\n             data-raters=\"{{ product.metafields.loox.num_reviews }}\"\n             style=\"font-size: 1.350rem; line-height: 1;\">\n        <\/div>\n        <span style=\"font-size: 1rem; color: #212121;\"><\/span>\n      <\/a>\n    {% endif %}\n  <\/div>\n<\/div>\n\n<style>\n@media (min-width: 769px) {\n  .product-header-mobile {\n    display: none;\n  }\n}\n<\/style>","padding_top":0,"padding_bottom":0,"reset_spacing":true}},"breadcrumb":{"type":"breadcrumb","custom_css":[".bls__breadcrumb-list {display: block; \/* o width: 100%; según tu maquetado *\/ overflow: hidden; \/* importante para recortar *\/ white-space: nowrap; \/* fuerza 1 sola línea *\/ text-overflow: ellipsis; \/* “…” *\/}",".breadcrumbs {padding-top: 3px; padding-bottom: 4px;}","@media (max-width: 768px) {.breadcrumbs {display: none; }}"],"settings":{"container":"container-fluid","color_scheme":"","postion":"text-left","next_prev":false}},"main":{"type":"main-product","blocks":{"custom_liquid_hxYJUw":{"type":"custom_liquid","disabled":true,"settings":{"content":"{%- comment -%}\n  Banner \"Hoy envío gratis\" minimalista\n  - Umbral: $50.000 (en centavos = 5,000,000)\n  - Se evalúa contra el precio con 20% OFF (transferencia): price * 0.8\n{%- endcomment -%}\n\n{%- assign threshold_cents = 5000000 -%}\n{%- assign context = '' -%}\n{%- assign price_cents = 0 -%}\n\n{%- if template.name == 'product' and product -%}\n  {%- assign context = 'product' -%}\n  {%- assign price_cents = product.selected_or_first_available_variant.price -%}\n{%- elsif cart and cart.item_count > 0 -%}\n  {%- assign context = 'cart' -%}\n  {%- assign price_cents = cart.total_price -%}\n{%- endif -%}\n\n{%- comment -%}\n  Precio para evaluar el umbral (con 20% OFF):\n  - PDP: variant.price * 0.8\n  - Cart: subtotal * 0.8  (si NO querés descuento en cart, reemplazá por: assign price_for_threshold_cents = price_cents )\n{%- endcomment -%}\n{%- assign price_for_threshold_cents = price_cents | times: 80 | divided_by: 100 -%}\n\n{%- assign remaining_cents = threshold_cents | minus: price_for_threshold_cents -%}\n{%- if remaining_cents < 0 -%}{%- assign remaining_cents = 0 -%}{%- endif -%}\n\n<style>\n  .free-ship-minimal{\n    padding:1rem;border:1px solid #e5e5e5;border-radius:12px;\n    font-size:1.2rem;line-height:1.4;text-align:center;\n    background:#fafafa;color:#111;margin:.5rem 0;\n  }\n  .free-ship-strong{font-weight:600;}\n<\/style>\n\n<div class=\"free-ship-minimal\">\n  {%- if context != '' -%}\n    {%- if price_for_threshold_cents >= threshold_cents -%}\n      <span class=\"free-ship-strong\">Hoy envío gratis<\/span> en este producto.\n    {%- else -%}\n      {%- assign remaining_money = remaining_cents | money_without_trailing_zeros -%}\n      <span>Envío gratis desde ${{ threshold_cents | money_without_trailing_zeros }}.<\/span><br>\n      Te faltan <span class=\"free-ship-strong\">{{ remaining_money }}<\/span> para alcanzarlo.\n    {%- endif -%}\n  {%- else -%}\n    <span>Hoy envío gratis en pedidos desde <span class=\"free-ship-strong\">${{ threshold_cents | money_without_trailing_zeros }}<\/span>.<\/span>\n  {%- endif -%}\n<\/div>"}},"custom_liquid_cWP7QF":{"type":"custom_liquid","disabled":true,"settings":{"content":"<!-- Payment Info Modal – robusto y 1 vez por sesión -->\n<style>\n  \/* Oculto por defecto: no interfiere con clicks ni stacking *\/\n  #pd-modal-root { display: none; }\n\n  \/* Abierto: portal a viewport con z-index máximo *\/\n  #pd-modal-root.is-open {\n    display: block; position: fixed; inset: 0; z-index: 2147483647;\n  }\n\n  \/* Backdrop + tarjeta *\/\n  #pd-modal-root .pdm-backdrop{\n    position: fixed; inset: 0; background: rgba(0,0,0,.42);\n  }\n  #pd-modal-root .pdm-card{\n    position: fixed; left: 50%; top: 50%; transform: translate(-50%,-50%);\n    width: min(92vw, 520px); background: #fff; color: #111;\n    border-radius: 14px; box-shadow: 0 10px 30px rgba(0,0,0,.2);\n    padding: 16px 16px 12px; font: 14px\/1.45 system-ui, sans-serif;\n  }\n  #pd-modal-root .pdm-title{ margin: 0 0 6px; font-size: 16px; font-weight: 700; }\n  #pd-modal-root .pdm-text{ margin: 0 0 12px; color: #374151; }\n  #pd-modal-root .pdm-btn{\n    display:inline-flex;align-items:center;gap:6px;padding:8px 12px;border-radius:10px;\n    border:1px solid #e5e7eb;background:#10b981;color:#fff;font-weight:600; cursor:pointer;\n  }\n\n  \/* Bloquear scroll del body mientras está abierto *\/\n  body.pd-modal-open{ overflow: hidden !important; }\n<\/style>\n\n<div id=\"pd-modal-root\" aria-hidden=\"true\">\n  <div class=\"pdm-backdrop\"><\/div>\n  <div class=\"pdm-card\" role=\"dialog\" aria-modal=\"true\" aria-labelledby=\"pdm-title\">\n    <h3 id=\"pdm-title\" class=\"pdm-title\">Información sobre descuentos<\/h3>\n    <p class=\"pdm-text\">\n      Los descuentos por método de pago (-20%OFF transferencia, -10%OFF tarjeta en 3 cuotas, 12 cuotas QR)\n      <strong><u>se aplican en el checkout<\/u><\/strong> antes de confirmar la compra.\n    <\/p>\n    <button type=\"button\" class=\"pdm-btn\" data-pdm-close>Entendido<\/button>\n  <\/div>\n<\/div>\n\n<script>\n(function(){\n  var ROOT_ID='pd-modal-root';\n  var ACC='.pay-accordion';\n  var ITEM='.pay-accordion .item';\n\n  \/\/ ▶️ Mostrar solo 1 vez por sesión\n  var SHOW_ONCE_PER_SESSION = true;\n  var SEEN_KEY = 'pd_modal_seen';\n\n  function $r(){ return document.getElementById(ROOT_ID); }\n\n  \/\/ Asegura que el modal viva en <body> (evita stacking context del producto)\n  function ensureInBody(){\n    var r=$r();\n    if (r && r.parentNode !== document.body){\n      document.body.appendChild(r);\n    }\n  }\n\n  function alreadySeen(){\n    try{ return SHOW_ONCE_PER_SESSION && sessionStorage.getItem(SEEN_KEY)==='1'; }catch(e){ return false; }\n  }\n  function markSeen(){\n    try{ if (SHOW_ONCE_PER_SESSION) sessionStorage.setItem(SEEN_KEY,'1'); }catch(e){}\n  }\n\n  function openModal(){\n    if (alreadySeen()) return;\n    var r=$r(); if(!r) return;\n    r.classList.add('is-open');\n    r.setAttribute('aria-hidden','false');\n    document.body.classList.add('pd-modal-open');\n    var btn=r.querySelector('[data-pdm-close]');\n    if (btn) setTimeout(function(){ try{ btn.focus(); }catch(e){} }, 40);\n  }\n  function closeModal(){\n    var r=$r(); if(!r) return;\n    r.classList.remove('is-open');\n    r.setAttribute('aria-hidden','true');\n    document.body.classList.remove('pd-modal-open');\n    markSeen();\n  }\n\n  \/\/ Cerrar solo con botón (el backdrop NO cierra)\n  document.addEventListener('click', function(e){\n    if (e.target && e.target.matches('#'+ROOT_ID+' [data-pdm-close]')) {\n      e.preventDefault(); closeModal();\n    }\n  });\n\n  \/\/ ---- Observa únicamente cambios reales de .item.active ----\n  var lastIdx=null, readyAt=0, mo=null;\n\n  function getActiveIndex(){\n    var items=document.querySelectorAll(ITEM);\n    for (var i=0;i<items.length;i++){ if(items[i].classList.contains('active')) return i; }\n    return null;\n  }\n  function handleChange(){\n    if (Date.now() < readyAt || alreadySeen()) return; \/\/ ignora armado inicial o si ya lo vieron\n    var idx=getActiveIndex();\n    if (idx!==null && idx!==lastIdx){ lastIdx=idx; openModal(); }\n  }\n  function observeAccordion(){\n    var acc=document.querySelector(ACC);\n    if (!acc || !window.MutationObserver) return;\n    if (mo) try{ mo.disconnect(); }catch(e){}\n    mo=new MutationObserver(function(muts){\n      for (var m of muts){\n        if (m.type==='attributes' && m.target.classList && m.target.classList.contains('item')){\n          requestAnimationFrame(handleChange);\n          break;\n        }\n      }\n    });\n    acc.querySelectorAll(ITEM).forEach(function(it){\n      mo.observe(it, { attributes:true, attributeFilter:['class'] });\n    });\n    \/\/ estado inicial sin disparar\n    lastIdx=getActiveIndex();\n    readyAt=Date.now()+600;\n  }\n\n  \/\/ Init y re-init (incluye mover al <body>)\n  function init(){ ensureInBody(); observeAccordion(); }\n\n  document.addEventListener('DOMContentLoaded', init);\n  document.addEventListener('shopify:section:load', function(){ setTimeout(init,50); });\n  document.addEventListener('shopify:section:select', function(){ setTimeout(init,50); });\n  document.addEventListener('shopify:section:reorder', function(){ setTimeout(init,50); });\n  document.addEventListener('page:load', function(){ setTimeout(init,50); });\n})();\n<\/script>"}},"custom_liquid_x9PB4m":{"type":"custom_liquid","name":"bullets points","settings":{"content":"<!-- Bullets para el carrusel principal MOBILE -->\n<style>\n  \/* Aseguramos que el wrapper pueda posicionar los bullets *\/\n  .bls__product-images .bls__swiper-gallery-mobile {\n    position: relative;\n  }\n\n  \/* Contenedor de los puntitos *\/\n  .bls__product-images .bls__swiper-gallery-mobile .swiper-pagination {\n    position: absolute;\n    left: 0; right: 0;\n    bottom: 30px;                 \/* movelo a gusto *\/\n    display: flex;\n    justify-content: center;\n    gap: 6px;\n    pointer-events: auto;\n  }\n\n  \/* Puntitos *\/\n  .bls__product-images .bls__swiper-gallery-mobile .swiper-pagination-bullet {\n    width: 6px; height: 6px;\n    border-radius: 50%;\n    background: #111;\n    opacity: 0.25;\n  }\n  .bls__product-images .bls__swiper-gallery-mobile .swiper-pagination-bullet-active {\n    opacity: 0.95;\n  }\n\n  \/* Si querés que SOLO aparezcan en mobile, mantené esto: *\/\n  @media (min-width: 769px){\n    .bls__product-images .bls__swiper-gallery-mobile .swiper-pagination {\n      display: none !important;\n    }\n  }\n<\/style>\n\n<script>\ndocument.addEventListener('DOMContentLoaded', function () {\n  \/\/ Selecciona SOLO el carrusel principal de MOBILE (no thumbnails)\n  const mainMobileWrappers = document.querySelectorAll(\n    '.bls__product-images .bls__swiper-gallery-mobile'\n  );\n\n  mainMobileWrappers.forEach(function (wrap) {\n    \/\/ Evitar duplicados si la sección se recarga\n    if (wrap.dataset.paginationAttached === 'true') return;\n\n    \/\/ Crear el contenedor de bullets si no existe\n    let pag = wrap.querySelector('.swiper-pagination');\n    if (!pag) {\n      pag = document.createElement('div');\n      pag.className = 'swiper-pagination';\n      wrap.appendChild(pag);\n    }\n\n    \/\/ Marcar como configurado\n    wrap.dataset.paginationAttached = 'true';\n\n    \/\/ Tomar la instancia EXISTENTE de Swiper creada por el tema\n    const sw = wrap.swiper;\n    if (!sw) return; \/\/ si aún no está listo, no hacemos nada\n\n    \/\/ Configurar la paginación nativa de Swiper (solo bullets)\n    sw.params.pagination = sw.params.pagination || {};\n    sw.params.pagination.el = pag;\n    sw.params.pagination.clickable = true;\n    sw.params.pagination.type = 'bullets';\n\n    \/\/ Inicializar\/actualizar sin re-instanciar Swiper\n    if (sw.pagination && sw.pagination.init) {\n      sw.pagination.init();\n      sw.pagination.render && sw.pagination.render();\n      sw.pagination.update && sw.pagination.update();\n    }\n\n    \/\/ Si cambian las slides dinámicamente, refrescar bullets\n    sw.on && sw.on('slidesLengthChange', function(){\n      sw.pagination && sw.pagination.update && sw.pagination.update();\n    });\n  });\n});\n<\/script>"}},"custom_liquid_Hgx9Xw":{"type":"custom_liquid","settings":{"content":"<!-- Versión solo para desktop -->\n<div class=\"product-header-desktop\" >\n  <div style=\"display: flex; align-items: center; gap: 5px; font-size: 14px;\">\n    <a href=\"{{ shop.url }}\/collections\/{{ product.vendor | replace: ' ', '-' | downcase }}\" \n       style=\"color: #3483FA; text-decoration: none; font-weight:400;\">\n      Ver más productos marca {{ product.vendor }}\n    <\/a>\n  <\/div>\n\n  <div style=\"display: inline-flex; align-items: center; gap: 6px; white-space: nowrap; max-width: 100%; overflow: hidden;\">\n    <p class=\"product-single__title\" \n        style=\"margin: 0; font-weight: 500; font-size: 1.500rem; color: #555555; min-width: 0; max-width: calc(100% - 85px); overflow: hidden; text-overflow: ellipsis;\">\n      {{ product.title }}\n    <\/p>\n    \n    <a href=\"#looxReviews\" style=\"flex: 0 0 auto; display: flex; align-items: center; gap: 3px;\">\n      <div class=\"loox-rating\"\n           data-id=\"{{ product.id }}\"\n           data-rating=\"{{ product.metafields.loox.avg_rating }}\"\n           data-fetch\n           data-raters=\"{{ product.metafields.loox.num_reviews }}\"\n           style=\"font-size: 1.300rem; line-height: 1;\">\n      <\/div>\n      <span style=\"font-size: 1rem; color: #212121;\"><\/span>\n    <\/a>\n  <\/div>\n<\/div>\n\n<style>\n@media (max-width: 768px) {\n  .product-header-desktop {\n    display: none;\n\n  }\n}\n<\/style>"}},"custom_liquid_HqgRmX":{"type":"custom_liquid","name":"Precio Especial","disabled":true,"settings":{"content":"{% assign precio_transferencia = product.price | times: 0.90 %}\n\n<div style=\"display: flex; align-items: center; gap: 12px; font-size: 14px; background-color: #F0FFF5; color: #16803C; border-radius: 12px; padding: 12px 16px; margin-top: 16px; box-shadow: rgba(0, 0, 0, 0.12) 0px 1px 3px, rgba(0, 0, 0, 0.24) 0px 1px 2px;\">\n\n  <!-- Ícono de tarjeta -->\n  <svg xmlns=\"http:\/\/www.w3.org\/2000\/svg\" width=\"22\" height=\"22\" viewBox=\"0 0 24 24\" fill=\"#16803C\">\n    <path d=\"M20 4H4C2.9 4 2.01 4.9 2.01 6L2 18c0 1.1.89 2 2 2h16c1.11 0 2-.9 2-2V6c0-1.1-.89-2-2-2zm0 14H4v-6h16v6zm0-10H4V6h16v2z\"\/>\n  <\/svg>\n\n  <!-- Texto -->\n  <div style=\"line-height: 1.4;\">\n    <div style=\"font-weight: 600;\">¡10% OFF pagando por transferencia!<\/div>\n    <div style=\"font-size: 18px;\">Precio especial: <strong>{{ precio_transferencia | money }}<\/strong><\/div>\n  <\/div>\n<\/div>"}},"7d760b32-e8e4-42d9-8998-91d6fb23aaef":{"type":"product_price","settings":{}},"9f87fb95-74a3-4a22-a902-c9e935d712c4":{"type":"custom_liquid","name":"cuotas sin interes","settings":{"content":"{% assign cuotas = 3 %}\n\n{% if product.price > 20000000 %}\n  {% assign cuotas = 3 %}\n{% elsif product.price > 15000000 %}\n  {% assign cuotas = 3 %}\n{% endif %}\n\n{% assign monto_cuota = product.price | divided_by: cuotas %}\n\n<div style=\"margin-top:0px!important;\">\n  {% if product.price >= 1 %}\n    <span style=\"font-size:18px;color:green;padding-bottom:0;\">\n      {{ cuotas }} Cuotas sin interés de \n      <strong style=\"color:green;\">\n        {{ monto_cuota | money }}\n      <\/strong>\n    <\/span>\n  {% endif %}\n<\/div>"}},"custom_liquid_rcD8wJ":{"type":"custom_liquid","disabled":true,"settings":{"content":"{% if product and product.selected_or_first_available_variant %}\n\n{%- comment -%} === VARIABLES DE PRECIO === {%- endcomment -%}\n{%- assign base_price   = product.selected_or_first_available_variant.price -%}\n{%- assign price_off_20 = base_price | times: 80 | divided_by: 100 -%}\n{%- assign price_off_10 = base_price | times: 90 | divided_by: 100 -%}\n{%- assign cuota_6     = base_price | divided_by: 6 -%}\n{%- assign cuota_3      = price_off_10 | divided_by: 3 -%}\n\n{%- comment -%} === LÓGICA DE ENTREGA RÁPIDA (CABA\/GBA) === {%- endcomment -%}\n{%- assign current_hour = \"now\" | date: \"%H\" | plus: 0 -%}\n{%- assign current_day = \"now\" | date: \"%w\" | plus: 0 -%}\n\n{%- if current_day == 0 -%}\n    {%- assign mensaje_entrega_rapida = \"Te llega el <strong style='color: green;'>Lunes<\/strong>\" -%}\n{%- elsif current_day == 6 and current_hour >= 13 -%}\n    {%- assign mensaje_entrega_rapida = \"Te llega el <strong style='color: green;'>Lunes<\/strong>\" -%}\n{%- elsif current_hour < 13 -%}\n    {%- assign mensaje_entrega_rapida = \"Te llega <strong style='color: green;'>Hoy<\/strong>\" -%}\n{%- else -%}\n    {%- assign mensaje_entrega_rapida = \"Te llega <strong style='color: green;'>Mañana<\/strong>\" -%}\n{%- endif -%}\n\n{%- comment -%} === LÓGICA DE ENTREGA NACIONAL === {%- endcomment -%}\n{%- assign current_date = \"now\" | date: \"%s\" -%}\n{%- assign days_added = 0 -%}\n{%- assign min_days = 3 -%}\n{%- assign max_days = 7 -%}\n{%- assign min_delivery = current_date -%}\n{%- assign max_delivery = current_date -%}\n\n{%- comment -%} Calcular día mínimo de entrega {%- endcomment -%}\n{%- for i in (1..10) -%}\n    {%- assign min_delivery = min_delivery | plus: 86400 -%}\n    {%- assign min_day = min_delivery | date: \"%A\" -%}\n    {%- unless min_day == \"Saturday\" or min_day == \"Sunday\" -%}\n        {%- assign days_added = days_added | plus: 1 -%}\n    {%- endunless -%}\n    {%- if days_added == min_days -%}\n        {%- break -%}\n    {%- endif -%}\n{%- endfor -%}\n\n{%- comment -%} Calcular día máximo de entrega {%- endcomment -%}\n{%- assign days_added = 0 -%}\n{%- for i in (1..15) -%}\n    {%- assign max_delivery = max_delivery | plus: 86400 -%}\n    {%- assign max_day = max_delivery | date: \"%A\" -%}\n    {%- unless max_day == \"Saturday\" or max_day == \"Sunday\" -%}\n        {%- assign days_added = days_added | plus: 1 -%}\n    {%- endunless -%}\n    {%- if days_added == max_days -%}\n        {%- break -%}\n    {%- endif -%}\n{%- endfor -%}\n\n{%- comment -%} Traducir días al español {%- endcomment -%}\n{%- assign min_day_number = min_delivery | date: \"%d\" -%}\n{%- assign max_day_number = max_delivery | date: \"%d\" -%}\n{%- assign min_day = min_delivery | date: \"%A\" -%}\n{%- assign max_day = max_delivery | date: \"%A\" -%}\n\n{%- assign days_dict = \"Sunday:Domingo,Monday:Lunes,Tuesday:Martes,Wednesday:Miércoles,Thursday:Jueves,Friday:Viernes,Saturday:Sábado\" | split: \",\" -%}\n\n{%- for day in days_dict -%}\n    {%- assign eng = day | split: \":\" | first -%}\n    {%- assign esp = day | split: \":\" | last -%}\n    {%- if min_day == eng -%}\n        {%- assign min_day = esp -%}\n    {%- endif -%}\n    {%- if max_day == eng -%}\n        {%- assign max_day = esp -%}\n    {%- endif -%}\n{%- endfor -%}\n\n{%- assign mensaje_entrega_nacional = \"Entre el <strong style='color: green;'>\" | append: min_day | append: \" \" | append: min_day_number | append: \"<\/strong> y el <strong style='color: green;'>\" | append: max_day | append: \" \" | append: max_day_number | append: \"<\/strong>\" -%}\n\n{%- comment -%} === SVG DEL CAMIÓN (reutilizable) === {%- endcomment -%}\n{%- assign truck_svg = '<svg width=\"24\" height=\"24\" xmlns=\"http:\/\/www.w3.org\/2000\/svg\" version=\"1.1\" viewBox=\"0 0 100 100\">\n  <defs>\n    <style>\n      .cls-1 {\n        fill: none;\n        stroke: currentColor;\n        stroke-linecap: round;\n        stroke-linejoin: round;\n        stroke-width: 3px;\n      }\n    <\/style>\n  <\/defs>\n  <g>\n    <g id=\"Capa_1\">\n      <g>\n        <circle class=\"cls-1\" cx=\"51.7\" cy=\"45.1\" r=\"9.6\"\/>\n        <polyline class=\"cls-1\" points=\"47.4 45.4 49.8 47.9 55.1 42.6\"\/>\n        <line class=\"cls-1\" x1=\"3.6\" y1=\"34\" x2=\"21.6\" y2=\"34\"\/>\n        <line class=\"cls-1\" x1=\"7.4\" y1=\"41.2\" x2=\"21.6\" y2=\"41.2\"\/>\n        <line class=\"cls-1\" x1=\"11\" y1=\"48.3\" x2=\"21.6\" y2=\"48.3\"\/>\n      <\/g>\n      <path class=\"cls-1\" d=\"M77.3,62.9V30.4c0-3.4-1.4-4.8-3.1-4.8H30.8c-1.7,0-3.1,1.4-3.1,3.1v35.3c0,1.7,1.4,3.1,3.1,3.1h4.2\"\/>\n      <line class=\"cls-1\" x1=\"47.2\" y1=\"67.2\" x2=\"74.2\" y2=\"67.2\"\/>\n      <circle class=\"cls-1\" cx=\"41.1\" cy=\"68.3\" r=\"6.1\"\/>\n      <path class=\"cls-1\" d=\"M90.9,49.3l-2.8-11.2c0-1-.8-1.7-1.7-1.7h-9.1\"\/>\n      <path class=\"cls-1\" d=\"M87.7,67.2h7.5c.7,0,1.2-.5,1.2-1.2v-15.2c0-.7-.5-1.2-1.2-1.2h-16.7c-.7,0-1.2.5-1.2,1.2v10.6\"\/>\n      <circle class=\"cls-1\" cx=\"81.1\" cy=\"68.3\" r=\"6.1\"\/>\n    <\/g>\n  <\/g>\n<\/svg>' -%}\n\n<style>\n  .pay-accordion{\n    --line:#e9e9e9; --ok:#2aa36b; --ink:#1b1b1b; --muted:#666; --active-bg:rgba(42,163,107,.035);\n    font-family:system-ui,sans-serif;\n  }\n  .pay-accordion .item{\n    position:relative; border:1px solid var(--line); border-radius:12px;\n    margin-bottom:8px; background:#fff; overflow:hidden;\n    transition:border-color .18s, background-color .18s, box-shadow .18s;\n  }\n  .pay-accordion .item::before{\n    content:\"\"; position:absolute; left:0; top:0; bottom:0; width:3px;\n    background:transparent; transition:background .18s;\n  }\n  .pay-accordion .item.active{\n    border-color:var(--ok); background:var(--active-bg);\n    box-shadow:0 0 0 3px rgba(42,163,107,.08) inset;\n  }\n  .pay-accordion .item.active::before{ background:var(--ok); }\n\n  .pay-accordion .header{\n    display:grid; grid-template-columns:auto 1fr auto auto;\n    align-items:center; column-gap:12px; padding:14px; cursor:pointer; min-height:72px;\n  }\n  .pay-accordion .left{ display:flex; flex-direction:column; }\n  .pay-accordion .price-row{ display:flex; align-items:center; gap:8px; flex-wrap:wrap; }\n  .pay-accordion .current{ font-size:18px; font-weight:600; color:var(--ink); letter-spacing:-.2px; }\n  .pay-accordion .old{ font-size:12px; color:#999; text-decoration:line-through; }\n  .pay-accordion .off{ color:var(--ok); font-weight:600; font-size:12px; }\n  .pay-accordion .cuotas-mini{\n    margin-top: 2px; font-size: 13px; color: var(--ok);\n    font-weight: 600; line-height: 1.2;\n  }\n\n  .pay-accordion .right{ text-align:right; min-width:0; }\n  .pay-accordion .method{\n    font-size:13px; font-weight:500; color:#333; line-height:1.2; white-space:normal;\n  }\n  .pay-accordion .tags{ \n    font-size:12px; margin-top:2px; display:flex; \n    justify-content:flex-end; gap:6px; flex-wrap:wrap; \n  }\n  .pay-accordion .pill{\n    font-size:11px; font-weight:600; color:#fff; background:var(--ok);\n    padding:2px 6px; border-radius:999px; line-height:1;\n  }\n  .pay-accordion .pill-soft{\n    font-size:11px; font-weight:600; color:var(--ok); background:rgba(42,163,107,0.1);\n    padding:2px 6px; border-radius:999px; line-height:1;\n  }\n\n  .pay-accordion .radio{\n    width:16px; height:16px; border-radius:50%; border:2px solid var(--line);\n    position:relative; transition:border-color .18s;\n  }\n  .pay-accordion .item.active .radio{ border-color:var(--ok); }\n  .pay-accordion .item.active .radio::after{\n    content:\"\"; position:absolute; inset:3px; border-radius:50%; background:var(--ok);\n  }\n\n  .pay-accordion .chevron{ font-size:14px; color:#999; transition:transform .2s; }\n  .pay-accordion .item.active .chevron{ transform:rotate(90deg); }\n\n  .pay-accordion .content-wrap{ \n    overflow:hidden; max-height:0; opacity:.0; \n    transition:max-height .22s, opacity .18s; \n  }\n  .pay-accordion .content{ padding:0 14px 14px; font-size:13px; color:#555; }\n  .pay-accordion .item.active .content-wrap{ max-height:160px; opacity:1; }\n\n  \/* Estilos para las secciones de entrega *\/\n  .delivery-info {\n    display: flex; align-items: center; gap: 8px; \n    font-size: 15px; color: green; margin-top: 8px;\n  }\n  .delivery-info.national { font-size: 14px; }\n  .delivery-subtitle {\n    padding-left: 35px; margin-top: -6px; \n    font-size: 13px; color: #666;\n  }\n\n  @media (min-width: 992px){\n    .pay-accordion .header{ column-gap:16px; padding:12px 14px; }\n    .pay-accordion .current{ font-size:17px; }\n    .pay-accordion .method{ font-size:13.5px; }\n    .pay-accordion .price-row{ gap:6px; }\n  }\n<\/style>\n\n<div class=\"pay-accordion\">\n  <!-- Transferencia -->\n  <div class=\"item active\" aria-expanded=\"true\">\n    <div class=\"header\">\n      <div class=\"left\">\n        <div class=\"old\">{{ base_price | money }}<\/div>\n        <div class=\"price-row\">\n          <div class=\"current\">{{ price_off_20 | money }}<\/div>\n          <div class=\"off\">20% OFF<\/div>\n        <\/div>\n      <\/div>\n      <div class=\"right\">\n        <div class=\"method\">Transferencia bancaria<\/div>\n        <div class=\"tags\"><span class=\"pill\">Mejor precio<\/span><\/div>\n      <\/div>\n      <div class=\"radio\" aria-hidden=\"true\"><\/div>\n      <div class=\"chevron\">›<\/div>\n    <\/div>\n    <div class=\"content-wrap\">\n      <div class=\"content\">\n        Pagando por transferencia obtenés el mejor precio online.\n        \n        <div class=\"delivery-info\">\n          {{ truck_svg }}\n          <span>{{ mensaje_entrega_rapida }}<\/span>\n        <\/div>\n        <div class=\"delivery-subtitle\">Exclusivo CABA y GBA<\/div>\n\n        <div class=\"delivery-info national\">\n          {{ truck_svg }}\n          <span>{{ mensaje_entrega_nacional }}<\/span>\n        <\/div>\n        <div class=\"delivery-subtitle\">¡A todo el país!<\/div>\n      <\/div>\n    <\/div>\n  <\/div>\n\n  <!-- Tarjeta 3 cuotas sin interés -->\n  <div class=\"item\" aria-expanded=\"false\">\n    <div class=\"header\">\n      <div class=\"left\">\n        <div class=\"old\">{{ base_price | money }}<\/div>\n        <div class=\"price-row\">\n          <div class=\"current\">{{ price_off_10 | money }}<\/div>\n          <div class=\"off\">10% OFF<\/div>\n        <\/div>\n        <div class=\"cuotas-mini\">6 x {{ price_off_10 | divided_by:6 | money }} sin interés<\/div>\n      <\/div>\n      <div class=\"right\">\n        <div class=\"method\">MercadoPago<\/div>\n        <div class=\"tags\"><span class=\"pill-soft\">Acepta Tarjeta Crédito<\/span><\/div>\n      <\/div>\n      <div class=\"radio\" aria-hidden=\"true\"><\/div>\n      <div class=\"chevron\">›<\/div>\n    <\/div>\n    <div class=\"content-wrap\">\n      <div class=\"content\">\n Pagá en 63 cuotas con todas las tarjetas de crédito, debito o dinero en cuenta.\n\n        <div class=\"delivery-info\">\n          {{ truck_svg }}\n          <span>{{ mensaje_entrega_rapida }}<\/span>\n        <\/div>\n        <div class=\"delivery-subtitle\">Exclusivo CABA y GBA<\/div>\n\n        <div class=\"delivery-info national\">\n          {{ truck_svg }}\n          <span>{{ mensaje_entrega_nacional }}<\/span>\n        <\/div>\n        <div class=\"delivery-subtitle\">¡A todo el país!<\/div>\n      <\/div>\n    <\/div>\n  <\/div>\n\n  <!-- QR 12 cuotas -->\n  <div class=\"item\" aria-expanded=\"false\">\n    <div class=\"header\">\n      <div class=\"left\">\n        <div class=\"price-row\"><div class=\"current\">{{ base_price | money }}<\/div><\/div>\n        <div class=\"cuotas-mini\">6 x {{ product.price | divided_by:6 | money }} sin interés<\/div>\n      <\/div>\n      <div class=\"right\">\n        <div class=\"method\"><strong>Precio Normal<\/strong><\/div>\n        <div class=\"tags\"><span class=\"pill-soft\"><\/span><\/div>\n      <\/div>\n      <div class=\"radio\" aria-hidden=\"true\"><\/div>\n      <div class=\"chevron\">›<\/div>\n    <\/div>\n    <div class=\"content-wrap\">\n      <div class=\"content\">\n        Pagando con tarjeta mismo precio en 6 cuotas sin interés.\n\n        <div class=\"delivery-info\">\n          {{ truck_svg }}\n          <span>{{ mensaje_entrega_rapida }}<\/span>\n        <\/div>\n        <div class=\"delivery-subtitle\">Exclusivo CABA y GBA<\/div>\n\n        <div class=\"delivery-info national\">\n          {{ truck_svg }}\n          <span>{{ mensaje_entrega_nacional }}<\/span>\n        <\/div>\n        <div class=\"delivery-subtitle\">¡A todo el país!<\/div>\n      <\/div>\n    <\/div>\n  <\/div>\n<\/div>\n\n<script>\n  document.addEventListener('DOMContentLoaded', function () {\n    document.querySelectorAll('.pay-accordion .header').forEach(function (header) {\n      header.addEventListener('click', function (e) {\n        e.preventDefault();\n        e.stopPropagation();\n        \n        var item = header.closest('.pay-accordion .item');\n        if (!item) return;\n\n        var wasOpen = item.classList.contains('active');\n        \n        \/\/ Cerrar todos los items\n        document.querySelectorAll('.pay-accordion .item').forEach(function (i) {\n          i.classList.remove('active');\n          i.setAttribute('aria-expanded','false');\n        });\n        \n        \/\/ Abrir el clickeado si no estaba abierto\n        if (!wasOpen) {\n          item.classList.add('active');\n          item.setAttribute('aria-expanded','true');\n        }\n      }, true);\n    });\n\n    \/\/ Estilos para pointer events\n    var css = document.createElement('style');\n    css.textContent = '.pay-accordion .header{pointer-events:auto}.pay-accordion .header *{pointer-events:none}';\n    document.head.appendChild(css);\n  });\n<\/script>\n\n{% endif %}"}},"274efae9-ac95-43fc-aaa3-3b56aea15ab4":{"type":"custom_liquid","disabled":true,"settings":{"content":"<style>\n                .loox-rating i:empty {\n                  display:inline-block !important; font-size:16px !important;\n                }\n              <\/style>\n\n<a href=\"#looxReviews\">\n<div class=\"loox-rating\" data-id=\"{{ product.id }}\" data-rating=\"{{ product.metafields.loox.avg_rating }}\" data-fetch data-raters=\"{{ product.metafields.loox.num_reviews }}\"style=\"font-size:16px;\"><\/div>\n<\/a>"}},"custom_liquid_GPjQVt":{"type":"custom_liquid","disabled":true,"settings":{"content":"<div style=\"display: flex; align-items: center; gap: 5px; font-size: 15px;margin-top:-5px;margin-bottom:20px;\"><a href=\"{{ shop.url }}\/collections\/{{ product.vendor | replace: ' ', '-' | downcase }}\" style=\"color: #3483FA; text-decoration: none;font-weight:500;\">Ver más productos marca\n    {{ product.vendor }}\n<\/a><\/div>"}},"a311c0f5-393c-4e58-b07b-ec4e535001dd":{"type":"custom_liquid","disabled":true,"settings":{"content":"<style>\n                .loox-rating i:empty {\n                  display:inline-block !important; font-size:16px !important;\n                }\n              <\/style>\n\n<a href=\"#looxReviews\">\n<div class=\"loox-rating\" data-id=\"{{ product.id }}\" data-rating=\"{{ product.metafields.loox.avg_rating }}\" data-fetch data-raters=\"{{ product.metafields.loox.num_reviews }}\"style=\"font-size:16px;\"><\/div>\n<\/a>"}},"82f7102f-e1b6-4eb3-89b7-ee189edc5f76":{"type":"product_title","disabled":true,"settings":{"font_size":30}},"836d9723-358d-4023-88a8-2d3b5907093e":{"type":"review_sold","disabled":true,"settings":{"show_review":true,"show_sold_product":true,"sold":"8,10,12,15,17,22","hours":"10,12,15,16,17,18,20,24"}},"4fb992c4-abd8-4a65-a790-09cd83721e45":{"type":"product_label","disabled":true,"settings":{}},"custom_html_tcrrXL":{"type":"custom_html","disabled":true,"settings":{"content":"<!-- Badge \"Pagá con QR en 12 cuotas sin interés\" -->\n<style>\n  .qr-banner{\n    --bg:#0b3d2e;     \/* fondo *\/\n    --fg:#ffffff;     \/* texto *\/\n    --chip:#a7f3d0;   \/* fondo de la “chip” *\/\n\n    display:flex; align-items:center; gap:12px;\n    padding:12px 16px; border-radius:14px;\n    background:var(--bg); color:var(--fg);\n    font:500 14px\/1.2 system-ui,-apple-system,Segoe UI,Roboto,Inter,Arial;\n    width:fit-content; \/* se ajusta al contenido *\/\n  }\n  .qr-banner__icon{ width:20px; height:20px; flex:0 0 20px; fill:currentColor; opacity:.9; }\n  .qr-banner__text{ font-weight:700; letter-spacing:.2px; }\n  .qr-banner__chip{\n    background:var(--chip); color:#0b3d2e;\n    padding:4px 10px; border-radius:999px; font-weight:700; font-size:12px;\n    white-space:nowrap;\n  }\n<\/style>\n\n<div class=\"qr-banner\" style=\"--bg:#0b3d2e; --fg:#ffffff; --chip:#a7f3d0;\">\n  <svg class=\"qr-banner__icon\" viewbox=\"0 0 24 24\" aria-hidden=\"true\">\n    <path d=\"M3 3h8v8H3V3zm2 2v4h4V5H5zm8-2h8v8h-8V3zm2 2v4h4V5h-4zM3 13h8v8H3v-8zm2 2v4h4v-4H5zm12 0h4v2h-4v-2zm-4 0h2v2h-2v-2zm4 4h2v2h-2v-2zm-4 2h2v2h-2v-2z\"><\/path>\n  <\/svg>\n  <span class=\"qr-banner__text\">Pagá con QR<\/span>\n  <span class=\"qr-banner__chip\">12 cuotas sin interés<\/span>\n<\/div>"}},"custom_liquid_zKPYP6":{"type":"custom_liquid","disabled":true,"settings":{"content":"<span style=\"font-size:16px;color:green;padding-bottom:0;\">\n<strong style=\"color:green;\">20% OFF<\/strong> con dinero en <strong style=\"color:green;\">MercadoPago\n<\/strong><\/span>\n<div style=\"padding-left:0px;margin-top:-9px;\">\n   Tope: $20.000\n<\/div>"}},"28f5cd01-6929-43a4-ae42-f93a4280a432":{"type":"custom_liquid","settings":{"content":"<hr style=\"margin-top:0px;margin-bottom:-6px;color:#545454;\">"}},"custom_liquid_LcDQGG":{"type":"custom_liquid","disabled":true,"settings":{"content":"<div class=\"indy-cuotas-badge\" role=\"note\" aria-label=\"6 Cuotas sin interés con débito\">\n  <div class=\"icb-inner\">\n    <span class=\"icb-text\"><strong>6 Cuotas<\/strong> sin interés con débito<\/span>\n    <span class=\"icb-logo\" aria-hidden=\"true\">\n      <svg xmlns=\"http:\/\/www.w3.org\/2000\/svg\" width=\"109.259\" height=\"42.263\" viewBox=\"0 0 109.259 42.263\">\n        <path d=\"M85.043,23.976a1.223,1.223,0,0,1-1.277-1.4V18.329H86.5v-2.1H83.786V13.439l-2.433.258v2.534H79.518v2.1h1.836v4.248c0,2.454,1.4,3.672,3.532,3.591a5.457,5.457,0,0,0,2.014-.419l-.677-2.079a2.766,2.766,0,0,1-1.179.306ZM73.211,16.015a4.923,4.923,0,0,0-5.089,5.127,5.118,5.118,0,1,0,10.237,0A4.96,4.96,0,0,0,73.211,16.015Zm.021,8.021a2.66,2.66,0,0,1-2.674-2.893,2.691,2.691,0,0,1,2.674-2.914,2.78,2.78,0,0,1,2.674,2.914A2.676,2.676,0,0,1,73.232,24.035ZM105.059,20c-1.257-.08-1.836-.44-1.836-1.078s.639-.977,1.782-.977a3.315,3.315,0,0,1,2.436.891l1.369-1.61a5.284,5.284,0,0,0-3.832-1.3c-1.8,0-4.159.8-4.159,3.072s2.213,2.914,4.07,3.054c1.4.08,1.955.46,1.955,1.138s-.856,1.1-1.782,1.078a4.887,4.887,0,0,1-3.392-1.378l-1.188,1.738a5.789,5.789,0,0,0,4.548,1.756c2.813,0,4.23-1.485,4.23-3.235C109.268,20.542,106.916,20.123,105.059,20ZM13.507,22.428h3.565V24.9A4.64,4.64,0,0,1,13.92,26.02a4.423,4.423,0,0,1-4.809-4.67c0-2.873,1.815-5.148,4.809-5.148a5.347,5.347,0,0,1,3.565,1.4l1.637-1.678a7.376,7.376,0,0,0-5.187-2.133c-4.937,0-7.4,3.63-7.4,7.56,0,3.672,2.136,7.129,7.385,7.129a6.96,6.96,0,0,0,5.567-2.516V20.075h-5.98Zm15.109-8.52a7.067,7.067,0,0,0-7.245,7.364c0,3.672,2.275,7.2,7.183,7.2s7.129-3.612,7.165-7.225A6.968,6.968,0,0,0,28.616,13.908Zm-.062,12.153c-3.291,0-4.527-2.454-4.59-4.753A4.55,4.55,0,0,1,28.616,16.3c3.211.059,4.548,2.653,4.509,4.988S31.848,26.061,28.554,26.061ZM33.333,0H8.93A8.956,8.956,0,0,0,0,8.93V33.336a8.95,8.95,0,0,0,8.93,8.927h24.4a8.945,8.945,0,0,0,8.93-8.927V8.93A8.95,8.95,0,0,0,33.333,0Zm6.075,33.336a6.09,6.09,0,0,1-6.075,6.069H8.93a6.087,6.087,0,0,1-6.072-6.069V8.93A6.087,6.087,0,0,1,8.93,2.858h24.4A6.09,6.09,0,0,1,39.408,8.93ZM63.672,21.231A2.594,2.594,0,0,1,61.159,24a2.349,2.349,0,0,1-2.376-2.635V16.214H56.35v5.175c0,3.051,1.714,4.827,4.07,4.827a4.366,4.366,0,0,0,3.333-1.485l.16,1.316h2.174V16.214H63.672Zm32.546-3.66a3.606,3.606,0,0,0-3.134-1.6,4.789,4.789,0,0,0-5.127,5.148c0,3.452,2.157,5.249,5.068,5.228a3.77,3.77,0,0,0,3.193-1.735l.119,1.435h2.287V16.214H96.29ZM93.3,24.107a2.816,2.816,0,0,1-2.911-2.994A2.8,2.8,0,0,1,93.3,18.142c3.835.006,3.835,5.974,0,5.974Zm-42.242-.1a2.681,2.681,0,0,1-2.8-2.873A2.763,2.763,0,0,1,51.1,18.219a3,3,0,0,1,1.975.793L54.612,17.4a4.664,4.664,0,0,0-3.565-1.456,4.879,4.879,0,0,0-5.228,5.207,4.881,4.881,0,0,0,5.228,5.207A5.05,5.05,0,0,0,54.838,24.8L53.2,23.2a2.971,2.971,0,0,1-2.139.811Z\" fill=\"currentColor\"\/>\n      <\/svg>\n    <\/span>\n  <\/div>\n<\/div>\n\n<style>\n  \/* --- Indy Cuotas Badge (logo a la derecha) --- *\/\n  .indy-cuotas-badge {\n    --badge-bg: #EE2A7B;   \/* Cambiá este color si querés otro *\/\n    --badge-fg: #FFFFFF;   \/* Texto y logo *\/\n    --badge-radius: 12px;\n    --badge-pad-y: 10px;\n    --badge-pad-x: 14px;\n    --badge-gap: 10px;\n    --badge-shadow: 0 4px 10px rgba(0,0,0,.10);\n    display: inline-block;\n  }\n  .indy-cuotas-badge .icb-inner {\n    display: inline-flex;\n    align-items: center;\n    gap: var(--badge-gap);\n    background: var(--badge-bg);\n    color: var(--badge-fg);\n    border-radius: var(--badge-radius);\n    padding: var(--badge-pad-y) var(--badge-pad-x);\n    line-height: 1;\n    box-shadow: var(--badge-shadow);\n    user-select: none;\n  }\n  .indy-cuotas-badge .icb-text,\n  .indy-cuotas-badge .icb-text strong {\n    color: var(--badge-fg);       \/* fuerza blanco también en <strong> *\/\n    font-weight: 600;\n    letter-spacing: .2px;\n  }\n  .indy-cuotas-badge .icb-text { font-size: 14px; }\n  .indy-cuotas-badge .icb-logo svg {\n    display: block;\n    height: 22px; \/* ajuste visual *\/\n    width: auto;\n    color: var(--badge-fg); \/* gracias a fill='currentColor' *\/\n  }\n  @media (min-width: 768px){\n    .indy-cuotas-badge .icb-logo svg { height: 24px; }\n    .indy-cuotas-badge .icb-text { font-size: 15px; }\n  }\n<\/style>"}},"custom_liquid_DVRxz7":{"type":"custom_liquid","disabled":true,"settings":{"content":"{% if product.price > 14999900 %}\n  <div style=\"\n   display: inline-block;\n    background-color: #f2f2f2;\n    padding: 6px 12px;\n    border-radius: 8px;\n    font-size: 13px;\n    font-weight: 500;\n    color: #212121;\n    line-height: 1.4;\n    margin-top: 8px;\n  \">\n    Envío <span style=\"text-decoration: line-through; color: #212121\">$9500<\/span> <strong style=\"color: green;\">GRATIS<\/strong>\n  <\/div>\n{% endif %}"}},"custom_liquid_nBTqRQ":{"type":"custom_liquid","settings":{"content":"{%- assign current_hour = \"now\" | date: \"%H\" | plus: 0 -%}\n{%- assign current_day = \"now\" | date: \"%w\" | plus: 0 -%}\n\n{%- if current_day == 0 -%}\n    {%- assign mensaje_entrega = \"Te llega el <strong style='color: green;'>Lunes<\/strong>\" -%}\n{%- elsif current_day == 6 and current_hour >= 13 -%}\n    {%- assign mensaje_entrega = \"Te llega el <strong style='color: green;'>Lunes<\/strong>\" -%}\n{%- elsif current_hour < 13 -%}\n    {%- assign mensaje_entrega = \"Te llega <strong style='color: green;'>Hoy<\/strong>\" -%}\n{%- else -%}\n    {%- assign mensaje_entrega = \"Te llega <strong style='color: green;'>Mañana<\/strong>\" -%}\n{%- endif -%}\n\n<div style=\"display: flex; align-items: center; gap: 8px; font-size: 15px;  color: green;\">\n    <svg width=\"24\" height=\"24\" xmlns=\"http:\/\/www.w3.org\/2000\/svg\" version=\"1.1\" viewBox=\"0 0 100 100\">\n  <defs>\n    <style>\n      .cls-1 {\n        fill: none;\n        stroke: currentColor;\n        stroke-linecap: round;\n        stroke-linejoin: round;\n        stroke-width: 3px;\n      }\n    <\/style>\n  <\/defs>\n  <g>\n    <g id=\"Capa_1\">\n      <g>\n        <circle class=\"cls-1\" cx=\"51.7\" cy=\"45.1\" r=\"9.6\"\/>\n        <polyline class=\"cls-1\" points=\"47.4 45.4 49.8 47.9 55.1 42.6\"\/>\n        <line class=\"cls-1\" x1=\"3.6\" y1=\"34\" x2=\"21.6\" y2=\"34\"\/>\n        <line class=\"cls-1\" x1=\"7.4\" y1=\"41.2\" x2=\"21.6\" y2=\"41.2\"\/>\n        <line class=\"cls-1\" x1=\"11\" y1=\"48.3\" x2=\"21.6\" y2=\"48.3\"\/>\n      <\/g>\n      <path class=\"cls-1\" d=\"M77.3,62.9V30.4c0-3.4-1.4-4.8-3.1-4.8H30.8c-1.7,0-3.1,1.4-3.1,3.1v35.3c0,1.7,1.4,3.1,3.1,3.1h4.2\"\/>\n      <line class=\"cls-1\" x1=\"47.2\" y1=\"67.2\" x2=\"74.2\" y2=\"67.2\"\/>\n      <circle class=\"cls-1\" cx=\"41.1\" cy=\"68.3\" r=\"6.1\"\/>\n      <path class=\"cls-1\" d=\"M90.9,49.3l-2.8-11.2c0-1-.8-1.7-1.7-1.7h-9.1\"\/>\n      <path class=\"cls-1\" d=\"M87.7,67.2h7.5c.7,0,1.2-.5,1.2-1.2v-15.2c0-.7-.5-1.2-1.2-1.2h-16.7c-.7,0-1.2.5-1.2,1.2v10.6\"\/>\n      <circle class=\"cls-1\" cx=\"81.1\" cy=\"68.3\" r=\"6.1\"\/>\n    <\/g>\n  <\/g>\n<\/svg>\n    <span>{{ mensaje_entrega }}<\/span>\n<\/div>\n<div style=\"padding-left:35px;margin-top: -6px;font-size: 13px;\">Exclusivo CABA y GBA<\/div>"}},"custom_liquid_MbJcMA":{"type":"custom_liquid","settings":{"content":"{%- assign current_date = \"now\" | date: \"%s\" -%}\n{%- assign days_added = 0 -%}\n{%- assign min_days = 3 -%}\n{%- assign max_days = 7 -%}\n{%- assign min_delivery = current_date -%}\n{%- assign max_delivery = current_date -%}\n\n{%- for i in (1..10) -%}\n    {%- assign min_delivery = min_delivery | plus: 86400 -%} {%- comment %} Sumar 1 día {% endcomment %}\n    {%- assign min_day = min_delivery | date: \"%A\" -%}\n    {%- unless min_day == \"Saturday\" or min_day == \"Sunday\" -%}\n        {%- assign days_added = days_added | plus: 1 -%}\n    {%- endunless -%}\n    {%- if days_added == min_days -%}\n        {%- break -%}\n    {%- endif -%}\n{%- endfor -%}\n\n{%- assign days_added = 0 -%}\n{%- for i in (1..15) -%}\n    {%- assign max_delivery = max_delivery | plus: 86400 -%}\n    {%- assign max_day = max_delivery | date: \"%A\" -%}\n    {%- unless max_day == \"Saturday\" or max_day == \"Sunday\" -%}\n        {%- assign days_added = days_added | plus: 1 -%}\n    {%- endunless -%}\n    {%- if days_added == max_days -%}\n        {%- break -%}\n    {%- endif -%}\n{%- endfor -%}\n\n\n{%- assign min_day_number = min_delivery | date: \"%d\" -%}\n{%- assign max_day_number = max_delivery | date: \"%d\" -%}\n{%- assign min_day = min_delivery | date: \"%A\" -%}\n{%- assign max_day = max_delivery | date: \"%A\" -%}\n\n{%- assign days_dict = \"Sunday:Domingo,Monday:Lunes,Tuesday:Martes,Wednesday:Miércoles,Thursday:Jueves,Friday:Viernes,Saturday:Sábado\" | split: \",\" -%}\n\n{%- for day in days_dict -%}\n    {%- assign eng = day | split: \":\" | first -%}\n    {%- assign esp = day | split: \":\" | last -%}\n\n    {%- if min_day == eng -%}\n        {%- assign min_day = esp -%}\n    {%- endif -%}\n\n    {%- if max_day == eng -%}\n        {%- assign max_day = esp -%}\n    {%- endif -%}\n{%- endfor -%}\n\n{%- assign mensaje_entrega = \"Llega entre el <strong style='color: green;'>\" | append: min_day | append: \" \" | append: min_day_number | append: \"<\/strong> y el <strong style='color: green;'>\" | append: max_day | append: \" \" | append: max_day_number | append: \"<\/strong>\" -%}\n\n<div style=\"display: flex; align-items: center; gap: 8px; font-size: 15px;  color: green;\">\n    <svg width=\"24\" height=\"24\" xmlns=\"http:\/\/www.w3.org\/2000\/svg\" version=\"1.1\" viewBox=\"0 0 100 100\">\n        <defs>\n            <style>\n                .cls-1 {\n                    fill: none;\n                    stroke: currentColor;\n                    stroke-linecap: round;\n                    stroke-linejoin: round;\n                    stroke-width: 3px;\n                }\n            <\/style>\n        <\/defs>\n        <g>\n            <g id=\"Capa_1\">\n                <g>\n                    <circle class=\"cls-1\" cx=\"51.7\" cy=\"45.1\" r=\"9.6\"\/>\n                    <polyline class=\"cls-1\" points=\"47.4 45.4 49.8 47.9 55.1 42.6\"\/>\n                    <line class=\"cls-1\" x1=\"3.6\" y1=\"34\" x2=\"21.6\" y2=\"34\"\/>\n                    <line class=\"cls-1\" x1=\"7.4\" y1=\"41.2\" x2=\"21.6\" y2=\"41.2\"\/>\n                    <line class=\"cls-1\" x1=\"11\" y1=\"48.3\" x2=\"21.6\" y2=\"48.3\"\/>\n                <\/g>\n                <path class=\"cls-1\" d=\"M77.3,62.9V30.4c0-3.4-1.4-4.8-3.1-4.8H30.8c-1.7,0-3.1,1.4-3.1,3.1v35.3c0,1.7,1.4,3.1,3.1,3.1h4.2\"\/>\n                <line class=\"cls-1\" x1=\"47.2\" y1=\"67.2\" x2=\"74.2\" y2=\"67.2\"\/>\n                <circle class=\"cls-1\" cx=\"41.1\" cy=\"68.3\" r=\"6.1\"\/>\n                <path class=\"cls-1\" d=\"M90.9,49.3l-2.8-11.2c0-1-.8-1.7-1.7-1.7h-9.1\"\/>\n                <path class=\"cls-1\" d=\"M87.7,67.2h7.5c.7,0,1.2-.5,1.2-1.2v-15.2c0-.7-.5-1.2-1.2-1.2h-16.7c-.7,0-1.2.5-1.2,1.2v10.6\"\/>\n                <circle class=\"cls-1\" cx=\"81.1\" cy=\"68.3\" r=\"6.1\"\/>\n            <\/g>\n        <\/g>\n    <\/svg>\n    <span>{{ mensaje_entrega }}<\/span>\n<\/div>\n<div style=\"padding-left:35px;margin-top: -6px;font-size: 13px;\">¡A todo el país!<\/div>"}},"custom_liquid_LR79wj":{"type":"custom_liquid","disabled":true,"settings":{"content":"{%- assign current_hour = \"now\" | date: \"%H\" | plus: 0 -%}\n{%- assign current_day = \"now\" | date: \"%w\" | plus: 0 -%}\n\n{%- if current_day == 0 -%}\n    {%- assign mensaje_entrega = \"Te llega el <strong style='color: green;'>Lunes<\/strong>\" -%}\n{%- elsif current_day == 6 and current_hour >= 13 -%}\n    {%- assign mensaje_entrega = \"Te llega el <strong style='color: green;'>Lunes<\/strong>\" -%}\n{%- elsif current_hour < 13 -%}\n    {%- assign mensaje_entrega = \"Te llega <strong style='color: green;'>hoy<\/strong>\" -%}\n{%- else -%}\n    {%- assign mensaje_entrega = \"Te llega <strong style='color: green;'>mañana<\/strong>\" -%}\n{%- endif -%}\n\n<div style=\"display: flex; align-items: center; gap: 8px; font-size: 18px;  color: green;\">\n    <svg width=\"24\" height=\"24\" xmlns=\"http:\/\/www.w3.org\/2000\/svg\" version=\"1.1\" viewBox=\"0 0 100 100\">\n  <defs>\n    <style>\n      .cls-1 {\n        fill: none;\n        stroke: currentColor;\n        stroke-linecap: round;\n        stroke-linejoin: round;\n        stroke-width: 3px;\n      }\n    <\/style>\n  <\/defs>\n  <g>\n    <g id=\"Capa_1\">\n      <g>\n        <circle class=\"cls-1\" cx=\"51.7\" cy=\"45.1\" r=\"9.6\"\/>\n        <polyline class=\"cls-1\" points=\"47.4 45.4 49.8 47.9 55.1 42.6\"\/>\n        <line class=\"cls-1\" x1=\"3.6\" y1=\"34\" x2=\"21.6\" y2=\"34\"\/>\n        <line class=\"cls-1\" x1=\"7.4\" y1=\"41.2\" x2=\"21.6\" y2=\"41.2\"\/>\n        <line class=\"cls-1\" x1=\"11\" y1=\"48.3\" x2=\"21.6\" y2=\"48.3\"\/>\n      <\/g>\n      <path class=\"cls-1\" d=\"M77.3,62.9V30.4c0-3.4-1.4-4.8-3.1-4.8H30.8c-1.7,0-3.1,1.4-3.1,3.1v35.3c0,1.7,1.4,3.1,3.1,3.1h4.2\"\/>\n      <line class=\"cls-1\" x1=\"47.2\" y1=\"67.2\" x2=\"74.2\" y2=\"67.2\"\/>\n      <circle class=\"cls-1\" cx=\"41.1\" cy=\"68.3\" r=\"6.1\"\/>\n      <path class=\"cls-1\" d=\"M90.9,49.3l-2.8-11.2c0-1-.8-1.7-1.7-1.7h-9.1\"\/>\n      <path class=\"cls-1\" d=\"M87.7,67.2h7.5c.7,0,1.2-.5,1.2-1.2v-15.2c0-.7-.5-1.2-1.2-1.2h-16.7c-.7,0-1.2.5-1.2,1.2v10.6\"\/>\n      <circle class=\"cls-1\" cx=\"81.1\" cy=\"68.3\" r=\"6.1\"\/>\n    <\/g>\n  <\/g>\n<\/svg>\n    <span>{{ mensaje_entrega }}<\/span>\n<\/div>\n<div style=\"padding-left:35px;margin-top: -6px;;\">Exclusivo CABA y GBA<\/div>"}},"dbd063d5-9b87-45d4-9984-deb077fa0e85":{"type":"short_description","disabled":true,"settings":{"length":31}},"66e6994c-2a75-4723-a6a4-d69ac368f716":{"type":"visitors","disabled":true,"settings":{"count_text":"[count_number] people are viewing this right now","count_range_max":30,"count_range_min":10,"view_duration":10}},"39f14f5e-3cc5-4645-a921-f071b109d244":{"type":"countdown_timer","disabled":true,"settings":{"show_countdown_timer":true,"message":"Hurry Up! Sale ends in:"}},"3870a5bb-fec0-4b82-9405-e324077ed947":{"type":"product_swatch","settings":{}},"custom_liquid_YqyBxJ":{"type":"custom_liquid","disabled":true,"settings":{"content":"<div>El talle esta expresado en <strong> EUR<\/strong>, recomendamos mirar la tabla de talles<\/div>"}},"062f7cd6-1265-4c29-a22c-e2bbebc5f2b6":{"type":"product_addons","disabled":true,"settings":{"size_chart":"2","type_size_chart":"1","page":"size-guide","text":"","show_compare_color":true,"show_ask":true,"show_share":true}},"4c574cf3-57bd-46ba-866c-1c9ffa41769f":{"type":"custom_text","disabled":true,"settings":{"content":"<p><strong>Add your personalization<\/strong><\/p><p>Add your name, note or upload your customized idea image to personalise your item. Custom items cannot be returned or exchanged.<\/p><p><\/p><p><\/p>"}},"f98b666a-7c37-41ed-be7b-4a28f4a1e8b4":{"type":"stock_countdown","settings":{"message":"¡Quedan [count] En Stock!","qty":4}},"37f20969-8bae-47ff-89e1-b0be3169e19a":{"type":"product_form","settings":{"button_animation":"none","show_buy_now":false,"show_gift_card_recipient":false,"label_quantity_product_information":false}},"36b60431-ff3f-43f2-879c-9fe500e65eb1":{"type":"custom_liquid","settings":{"content":"<div style=\"display: flex; align-items: center; gap: 5px; font-size: 16px;margin-top:-20px;margin-bottom:15px;\">\n    <span style=\"color: black;\">Tienda oficial<\/span>\n    <a href=\"{{ shop.url }}\/collections\/{{ product.vendor | replace: ' ', '-' | downcase }}\" style=\"color: #3483FA; text-decoration: none;\">\n    {{ product.vendor }}\n<\/a>\n\n    <svg xmlns=\"http:\/\/www.w3.org\/2000\/svg\" width=\"18\" height=\"18\" fill=\"none\" viewBox=\"0 0 15 15\">\n        <path fill=\"#3483FA\" d=\"M6.91.93a1 1 0 0 1 1.18 0l.984.718a1 1 0 0 0 .592.193l1.219-.003a1 1 0 0 1 .954.693l.374 1.16a1 1 0 0 0 .366.503l.987.715a1 1 0 0 1 .365 1.121l-.38 1.16a1 1 0 0 0 0 .62l.38 1.16a1 1 0 0 1-.365 1.12l-.987.716a1 1 0 0 0-.366.503l-.374 1.16a1 1 0 0 1-.954.693l-1.22-.003a1 1 0 0 0-.59.192l-.986.72a1 1 0 0 1-1.178 0l-.985-.72a1 1 0 0 0-.592-.192l-1.219.003a1 1 0 0 1-.954-.693l-.374-1.16a1 1 0 0 0-.366-.503l-.987-.715a1 1 0 0 1-.365-1.121l.38-1.16a1 1 0 0 0 0-.62l-.38-1.16a1 1 0 0 1 .365-1.12l.987-.716a1 1 0 0 0 .366-.503l.374-1.16a1 1 0 0 1 .954-.693l1.22.003a1 1 0 0 0 .59-.193z\"\/>\n        <path fill=\"#fff\" d=\"m6.59 8.547 3.433-3.433.772.772-4.204 4.203-2.386-2.385.771-.772z\"\/>\n    <\/svg>\n<\/div>"}},"custom_liquid_jB88Xa":{"type":"custom_liquid","disabled":true,"settings":{"content":"<div style=\"display: flex; align-items: center; gap: 8px; font-size: 15px;  color: green;\">\n    <svg xmlns=\"http:\/\/www.w3.org\/2000\/svg\" viewBox=\"0 0 64 64\" width=\"24\" height=\"24\" style=\"fill: green; stroke: green;\">\n        <g id=\"Layer_82\" data-name=\"Layer 82\">\n            <path d=\"M12.14,28.52a1.51,1.51,0,0,0,1.92.84l9.49-3.63a1.5,1.5,0,0,0-1.07-2.8l-6.41,2.45c7-14.79,28.85-12.93,33.16,3a1.5,1.5,0,0,0,2.9-.78c-5-18.42-30.2-20.78-38.61-3.81l-2.23-5.83A1.5,1.5,0,0,0,8.49,19S12.1,28.49,12.14,28.52Z\"><\/path>\n            <path d=\"M55.51,44.44,52.09,35.5a1.59,1.59,0,0,0-.45-.61,1.51,1.51,0,0,0-1.49-.25l-8.94,3.42a1.5,1.5,0,0,0,1.07,2.8l5.86-2.24c-7,14.79-28.85,12.93-33.17-3a1.5,1.5,0,0,0-1.83-1.06,1.52,1.52,0,0,0-1.07,1.84c5,18.42,30.21,20.78,38.61,3.8l2,5.29A1.5,1.5,0,0,0,55.51,44.44Z\"><\/path>\n        <\/g>\n    <\/svg>\n    <span style=\"color: green;\">Primer cambio <strong Style=\"color:green\">Gratis<\/strong><\/span>\n<\/div>\n<div style=\"padding-left:35px; margin-top: -6px; font-size: 14px;font-size: 13px; \">Tenés hasta 30 días<\/div>"}},"fb4d791a-e332-4dc8-b188-114a9e802869":{"type":"pickup_availability","disabled":true,"settings":{}},"c772ce81-4aa5-415d-8939-631c6d4897ff":{"type":"delivery_return","disabled":true,"settings":{"show_delivery":true,"delivery_text":"<p>Estimate delivery times: <strong>12-26 days<\/strong> (International), <strong>3-6 days<\/strong> (United States).<\/p>","show_return":true,"return_text":"<p>Return within <strong>45 days<\/strong> of purchase. Duties & taxes are non-refundable.<\/p>"}},"84ae25d8-caaa-414c-b983-91812f8c5046":{"type":"product_meta","disabled":true,"settings":{"show_vendors":true,"show_available":true,"show_sku":true,"show_barcode":false,"show_type":true,"show_collection":true}},"7f7715cd-0a21-4716-b92b-d07c0b508e02":{"type":"shopify:\/\/apps\/loox-reviews\/blocks\/loox-snippets-widget\/5c3b337f-fd14-4df5-b1d6-80ec13e6e28e","settings":{"alignment":"left","max-width":"","color-scheme":"default","shadow":"","show-rating":true,"show-image":true,"hide-arrows-mobile":false,"font-size":14,"show-border":false,"border-radius":16,"background-color":"","text-color":"","name-color":"","rating-icon-color":"","border-color":"","shadow-color":"","reviews-limit":10}}},"block_order":["custom_liquid_hxYJUw","custom_liquid_cWP7QF","custom_liquid_x9PB4m","custom_liquid_Hgx9Xw","custom_liquid_HqgRmX","7d760b32-e8e4-42d9-8998-91d6fb23aaef","9f87fb95-74a3-4a22-a902-c9e935d712c4","custom_liquid_rcD8wJ","274efae9-ac95-43fc-aaa3-3b56aea15ab4","custom_liquid_GPjQVt","a311c0f5-393c-4e58-b07b-ec4e535001dd","82f7102f-e1b6-4eb3-89b7-ee189edc5f76","836d9723-358d-4023-88a8-2d3b5907093e","4fb992c4-abd8-4a65-a790-09cd83721e45","custom_html_tcrrXL","custom_liquid_zKPYP6","28f5cd01-6929-43a4-ae42-f93a4280a432","custom_liquid_LcDQGG","custom_liquid_DVRxz7","custom_liquid_nBTqRQ","custom_liquid_MbJcMA","custom_liquid_LR79wj","dbd063d5-9b87-45d4-9984-deb077fa0e85","66e6994c-2a75-4723-a6a4-d69ac368f716","39f14f5e-3cc5-4645-a921-f071b109d244","3870a5bb-fec0-4b82-9405-e324077ed947","custom_liquid_YqyBxJ","062f7cd6-1265-4c29-a22c-e2bbebc5f2b6","4c574cf3-57bd-46ba-866c-1c9ffa41769f","f98b666a-7c37-41ed-be7b-4a28f4a1e8b4","37f20969-8bae-47ff-89e1-b0be3169e19a","36b60431-ff3f-43f2-879c-9fe500e65eb1","custom_liquid_jB88Xa","fb4d791a-e332-4dc8-b188-114a9e802869","c772ce81-4aa5-415d-8939-631c6d4897ff","84ae25d8-caaa-414c-b983-91812f8c5046","7f7715cd-0a21-4716-b92b-d07c0b508e02"],"custom_css":[".quantity {display: none !important;}","#soldoutvariant {display: none !important;}",".bls__product-price {padding-top: 0px; padding-bottom: 0px;}",".sticky-addcart-opstion {display: none !important;}",".special-price {color: black;}",".bls__product-vendors {display: none !important;}","button.peppy-notify-me-button {text-transform: initial; text-decoration: underline; text-align: left !important; padding: 0px; margin: 0px; height: 35px;}",".bls__product-images {margin-bottom: 18px;}"],"settings":{"container":"container-fluid","design":"thumbnails-bottom","product_loading_effect":false,"sticky_product_information":true,"image_action":"show_zoom_button","zoom_type":"inner-1","hidden_zoom_mobile":true,"enable_video_looping":false,"thumbnails_mobile":"2","use_variants_group":false,"swatch_size":"medium","bought_together":true,"sticky":false,"sticky_mode":"2"}},"slideshow_GxEL9M":{"type":"slideshow","blocks":{"slider_item_JTAd6p":{"type":"slider_item","settings":{"image":"shopify:\/\/shop_images\/mpa_2024_sellers_bannereditable_1200x200_1.png","content_box":"content_in_container","content_custom_width":true,"content_width":50,"content_background_color":"","content_opacity":100,"horizontal_position":"left_position","vertical_position":"middle_position","slider_effect":"effect_fadeindown","text_alignment":"center","text_alignment_on_mobile":"center","subheading":"","title":"","description":"","image_link":"","button_text":"","button_type":"primary"}}},"block_order":["slider_item_JTAd6p"],"disabled":true,"settings":{"container":"container","slide_height":"adapt","color_scheme":"","image_behavior":"none","eb_vertical_menu":false,"height_dk":800,"height_tb":600,"height_mb":360,"heading_font_size":"110","heading_font_weight":"default","subheading_font_size":"12","subheading_font_weight":"default","description_font_size":"16","description_font_weight":"default","design":"s-text-overlay-image","reset_color_mb":false,"show_arrow_desktop":false,"show_arrow_mobile":false,"show_bullet_desktop":false,"show_bullet_mobile":false,"autoplay":false,"autorotate_speed":5,"enable_effect":false,"padding_top":0,"padding_bottom":0,"reset_spacing":false}},"product-sidebar":{"type":"product-sidebar","blocks":{"categories":{"type":"categories","settings":{"title":"Products category","menu":""}},"shipping":{"type":"shipping","settings":{"title":"Delivery Information","icon_1":"<svg width=\"30\" height=\"30\" viewbox=\"0 0 30 30\" fill=\"none\" xmlns=\"http:\/\/www.w3.org\/2000\/svg\">\n<path d=\"M3.96289 9.2998L15.0004 15.6873L25.9629 9.33727\" stroke=\"#111111\" stroke-width=\"2\" stroke-linecap=\"round\" stroke-linejoin=\"round\"><\/path>\n<path d=\"M15 27.0123V15.6748\" stroke=\"#111111\" stroke-width=\"2\" stroke-linecap=\"round\" stroke-linejoin=\"round\"><\/path>\n<path d=\"M12.4133 3.1L5.73826 6.81254C4.22576 7.65004 2.98828 9.75001 2.98828 11.475V18.5375C2.98828 20.2625 4.22576 22.3625 5.73826 23.2L12.4133 26.9126C13.8383 27.7001 16.1757 27.7001 17.6007 26.9126L24.2758 23.2C25.7883 22.3625 27.0258 20.2625 27.0258 18.5375V11.475C27.0258 9.75001 25.7883 7.65004 24.2758 6.81254L17.6007 3.1C16.1632 2.3 13.8383 2.3 12.4133 3.1Z\" stroke=\"#111111\" stroke-width=\"2\" stroke-linecap=\"round\" stroke-linejoin=\"round\"><\/path>\n<path d=\"M21.2492 16.55V11.9751L9.38672 5.125\" stroke=\"#111111\" stroke-width=\"2\" stroke-linecap=\"round\" stroke-linejoin=\"round\"><\/path>\n<\/svg>","title_1":"Fast Delivery","content_1":"Deliver in 24 hours max!","icon_2":"<svg width=\"30\" height=\"30\" viewbox=\"0 0 30 30\" fill=\"none\" xmlns=\"http:\/\/www.w3.org\/2000\/svg\">\n<path d=\"M4.91211 19.8486L19.8496 4.91113\" stroke=\"#111111\" stroke-width=\"2\" stroke-miterlimit=\"10\" stroke-linecap=\"round\" stroke-linejoin=\"round\"><\/path>\n<path d=\"M13.877 22.8486L15.377 21.3486\" stroke=\"#111111\" stroke-width=\"2\" stroke-miterlimit=\"10\" stroke-linecap=\"round\" stroke-linejoin=\"round\"><\/path>\n<path d=\"M17.2422 19.4855L20.2297 16.498\" stroke=\"#111111\" stroke-width=\"2\" stroke-miterlimit=\"10\" stroke-linecap=\"round\" stroke-linejoin=\"round\"><\/path>\n<path d=\"M4.50159 12.7989L12.8016 4.49887C15.4516 1.84887 16.7766 1.83637 19.4016 4.46137L25.5391 10.5989C28.1641 13.2239 28.1516 14.5489 25.5016 17.1989L17.2016 25.4989C14.5516 28.1489 13.2266 28.1614 10.6016 25.5364L4.46409 19.3989C1.83909 16.7739 1.83909 15.4614 4.50159 12.7989Z\" stroke=\"#111111\" stroke-width=\"2\" stroke-linecap=\"round\" stroke-linejoin=\"round\"><\/path>\n<path d=\"M2.5 27.498H27.5\" stroke=\"#111111\" stroke-width=\"2\" stroke-linecap=\"round\" stroke-linejoin=\"round\"><\/path>\n<\/svg>","title_2":"Safe Payment","content_2":"Visa, Mastercard, PayPal...","icon_3":"<svg width=\"30\" height=\"30\" viewbox=\"0 0 30 30\" fill=\"none\" xmlns=\"http:\/\/www.w3.org\/2000\/svg\">\n<path d=\"M10.4746 14.9996L13.4871 18.0246L19.5246 11.9746\" stroke=\"#111111\" stroke-width=\"2\" stroke-linecap=\"round\" stroke-linejoin=\"round\"><\/path>\n<path d=\"M13.4371 3.06289C14.2996 2.32539 15.7121 2.32539 16.5871 3.06289L18.5621 4.76289C18.9371 5.08789 19.6371 5.35039 20.1371 5.35039H22.2621C23.5871 5.35039 24.6746 6.43789 24.6746 7.76289V9.88789C24.6746 10.3754 24.9371 11.0879 25.2621 11.4629L26.9621 13.4379C27.6996 14.3004 27.6996 15.7129 26.9621 16.5879L25.2621 18.5629C24.9371 18.9379 24.6746 19.6379 24.6746 20.1379V22.2629C24.6746 23.5879 23.5871 24.6754 22.2621 24.6754H20.1371C19.6496 24.6754 18.9371 24.9379 18.5621 25.2629L16.5871 26.9629C15.7246 27.7004 14.3121 27.7004 13.4371 26.9629L11.4621 25.2629C11.0871 24.9379 10.3871 24.6754 9.88711 24.6754H7.72461C6.39961 24.6754 5.31211 23.5879 5.31211 22.2629V20.1254C5.31211 19.6379 5.04961 18.9379 4.73711 18.5629L3.04961 16.5754C2.32461 15.7129 2.32461 14.3129 3.04961 13.4504L4.73711 11.4629C5.04961 11.0879 5.31211 10.3879 5.31211 9.90039V7.75039C5.31211 6.42539 6.39961 5.33789 7.72461 5.33789H9.88711C10.3746 5.33789 11.0871 5.07539 11.4621 4.75039L13.4371 3.06289Z\" stroke=\"#111111\" stroke-width=\"2\" stroke-linecap=\"round\" stroke-linejoin=\"round\"><\/path>\n<\/svg>","title_3":"Support Online","content_3":"Free returns within 15 days","icon_4":"","title_4":"","content_4":"","icon_5":"","title_5":"","content_5":""}},"b7728988-3e1a-42db-8bcd-2cb3b7bd73e8":{"type":"instagram","settings":{"title":"Instagram","ig_ac":"","ig_num_imgs":9,"space_column":5}}},"block_order":["categories","shipping","b7728988-3e1a-42db-8bcd-2cb3b7bd73e8"],"disabled":true,"settings":{"enable_sidebar":false,"sidebar_layout":"left"}},"information-tabs":{"type":"product-information-tabs","blocks":{"5ff6a4f5-c591-4a3f-bb68-b1efa1c91ab5":{"type":"description","settings":{"title":"Descripción"}},"f15df867-a65f-4fc0-8fe3-51d2180492be":{"type":"review","disabled":true,"settings":{"title":"Review"}},"de7d437d-d088-49b0-9426-0e78b2a44fd7":{"type":"custom_tab","settings":{"title":"Envíos y devoluciones","tab_content":"content","content":"<p><strong>Aprovecha el Envío GRATIS superando $180.000:<\/strong><\/p><ul><li>Disfruta del envío gratuito a tu domicilio o sucursal al realizar una compra que supere los  <strong>$180.000<\/strong>.<\/li><\/ul><p><strong>Entrega en el día: en Capital Federal y Gran Buenos Aires<\/strong><\/p><ul><li>Recibí en menos de 24HS comprando antes de las 14:00hs<\/li><\/ul><p><strong>Entrega Rápida en 2-7 Días Hábiles:<\/strong><\/p><ul><li>Tu pedido será entregado en un plazo de 2 a 7 días hábiles, garantizando eficiencia y puntualidad.<\/li><\/ul><p><strong>Seguimiento de Envío Sencillo:<\/strong><\/p><ul><li>Después de que despachemos tu pedido, recibirás un correo electrónico con el número de envío. Podrás rastrear tu paquete de manera fácil y rápida.<\/li><\/ul><p><strong>Opciones de Despacho Confiables:<\/strong><\/p><ul><li>Los envíos se realizan a través de servicios confiables como Correo Argentino o Andreani, asegurando una entrega segura y eficiente.<\/li><\/ul><p><strong>Protección Garantizada para tu Compra:<\/strong><\/p><ul><li>Desde el momento del despacho hasta que recibas tu compra, tu satisfacción y tranquilidad son nuestra prioridad. ¡Tu compra está protegida!<\/li><\/ul><p><strong>Cambios Fáciles, Tenes Hasta 30 Días:<\/strong><\/p><ul><li>Ofrecemos una política de cambios simple. Tenes hasta 30 días para realizar cambios en tu compra, sin importar el motivo. Queremos asegurarnos de que estés completamente satisfecho con tu elección.<\/li><\/ul>","page":""}},"cc1f49b6-1977-4f1f-9ab8-719556bd5832":{"type":"custom_tab","settings":{"title":"Formas de pago","tab_content":"content_page","content":"<h3>Tarjetas de crédito<\/h3><p>En uno o varios pagos (según promociones vigentes):<\/p><ul><li>Visa<\/li><li>Mastercard<\/li><li>American Express<\/li><li>Naranja<\/li><li>Nativa<\/li><li>Tarjeta Shopping<\/li><li>Cabal<\/li><li>Diners Club International<\/li><li>Argencard<\/li><li>Cencosud<\/li><li>Cordobesa<\/li><li>CMR Falabella<\/li><\/ul><h3>Tarjetas de débito<\/h3><ul><li>Visa Débito<\/li><li>Mastercard Débito<\/li><li>Maestro<\/li><li>Cabal Débito<\/li><\/ul><h3>Efectivo en puntos de pago<\/h3><ul><li>Rapipago<\/li><li>Pago Fácil<\/li><li>Cobro Express<\/li><li>Red Link<\/li><li>Provincia Net Pagos<\/li><\/ul><p><strong>Nota:<\/strong> Las cuotas, intereses y disponibilidad de medios pueden variar según tu banco y las promociones de Mercado Pago al momento de la compra.<\/p>","page":"formas-de-pago"}}},"block_order":["5ff6a4f5-c591-4a3f-bb68-b1efa1c91ab5","f15df867-a65f-4fc0-8fe3-51d2180492be","de7d437d-d088-49b0-9426-0e78b2a44fd7","cc1f49b6-1977-4f1f-9ab8-719556bd5832"],"settings":{"container":"container-fluid","color_scheme":"","design":"accordition","position":"1","open_first_tab":true,"show_two_column":false,"custom_class":"","reset_spacing":false}},"product-recommendations":{"type":"product-recommendations","disabled":true,"settings":{"heading":"People Also Bought","description":"<p>Here’s some of our most similar products people are buying. Click to discover trending style.<\/p>","text_alignment":"text-center","container":"container","product_recommendations_background_color":"#ffffff","limit_products":4,"item_desktop":4,"column_gap":30,"carousel_autoplay":false,"carousel_loop":false,"carousel_arrows":true,"carousel_pagination":"carousel_none","padding_top":0,"padding_bottom":0,"reset_spacing":false}},"loox-product-reviews-app-section":{"type":"apps","blocks":{"78a741d5-78f5-44e3-bcdc-8a0a51fcc14c":{"type":"shopify:\/\/apps\/loox-reviews\/blocks\/loox-dynamic-section\/5c3b337f-fd14-4df5-b1d6-80ec13e6e28e","settings":{"only_photos":false,"aggregated":false,"limit":12,"hide_thumbnails":false,"maxwidth":1800,"is_sample":true}}},"block_order":["78a741d5-78f5-44e3-bcdc-8a0a51fcc14c"],"settings":{}},"b85c568e-3b8d-48c8-ac89-c45b5bb72dc6":{"type":"products-recently-viewed","disabled":true,"settings":{"heading_logo_svg":"","heading":"Visto Recientemente","description":"<p>¡No los olvides! Los productos que viste. <\/p>","text_alignment":"text-center","container":"container","color_scheme":"","limit_products":6,"item_desktop":4,"column_gap":30,"carousel_autoplay":false,"carousel_loop":false,"carousel_arrows":true,"carousel_pagination":"carousel_none","padding_top":0,"padding_bottom":0,"reset_spacing":false}}},"order":["custom_liquid_YQfaNR","custom_liquid_baHVDt","breadcrumb","main","slideshow_GxEL9M","product-sidebar","information-tabs","product-recommendations","loox-product-reviews-app-section","b85c568e-3b8d-48c8-ac89-c45b5bb72dc6"]}