{"sections":{"breadcrumb":{"type":"breadcrumb","disabled":true,"settings":{"container":"container","color_scheme":"","postion":"text-left","next_prev":false}},"main":{"type":"main-product","blocks":{"custom_liquid_EWtNFV":{"type":"custom_liquid","settings":{"content":""}},"274efae9-ac95-43fc-aaa3-3b56aea15ab4":{"type":"custom_liquid","settings":{"content":"<div > {% if product.price >= 1%}<span  style=\"background-color:white;border-radius:5px;font-size:14px;color:black;text-transform:uppercase;margin-top:0px;margin-bottom:10px\">&nbsp;<strong>{{product.vendor}}<\/strong> &nbsp;<img align=\"18px\" src=\"https:\/\/cdn.shopify.com\/s\/files\/1\/0594\/7506\/7048\/files\/verificado.png?v=1651943726\" alt=\"Verificado\" style=\"height:16px;width:16px;\"\/><\/span>{% endif %}<\/div>"}},"a311c0f5-393c-4e58-b07b-ec4e535001dd":{"type":"custom_liquid","settings":{"content":"<style>\n                .loox-rating i:empty {\n                  display:inline-block !important; font-size:16px !important;\n                }\n              <\/style>\n\n<a href=\"#looxReviews\">\n<div class=\"loox-rating\" data-id=\"{{ product.id }}\" data-rating=\"{{ product.metafields.loox.avg_rating }}\" data-fetch data-raters=\"{{ product.metafields.loox.num_reviews }}\"style=\"font-size:16px;\"><\/div>\n<\/a>"}},"82f7102f-e1b6-4eb3-89b7-ee189edc5f76":{"type":"product_title","settings":{"font_size":30}},"custom_liquid_hMYajD":{"type":"custom_liquid","settings":{"content":"{% if product.price >= 10999899 %}<strong style=\"background-color:#43D5B0;color:white;border-radius:3px;\">&nbsp;\nENVÍO GRATIS &nbsp;<\/strong>{% endif %}{% if product.tags contains 'masvendido' %}&nbsp;&nbsp;<strong style=\"background-color:ORANGE;color:white;border-radius:3px;\">&nbsp;\nMAS VENDIDO &nbsp;<\/strong> {% endif %}\n{% if product.tags contains 'EDICIONLIMITADA' %}&nbsp;&nbsp;<strong style=\"background: linear-gradient(0.25turn, #000000, \n#434343);color:white;border-radius:3px;\">&nbsp;\nEDICIÓN LIMITADA &nbsp;<\/strong> {% endif %}"}},"836d9723-358d-4023-88a8-2d3b5907093e":{"type":"review_sold","disabled":true,"settings":{"show_review":true,"show_sold_product":true,"sold":"8,10,12,15,17,22","hours":"10,12,15,16,17,18,20,24"}},"4fb992c4-abd8-4a65-a790-09cd83721e45":{"type":"product_label","settings":{}},"7d760b32-e8e4-42d9-8998-91d6fb23aaef":{"type":"product_price","settings":{}},"9f87fb95-74a3-4a22-a902-c9e935d712c4":{"type":"custom_liquid","disabled":true,"settings":{"content":"<div style:\"margin-top:0px!important;\"> {% if product.price >= 1 %}<span  style=\"font-size:18px;color:#43D5B0;padding-bottom: 0;\">6 Cuotas de  sin interés  <\/span>\n<span  style=\"font-size:14px;color:black;\"><\/span>{% endif %}<\/div>"}},"28f5cd01-6929-43a4-ae42-f93a4280a432":{"type":"custom_liquid","settings":{"content":"<hr style=\"margin-top:0px;margin-bottom:10px\">"}},"custom_liquid_3nkreY":{"type":"custom_liquid","settings":{"content":"<div style=\"margin:6px 0 2px; font-family:Arial,Helvetica,sans-serif; font-size:13px; line-height:1.4; color:#111;\">\n  <div><strong style=\"color:#111;\">3 cuotas sin interés<\/strong> en +$50.000<\/div>\n  <div><strong style=\"color:#111;\">6 cuotas sin interés<\/strong> en +$150.000<\/div>\n  <div><strong style=\"color:#111;\">12 cuotas sin interés<\/strong> en +$200.000<\/div>\n<\/div>"}},"dbd063d5-9b87-45d4-9984-deb077fa0e85":{"type":"short_description","disabled":true,"settings":{"length":31}},"66e6994c-2a75-4723-a6a4-d69ac368f716":{"type":"visitors","disabled":true,"settings":{"count_text":"[count_number] people are viewing this right now","count_range_max":30,"count_range_min":10,"view_duration":10}},"39f14f5e-3cc5-4645-a921-f071b109d244":{"type":"countdown_timer","disabled":true,"settings":{"show_countdown_timer":true,"message":"Hurry Up! Sale ends in:"}},"3870a5bb-fec0-4b82-9405-e324077ed947":{"type":"product_swatch","settings":{}},"062f7cd6-1265-4c29-a22c-e2bbebc5f2b6":{"type":"product_addons","disabled":true,"settings":{"size_chart":"2","type_size_chart":"1","page":"size-guide","text":"","show_compare_color":true,"show_ask":true,"show_share":true}},"4c574cf3-57bd-46ba-866c-1c9ffa41769f":{"type":"custom_text","disabled":true,"settings":{"content":"<p><strong>Add your personalization<\/strong><\/p><p>Add your name, note or upload your customized idea image to personalise your item. Custom items cannot be returned or exchanged.<\/p><p><\/p><p><\/p>"}},"f98b666a-7c37-41ed-be7b-4a28f4a1e8b4":{"type":"stock_countdown","settings":{"message":"¡Quedan [count] En Stock!","qty":2}},"custom_text_zMKq3T":{"type":"custom_text","settings":{"content":"<p><strong>IMPORTANTE: En caso de no seleccionar una fecha de envío, la GiftCard será enviada al en el momento<\/strong><\/p><p><\/p>"}},"37f20969-8bae-47ff-89e1-b0be3169e19a":{"type":"product_form","settings":{"button_animation":"flash-move","show_buy_now":false,"show_gift_card_recipient":true,"label_quantity_product_information":false}},"e3c98e10-4e94-4a55-bf4e-364e68cbe829":{"type":"trust_badge","disabled":true,"settings":{"heading":"<p>Pago seguro a través de<\/p>","image":"shopify:\/\/shop_images\/mercado-pago.svg","image_width":150,"position":"above"}},"fb4d791a-e332-4dc8-b188-114a9e802869":{"type":"pickup_availability","disabled":true,"settings":{}},"c772ce81-4aa5-415d-8939-631c6d4897ff":{"type":"delivery_return","disabled":true,"settings":{"show_delivery":true,"delivery_text":"<p>Estimate delivery times: <strong>12-26 days<\/strong> (International), <strong>3-6 days<\/strong> (United States).<\/p>","show_return":true,"return_text":"<p>Return within <strong>45 days<\/strong> of purchase. Duties & taxes are non-refundable.<\/p>"}},"36b60431-ff3f-43f2-879c-9fe500e65eb1":{"type":"custom_liquid","disabled":true,"settings":{"content":"<div style=\"border-radius:15px;border-color:#ededed;\" class=\"text-left py-10 px-15 border\">\n<p style=\"color:black\"> <\/p>\n<p><svg xmlns=\"http:\/\/www.w3.org\/2000\/svg\" width=\"28\" height=\"28\" fill=\"#0d0d0d\" viewBox=\"0 0 256 256\"><path d=\"M223.68,66.15,135.68,18a15.88,15.88,0,0,0-15.36,0l-88,48.17a16,16,0,0,0-8.32,14v95.64a16,16,0,0,0,8.32,14l88,48.17a15.88,15.88,0,0,0,15.36,0l88-48.17a16,16,0,0,0,8.32-14V80.18A16,16,0,0,0,223.68,66.15ZM128,32l80.34,44-29.77,16.3-80.35-44ZM128,120,47.66,76l33.9-18.56,80.34,44ZM40,90l80,43.78v85.79L40,175.82Zm176,85.78h0l-80,43.79V133.82l32-17.51V152a8,8,0,0,0,16,0V107.55L216,90v85.77Z\"><\/path><\/svg>\n¡ENVÍO {% if product.price >= 10999899 %}<strong style=\"color:#43D5B0;\"> GRATIS<\/strong>{% endif %} A TODO EL PAÍS!<br>\n ¡Compra Hoy! y recibí tu pedido entre <strong>3<\/strong> a <strong>7<\/strong> días hábiles⠀<\/p>\n<p><svg xmlns=\"http:\/\/www.w3.org\/2000\/svg\" viewbox=\"0 0 64 64\" width=\"32\" height=\"32\"><g id=\"Layer_82\" data-name=\"Layer 82\"><path d=\"M12.14,28.52a1.51,1.51,0,0,0,1.92.84l9.49-3.63a1.5,1.5,0,0,0-1.07-2.8l-6.41,2.45c7-14.79,28.85-12.93,33.16,3a1.5,1.5,0,0,0,2.9-.78c-5-18.42-30.2-20.78-38.61-3.81l-2.23-5.83A1.5,1.5,0,0,0,8.49,19S12.1,28.49,12.14,28.52Z\"><\/path><path d=\"M55.51,44.44,52.09,35.5a1.59,1.59,0,0,0-.45-.61,1.51,1.51,0,0,0-1.49-.25l-8.94,3.42a1.5,1.5,0,0,0,1.07,2.8l5.86-2.24c-7,14.79-28.85,12.93-33.17-3a1.5,1.5,0,0,0-1.83-1.06,1.52,1.52,0,0,0-1.07,1.84c5,18.42,30.21,20.78,38.61,3.8l2,5.29A1.5,1.5,0,0,0,55.51,44.44Z\"><\/path><\/g><\/svg>\n¡CAMBIOS Y DEVOLUCIONES SIMPLES!<br>\n Tenés 15 días ¡No importa el motivo!⠀<\/p>\n<p > <svg xmlns=\"http:\/\/www.w3.org\/2000\/svg\" width=\"32\" height=\"32\" fill=\"#000000\" viewbox=\"0 0 256 256\"><path d=\"M225.86,102.82c-3.77-3.94-7.67-8-9.14-11.57-1.36-3.27-1.44-8.69-1.52-13.94-.15-9.76-.31-20.82-8-28.51s-18.75-7.85-28.51-8c-5.25-.08-10.67-.16-13.94-1.52-3.56-1.47-7.63-5.37-11.57-9.14C146.28,23.51,138.44,16,128,16s-18.27,7.51-25.18,14.14c-3.94,3.77-8,7.67-11.57,9.14C88,40.64,82.56,40.72,77.31,40.8c-9.76.15-20.82.31-28.51,8S41,67.55,40.8,77.31c-.08,5.25-.16,10.67-1.52,13.94-1.47,3.56-5.37,7.63-9.14,11.57C23.51,109.72,16,117.56,16,128s7.51,18.27,14.14,25.18c3.77,3.94,7.67,8,9.14,11.57,1.36,3.27,1.44,8.69,1.52,13.94.15,9.76.31,20.82,8,28.51s18.75,7.85,28.51,8c5.25.08,10.67.16,13.94,1.52,3.56,1.47,7.63,5.37,11.57,9.14C109.72,232.49,117.56,240,128,240s18.27-7.51,25.18-14.14c3.94-3.77,8-7.67,11.57-9.14,3.27-1.36,8.69-1.44,13.94-1.52,9.76-.15,20.82-.31,28.51-8s7.85-18.75,8-28.51c.08-5.25.16-10.67,1.52-13.94,1.47-3.56,5.37-7.63,9.14-11.57C232.49,146.28,240,138.44,240,128S232.49,109.73,225.86,102.82Zm-11.55,39.29c-4.79,5-9.75,10.17-12.38,16.52-2.52,6.1-2.63,13.07-2.73,19.82-.1,7-.21,14.33-3.32,17.43s-10.39,3.22-17.43,3.32c-6.75.1-13.72.21-19.82,2.73-6.35,2.63-11.52,7.59-16.52,12.38S132,224,128,224s-9.15-4.92-14.11-9.69-10.17-9.75-16.52-12.38c-6.1-2.52-13.07-2.63-19.82-2.73-7-.1-14.33-.21-17.43-3.32s-3.22-10.39-3.32-17.43c-.1-6.75-.21-13.72-2.73-19.82-2.63-6.35-7.59-11.52-12.38-16.52S32,132,32,128s4.92-9.15,9.69-14.11,9.75-10.17,12.38-16.52c2.52-6.1,2.63-13.07,2.73-19.82.1-7,.21-14.33,3.32-17.43S70.51,56.9,77.55,56.8c6.75-.1,13.72-.21,19.82-2.73,6.35-2.63,11.52-7.59,16.52-12.38S124,32,128,32s9.15,4.92,14.11,9.69,10.17,9.75,16.52,12.38c6.1,2.52,13.07,2.63,19.82,2.73,7,.1,14.33.21,17.43,3.32s3.22,10.39,3.32,17.43c.1,6.75.21,13.72,2.73,19.82,2.63,6.35,7.59,11.52,12.38,16.52S224,124,224,128,219.08,137.15,214.31,142.11ZM173.66,98.34a8,8,0,0,1,0,11.32l-56,56a8,8,0,0,1-11.32,0l-24-24a8,8,0,0,1,11.32-11.32L112,148.69l50.34-50.35A8,8,0,0,1,173.66,98.34Z\"><\/path><\/svg>\nGARANTÍA DE FABRICACIÓN\n<br>  Somos tienda oficial ¡Estás  cubierto!<\/p>\n<\/div>"}},"84ae25d8-caaa-414c-b983-91812f8c5046":{"type":"product_meta","disabled":true,"settings":{"show_vendors":true,"show_available":true,"show_sku":true,"show_barcode":false,"show_type":true,"show_collection":true}},"7f7715cd-0a21-4716-b92b-d07c0b508e02":{"type":"shopify:\/\/apps\/loox-reviews\/blocks\/loox-snippets-widget\/5c3b337f-fd14-4df5-b1d6-80ec13e6e28e","settings":{"alignment":"left","max-width":"","color-scheme":"default","shadow":"","show-rating":true,"show-image":true,"hide-arrows-mobile":false,"font-size":14,"show-border":false,"border-radius":16,"background-color":"","text-color":"","name-color":"","rating-icon-color":"","border-color":"","shadow-color":"","reviews-limit":10}}},"block_order":["custom_liquid_EWtNFV","274efae9-ac95-43fc-aaa3-3b56aea15ab4","a311c0f5-393c-4e58-b07b-ec4e535001dd","82f7102f-e1b6-4eb3-89b7-ee189edc5f76","custom_liquid_hMYajD","836d9723-358d-4023-88a8-2d3b5907093e","4fb992c4-abd8-4a65-a790-09cd83721e45","7d760b32-e8e4-42d9-8998-91d6fb23aaef","9f87fb95-74a3-4a22-a902-c9e935d712c4","28f5cd01-6929-43a4-ae42-f93a4280a432","custom_liquid_3nkreY","dbd063d5-9b87-45d4-9984-deb077fa0e85","66e6994c-2a75-4723-a6a4-d69ac368f716","39f14f5e-3cc5-4645-a921-f071b109d244","3870a5bb-fec0-4b82-9405-e324077ed947","062f7cd6-1265-4c29-a22c-e2bbebc5f2b6","4c574cf3-57bd-46ba-866c-1c9ffa41769f","f98b666a-7c37-41ed-be7b-4a28f4a1e8b4","custom_text_zMKq3T","37f20969-8bae-47ff-89e1-b0be3169e19a","e3c98e10-4e94-4a55-bf4e-364e68cbe829","fb4d791a-e332-4dc8-b188-114a9e802869","c772ce81-4aa5-415d-8939-631c6d4897ff","36b60431-ff3f-43f2-879c-9fe500e65eb1","84ae25d8-caaa-414c-b983-91812f8c5046","7f7715cd-0a21-4716-b92b-d07c0b508e02"],"custom_css":[".quantity {display: none !important;}","#soldoutvariant {display: none !important;}",".bls__product-price {padding-top: 0px; padding-bottom: 0px;}",".sticky-addcart-opstion {display: none !important;}",".special-price {color: black;}",".bls__product-vendors {display: none !important;}",".bls__product-images {margin-bottom: 18px;}",".recipient-form {font-size: 16px; text-decoration: underline; font-weight: bold; color: orangered;}"],"settings":{"container":"container-fluid","design":"thumbnails-bottom","product_loading_effect":false,"sticky_product_information":true,"image_action":"show_zoom_button","zoom_type":"inner-1","hidden_zoom_mobile":true,"enable_video_looping":false,"thumbnails_mobile":"2","use_variants_group":false,"swatch_size":"medium","bought_together":false,"sticky":false,"sticky_mode":"2"}},"product-sidebar":{"type":"product-sidebar","blocks":{"categories":{"type":"categories","settings":{"title":"Products category","menu":""}},"shipping":{"type":"shipping","settings":{"title":"Delivery Information","icon_1":"<svg width=\"30\" height=\"30\" viewbox=\"0 0 30 30\" fill=\"none\" xmlns=\"http:\/\/www.w3.org\/2000\/svg\">\n<path d=\"M3.96289 9.2998L15.0004 15.6873L25.9629 9.33727\" stroke=\"#111111\" stroke-width=\"2\" stroke-linecap=\"round\" stroke-linejoin=\"round\"><\/path>\n<path d=\"M15 27.0123V15.6748\" stroke=\"#111111\" stroke-width=\"2\" stroke-linecap=\"round\" stroke-linejoin=\"round\"><\/path>\n<path d=\"M12.4133 3.1L5.73826 6.81254C4.22576 7.65004 2.98828 9.75001 2.98828 11.475V18.5375C2.98828 20.2625 4.22576 22.3625 5.73826 23.2L12.4133 26.9126C13.8383 27.7001 16.1757 27.7001 17.6007 26.9126L24.2758 23.2C25.7883 22.3625 27.0258 20.2625 27.0258 18.5375V11.475C27.0258 9.75001 25.7883 7.65004 24.2758 6.81254L17.6007 3.1C16.1632 2.3 13.8383 2.3 12.4133 3.1Z\" stroke=\"#111111\" stroke-width=\"2\" stroke-linecap=\"round\" stroke-linejoin=\"round\"><\/path>\n<path d=\"M21.2492 16.55V11.9751L9.38672 5.125\" stroke=\"#111111\" stroke-width=\"2\" stroke-linecap=\"round\" stroke-linejoin=\"round\"><\/path>\n<\/svg>","title_1":"Fast Delivery","content_1":"Deliver in 24 hours max!","icon_2":"<svg width=\"30\" height=\"30\" viewbox=\"0 0 30 30\" fill=\"none\" xmlns=\"http:\/\/www.w3.org\/2000\/svg\">\n<path d=\"M4.91211 19.8486L19.8496 4.91113\" stroke=\"#111111\" stroke-width=\"2\" stroke-miterlimit=\"10\" stroke-linecap=\"round\" stroke-linejoin=\"round\"><\/path>\n<path d=\"M13.877 22.8486L15.377 21.3486\" stroke=\"#111111\" stroke-width=\"2\" stroke-miterlimit=\"10\" stroke-linecap=\"round\" stroke-linejoin=\"round\"><\/path>\n<path d=\"M17.2422 19.4855L20.2297 16.498\" stroke=\"#111111\" stroke-width=\"2\" stroke-miterlimit=\"10\" stroke-linecap=\"round\" stroke-linejoin=\"round\"><\/path>\n<path d=\"M4.50159 12.7989L12.8016 4.49887C15.4516 1.84887 16.7766 1.83637 19.4016 4.46137L25.5391 10.5989C28.1641 13.2239 28.1516 14.5489 25.5016 17.1989L17.2016 25.4989C14.5516 28.1489 13.2266 28.1614 10.6016 25.5364L4.46409 19.3989C1.83909 16.7739 1.83909 15.4614 4.50159 12.7989Z\" stroke=\"#111111\" stroke-width=\"2\" stroke-linecap=\"round\" stroke-linejoin=\"round\"><\/path>\n<path d=\"M2.5 27.498H27.5\" stroke=\"#111111\" stroke-width=\"2\" stroke-linecap=\"round\" stroke-linejoin=\"round\"><\/path>\n<\/svg>","title_2":"Safe Payment","content_2":"Visa, Mastercard, PayPal...","icon_3":"<svg width=\"30\" height=\"30\" viewbox=\"0 0 30 30\" fill=\"none\" xmlns=\"http:\/\/www.w3.org\/2000\/svg\">\n<path d=\"M10.4746 14.9996L13.4871 18.0246L19.5246 11.9746\" stroke=\"#111111\" stroke-width=\"2\" stroke-linecap=\"round\" stroke-linejoin=\"round\"><\/path>\n<path d=\"M13.4371 3.06289C14.2996 2.32539 15.7121 2.32539 16.5871 3.06289L18.5621 4.76289C18.9371 5.08789 19.6371 5.35039 20.1371 5.35039H22.2621C23.5871 5.35039 24.6746 6.43789 24.6746 7.76289V9.88789C24.6746 10.3754 24.9371 11.0879 25.2621 11.4629L26.9621 13.4379C27.6996 14.3004 27.6996 15.7129 26.9621 16.5879L25.2621 18.5629C24.9371 18.9379 24.6746 19.6379 24.6746 20.1379V22.2629C24.6746 23.5879 23.5871 24.6754 22.2621 24.6754H20.1371C19.6496 24.6754 18.9371 24.9379 18.5621 25.2629L16.5871 26.9629C15.7246 27.7004 14.3121 27.7004 13.4371 26.9629L11.4621 25.2629C11.0871 24.9379 10.3871 24.6754 9.88711 24.6754H7.72461C6.39961 24.6754 5.31211 23.5879 5.31211 22.2629V20.1254C5.31211 19.6379 5.04961 18.9379 4.73711 18.5629L3.04961 16.5754C2.32461 15.7129 2.32461 14.3129 3.04961 13.4504L4.73711 11.4629C5.04961 11.0879 5.31211 10.3879 5.31211 9.90039V7.75039C5.31211 6.42539 6.39961 5.33789 7.72461 5.33789H9.88711C10.3746 5.33789 11.0871 5.07539 11.4621 4.75039L13.4371 3.06289Z\" stroke=\"#111111\" stroke-width=\"2\" stroke-linecap=\"round\" stroke-linejoin=\"round\"><\/path>\n<\/svg>","title_3":"Support Online","content_3":"Free returns within 15 days","icon_4":"","title_4":"","content_4":"","icon_5":"","title_5":"","content_5":""}},"b7728988-3e1a-42db-8bcd-2cb3b7bd73e8":{"type":"instagram","settings":{"title":"Instagram","ig_ac":"","ig_num_imgs":9,"space_column":5}}},"block_order":["categories","shipping","b7728988-3e1a-42db-8bcd-2cb3b7bd73e8"],"disabled":true,"settings":{"enable_sidebar":false,"sidebar_layout":"left"}},"information-tabs":{"type":"product-information-tabs","blocks":{"5ff6a4f5-c591-4a3f-bb68-b1efa1c91ab5":{"type":"description","settings":{"title":"Descripción"}},"f15df867-a65f-4fc0-8fe3-51d2180492be":{"type":"review","disabled":true,"settings":{"title":"Review"}},"de7d437d-d088-49b0-9426-0e78b2a44fd7":{"type":"custom_tab","settings":{"title":"Envíos y devoluciones","tab_content":"content","content":"<p><strong>Aprovecha el Envío GRATIS superando $109.999:<\/strong><\/p><ul><li>Disfruta del envío gratuito a tu domicilio o sucursal al realizar una compra que supere los $<strong>109.999<\/strong>.<\/li><\/ul><p><strong>Entrega Rápida en 4-7 Días Hábiles:<\/strong><\/p><ul><li>Tu pedido será entregado en un plazo de 4 a 7 días hábiles, garantizando eficiencia y puntualidad.<\/li><\/ul><p><strong>Seguimiento de Envío Sencillo:<\/strong><\/p><ul><li>Después de que despachemos tu pedido, recibirás un correo electrónico con el número de envío. Podrás rastrear tu paquete de manera fácil y rápida.<\/li><\/ul><p><strong>Opciones de Despacho Confiables:<\/strong><\/p><ul><li>Los envíos se realizan a través de servicios confiables como Correo Argentino o Andreani, asegurando una entrega segura y eficiente.<\/li><\/ul><p><strong>Protección Garantizada para tu Compra:<\/strong><\/p><ul><li>Desde el momento del despacho hasta que recibas tu compra, tu satisfacción y tranquilidad son nuestra prioridad. ¡Tu compra está protegida!<\/li><\/ul><p><strong>Cambios Fáciles, Tenes Hasta 15 Días:<\/strong><\/p><ul><li>Ofrecemos una política de cambios simple. Tenes hasta 15 días para realizar cambios en tu compra, sin importar el motivo. Queremos asegurarnos de que estés completamente satisfecho con tu elección.<\/li><\/ul>","page":""}},"cc1f49b6-1977-4f1f-9ab8-719556bd5832":{"type":"custom_tab","settings":{"title":"Formas de pago","tab_content":"content_page","content":"","page":"formas-de-pago"}}},"block_order":["5ff6a4f5-c591-4a3f-bb68-b1efa1c91ab5","f15df867-a65f-4fc0-8fe3-51d2180492be","de7d437d-d088-49b0-9426-0e78b2a44fd7","cc1f49b6-1977-4f1f-9ab8-719556bd5832"],"settings":{"container":"container","color_scheme":"","design":"accordition","position":"1","open_first_tab":true,"show_two_column":false,"custom_class":"","reset_spacing":false}},"slideshow_Brtd8X":{"type":"slideshow","blocks":{"slider_item_cNQyRP":{"type":"slider_item","settings":{"image":"shopify:\/\/shop_images\/mpa_2024_sellers_bannereditable_1200x200_1.png","content_box":"content_in_container","content_custom_width":true,"content_width":50,"content_background_color":"","content_opacity":100,"horizontal_position":"left_position","vertical_position":"middle_position","slider_effect":"effect_fadeindown","text_alignment":"center","text_alignment_on_mobile":"center","subheading":"","title":"","description":"","image_link":"","button_text":"","button_type":"primary"}}},"block_order":["slider_item_cNQyRP"],"disabled":true,"settings":{"container":"container-fluid","slide_height":"adapt","color_scheme":"","image_behavior":"none","eb_vertical_menu":false,"height_dk":800,"height_tb":600,"height_mb":360,"heading_font_size":"110","heading_font_weight":"default","subheading_font_size":"12","subheading_font_weight":"default","description_font_size":"16","description_font_weight":"default","design":"s-text-overlay-image","reset_color_mb":false,"show_arrow_desktop":false,"show_arrow_mobile":false,"show_bullet_desktop":false,"show_bullet_mobile":false,"autoplay":false,"autorotate_speed":5,"enable_effect":false,"padding_top":0,"padding_bottom":0,"reset_spacing":false}},"custom_liquid_zAyRMz":{"type":"custom-liquid","settings":{"heading_logo_svg":"","heading":"","description":"","text_alignment":"text-center","container":"container","color_scheme":"default-color-scheme","content_liquid":"<h2 style=\"margin-bottom:0px;text-align:center;font-size:16px;background-color:#f5f5f5;border-radius:4px;\">Opiniones y reseñas de {{ product.title }}<\/h2>","padding_top":0,"padding_bottom":0,"reset_spacing":true}},"product-recommendations":{"type":"product-recommendations","disabled":true,"settings":{"heading":"People Also Bought","description":"<p>Here’s some of our most similar products people are buying. Click to discover trending style.<\/p>","text_alignment":"text-center","container":"container","product_recommendations_background_color":"#ffffff","limit_products":4,"item_desktop":4,"column_gap":30,"carousel_autoplay":false,"carousel_loop":false,"carousel_arrows":true,"carousel_pagination":"carousel_none","padding_top":0,"padding_bottom":0,"reset_spacing":false}},"loox-product-reviews-app-section":{"type":"apps","blocks":{"78a741d5-78f5-44e3-bcdc-8a0a51fcc14c":{"type":"shopify:\/\/apps\/loox-reviews\/blocks\/loox-dynamic-section\/5c3b337f-fd14-4df5-b1d6-80ec13e6e28e","settings":{"only_photos":false,"aggregated":false,"limit":12,"hide_thumbnails":false,"maxwidth":1120,"is_sample":true}}},"block_order":["78a741d5-78f5-44e3-bcdc-8a0a51fcc14c"],"settings":{}},"b85c568e-3b8d-48c8-ac89-c45b5bb72dc6":{"type":"products-recently-viewed","disabled":true,"settings":{"heading_logo_svg":"","heading":"Visto Recientemente","description":"<p>¡No los olvides! Los productos que viste. <\/p>","text_alignment":"text-center","container":"container","color_scheme":"","limit_products":6,"item_desktop":4,"column_gap":30,"carousel_autoplay":false,"carousel_loop":false,"carousel_arrows":true,"carousel_pagination":"carousel_none","padding_top":0,"padding_bottom":0,"reset_spacing":false}}},"order":["breadcrumb","main","product-sidebar","information-tabs","slideshow_Brtd8X","custom_liquid_zAyRMz","product-recommendations","loox-product-reviews-app-section","b85c568e-3b8d-48c8-ac89-c45b5bb72dc6"]}