{"current":{"purchase_code":"82c2e6d8-1a14-4b8b-8cf4-311029870f2b","favicon":"shopify:\/\/shop_images\/favicon_indy_2.png","logo_image_desktop":"shopify:\/\/shop_images\/1_6ac05b9f-aa01-4c37-a9d4-77c34781b6ef.svg","logo_image_mobile":"shopify:\/\/shop_images\/1_6ac05b9f-aa01-4c37-a9d4-77c34781b6ef.svg","logo_transparent_image":"shopify:\/\/shop_images\/lg_w1.png","logo_width_desktop":90,"logo_width_mobile":70,"first_notification":"👉 Te estan esperando!","secondary_notification":"⚡ Apúrate, antes de que se agote!","rtl":false,"image_style":true,"base_radius":0,"animations_enabled":false,"pre_load_page":false,"icon_preload":"spin","currency_code_enabled":false,"store_phone":"","store_email":"","store_address":"","link_store_page":"our-stores","social_twitter_link":"","social_facebook_link":"https:\/\/facebook.com\/indyskateshop","social_pinterest_link":"","social_instagram_link":"http:\/\/instagram.com\/indysurfskate","social_tumblr_link":"","social_snapchat_link":"","social_youtube_link":"","social_vimeo_link":"","social_tiktok_link":"https:\/\/www.tiktok.com\/@indyarg","container-fluil-max-width":1800,"font_source_body":"3","fnt_body_sp":"futura_n4","fnt_body_gg":"Jost","fnt_body_custom":"GeneralSans","bd_font_size":14,"bd_font_weight":500,"font_source_heading":"1","fnt_headings_sp":"poppins_n4","fnt_headings_gg":"","fnt_headings_custom":"GeneralSans","headings_font_size_h1":30,"headings_font_size_h2":36,"headings_font_size_h3":30,"headings_font_weight":600,"font_source_menu":"3","fnt_menu_sp":"futura_n4","fnt_menu_gg":"Jost","fnt_menu_custom":"GeneralSans","menu_font_size":13,"menu_font_weight":500,"menu_uppercase":true,"button_font_size":16,"button_font_weight":600,"button_border_radius":5,"space_for_desktop":20,"space_for_tablet":20,"space_for_mobile":20,"header_layout":"h_layout1","container":"full-width","sticky_header":true,"enable_transparent_header":false,"enable_transparent_header_topbar":false,"color_scheme_header":"scheme-236ab518-68b8-4afa-8565-4fbc9409cf9f","header_color_transparent":"#FFFFFF","show_my_account":false,"show_wishlist_icon":false,"show_recently_viewed":false,"sticky_header_mobile":true,"show_country":false,"show_language":false,"search_type":"popup","unavailable_pr":"last","predictive_search":false,"predictive_search_type":"search","search_for":"search_for_product","quick_search":"","search_suggest":"camping","enable_search_input":false,"free_shipping_progress_bar":false,"shipping_rate":"170000","cart_countdown":false,"cart_countdown_duration":4,"cart_note":false,"cart_gift_wrap":false,"gift_wrap":"gift-wrap","cart_shipping_rates_calculator":false,"footer_layout":"footer-1","show_quick_view":false,"show_add_to_cart":false,"show_wishlist":false,"show_compare":false,"show_review":false,"show_product_type":false,"enable_hover_image":true,"content_center":false,"show_vendors":true,"product_style":"bls__product-style-1","use_stock_notify":false,"show_product_action_on_mobile":false,"product_aspect_ratio":"3\/4","product_name_t_transfrom":"capitalize","product_name_line":"1","price_font_size":14,"price_color":"#111111","compare_price_color":"#8d979e","color_product_reviews":"#ff7b00","color_sale_label":"#212121","bg_sale_label":"#ff7b00","enable_sale_label":false,"enable_preorder":false,"product_label_sale_type":"text","product_label_style":"label-depend-on-button","color_swatches_size":"large","color_swatches_style":"rounded","swatch_selector_type":"text","option_name_size":"talle","show_qv_product_availability":false,"show_qv_product_sku":false,"show_qv_product_type":false,"show_qv_product_vendor":false,"show_qv_product_collection":false,"show_qv_product_description":true,"show_qv_product_review":true,"show_qv_sold_product":false,"show_qv_countdown_timer":false,"show_fake_order":false,"fake_product":["copy-of-rope-glove-hbd-cowhide","copy-of-jacket-mens-active-orange-2","copy-of-kyanite-ar-1-2-zip-neck"],"newsletter_width":530,"show_promotion_mobile":true,"promotion_code":"FREESHIP","promotion_width":500,"promotion_banner":"shopify:\/\/shop_images\/promotion.jpg","promotion_title":"ENVÍO GRATIS","promotion_sub_title":"<p>¡SOLO POR HOY!<\/p>","promotion_content":"<span>Aprovecha envío gratis <\/span> <br>\nUsando el codigo \"[promotion_code]\"","show_before":false,"bf_banner":"shopify:\/\/shop_images\/bg_26.jpg","bf_collection":"camisas-gotcha","bf_heading":"Navidad","bf_sub_heading":"<p>Oferta especial<\/p>","bf_desc":"<p>$2000 Off Usando el código<\/p><p><strong> \"[discount_code]\"<\/strong><\/p>","bf_code":"NVD2000","bf_show_bb":false,"bf_label_bb":"Continue Shopping","bf_link_bb":"shopify:\/\/collections\/all","enable_cart_terms_conditions":false,"enable_product_terms_conditions":false,"enable_quickview_terms_conditions":false,"content_terms_conditions":"<p> I agree with <a href=\"\/pages\/term-condition\" title=\"Term & Condition\">Terms & Conditions <\/a><\/p>","page_terms_conditions":"term-condition","enable_eu_cookie_bar_gdpr":false,"message_cookie":"<p>We use cookies to enhance your browsing experience, serve personalized ads or content, and analyze our traffic. By clicking <strong>\"Allow cookies\"<\/strong>, you consent to our use of cookies. <a href=\"\/pages\/privacy-policy\" target=\"_blank\" title=\"Privacy Policy\"><strong>More infor<\/strong><\/a><\/p>","cookie_button_text":"Allow cookies","help_chat":"","product_images_style":"radius","show_promotion":false,"show_promotion_code":true,"global_css":"body {\n  --input-font-size: calc(var(--base-font-size) - 1px);\n  --btn-padding: 0.8rem 3rem;\n}\n@media (min-width: 992px) {\n  body {\n    --btn-padding: 1.2rem 4.2rem;\n  }\n}\n.bls__product-item .bls__product-type {\n  color: #999999;\n}\n\n.bls__product-name a:hover {\n  color: var(--primary-color);\n}\n.bls__product-label>div.bls__pre-order-label {\n  background-color: #F8BA26;\n  color: var(--heading-color);\n}\n\n.bls__product-item .bls__product-type {\n  text-transform: uppercase;\n}\n\n.bls__product-item .bls__product-price {\n  margin-top: 8px;\n}\n\n@media (min-width: 768px) {\n  .bls__product-item .bls__product-price .price {\n    font-size: 18px;\n  }\n\n  .bls__product-price .compare-price {\n    vertical-align: -3px;\n  }\n\n  .template-index .bls__grid .bls__product-item .bls__product-details {\n    padding: 15px 20px 15px 20px;\n  }\n\n  .bls__footer_block-title.py-10 {\n    padding-top: 10px;\n  }\n}\n\n\n.quick-search-list li:not(:last-child) a:after {\n  transform: translate(-1px);\n  -webkit-transform: translateX(-1px);\n}\n.template-index .bls__grid .bls__product-item .bls__product-details {\n    padding: 15px;\n\tborder-top: 1px solid #E5E8EC;\n}\n.template-index .bls__grid .bls__product-item {\n  will-change: transform;\n  background-color: var(--color-white);\n  border-radius: var(--product-images-style-radius) !important;\n  overflow: hidden;\n}\n\n.template-index .bls__grid .bls__product-item .bls__product-img,\n.template-index .bls__grid .bls__product-item .bls__product-img>a {\n  border-top-left-radius: 10px;\n  border-top-right-radius: 10px;\n  border-bottom-left-radius: 0;\n  border-bottom-right-radius: 0;\n  overflow: hidden;\n  position: relative;\n  display: block;\n\n}\n.bls__before-heading,.bls__before-desc , .bls__before-desc strong{ \ncolor: #ffffff; }","checkout_logo_image":"shopify:\/\/shop_images\/logo_checkout.png","checkout_logo_size":"small","checkout_accent_color":"#111111","checkout_button_color":"#111111","font_source":"3","body_bg_color":"rgba(0,0,0,0)","primary_color":"#d73f0f","header_transparent_text_color":"#ffffff","cart_discount_codes":true,"header_full_width":true,"cookie_url":"shopify:\/\/pages\/term-condition","cookie_link_text":"Read more","bf_label":"Continue Shopping","bf_link":"shopify:\/\/products\/knotted-short-skirt","colors_solid_button_labels":"#ffffff","colors_accent_1":"#121212","gradient_accent_1":"","colors_accent_2":"#334fb4","gradient_accent_2":"","colors_text":"#121212","colors_outline_button_labels":"#121212","colors_background_1":"#ffffff","gradient_background_1":"","colors_background_2":"#f3f3f3","gradient_background_2":"","type_header_font":"assistant_n4","heading_scale":100,"type_body_font":"assistant_n4","body_scale":100,"page_width":1200,"spacing_sections":0,"spacing_grid_horizontal":8,"spacing_grid_vertical":8,"buttons_border_thickness":1,"buttons_border_opacity":100,"buttons_radius":0,"buttons_shadow_opacity":0,"buttons_shadow_horizontal_offset":0,"buttons_shadow_vertical_offset":4,"buttons_shadow_blur":5,"variant_pills_border_thickness":1,"variant_pills_border_opacity":55,"variant_pills_radius":40,"variant_pills_shadow_opacity":0,"variant_pills_shadow_horizontal_offset":0,"variant_pills_shadow_vertical_offset":4,"variant_pills_shadow_blur":5,"inputs_border_thickness":1,"inputs_border_opacity":55,"inputs_radius":0,"inputs_shadow_opacity":0,"inputs_shadow_horizontal_offset":0,"inputs_shadow_vertical_offset":4,"inputs_shadow_blur":5,"card_style":"standard","card_image_padding":0,"card_text_alignment":"left","card_color_scheme":"background-2","card_border_thickness":0,"card_border_opacity":10,"card_corner_radius":0,"card_shadow_opacity":0,"card_shadow_horizontal_offset":0,"card_shadow_vertical_offset":4,"card_shadow_blur":5,"collection_card_style":"standard","collection_card_image_padding":0,"collection_card_text_alignment":"left","collection_card_color_scheme":"background-2","collection_card_border_thickness":0,"collection_card_border_opacity":10,"collection_card_corner_radius":0,"collection_card_shadow_opacity":0,"collection_card_shadow_horizontal_offset":0,"collection_card_shadow_vertical_offset":4,"collection_card_shadow_blur":5,"blog_card_style":"standard","blog_card_image_padding":0,"blog_card_text_alignment":"left","blog_card_color_scheme":"background-2","blog_card_border_thickness":0,"blog_card_border_opacity":10,"blog_card_corner_radius":0,"blog_card_shadow_opacity":0,"blog_card_shadow_horizontal_offset":0,"blog_card_shadow_vertical_offset":4,"blog_card_shadow_blur":5,"text_boxes_border_thickness":0,"text_boxes_border_opacity":10,"text_boxes_radius":0,"text_boxes_shadow_opacity":0,"text_boxes_shadow_horizontal_offset":0,"text_boxes_shadow_vertical_offset":4,"text_boxes_shadow_blur":5,"media_border_thickness":1,"media_border_opacity":5,"media_radius":0,"media_shadow_opacity":0,"media_shadow_horizontal_offset":0,"media_shadow_vertical_offset":4,"media_shadow_blur":5,"popup_border_thickness":1,"popup_border_opacity":10,"popup_corner_radius":0,"popup_shadow_opacity":0,"popup_shadow_horizontal_offset":0,"popup_shadow_vertical_offset":4,"popup_shadow_blur":5,"drawer_border_thickness":1,"drawer_border_opacity":10,"drawer_shadow_opacity":0,"drawer_shadow_horizontal_offset":0,"drawer_shadow_vertical_offset":4,"drawer_shadow_blur":5,"badge_position":"bottom left","badge_corner_radius":40,"sale_badge_color_scheme":"accent-2","sold_out_badge_color_scheme":"inverse","accent_icons":"text","predictive_search_enabled":true,"predictive_search_show_vendor":false,"predictive_search_show_price":false,"sections":{"announcement":{"type":"announcement","blocks":{"announcement_TcLWip":{"type":"announcement","settings":{"text":"<p><strong>3<\/strong> Cuotas <strong>sin interés<\/strong><\/p>","countdown_deadline":""}},"fd8c507a-a402-4ccc-b440-8e60e259f0f1":{"type":"announcement","disabled":true,"settings":{"text":"<p>6 cuotas <strong>sin interés en +$150.000<\/strong><\/p>","countdown_deadline":""}},"ac0e80d4-a941-4550-89e9-b0b34ea05eb3":{"type":"announcement","settings":{"text":"<p><strong>Envío gratis <\/strong>en pedidos <strong>+$150.000<\/strong><\/p>","countdown_deadline":""}},"announcement_tqrVP7":{"type":"announcement","settings":{"text":"<p>+20.000 Reseñas (4.9\/5) <strong> <\/strong><a href=\"\/pages\/clientes-contentos\" title=\"Clientes Contentos\"><strong>Ver Mas<\/strong><\/a><\/p>","countdown_deadline":""}}},"block_order":["announcement_TcLWip","fd8c507a-a402-4ccc-b440-8e60e259f0f1","ac0e80d4-a941-4550-89e9-b0b34ea05eb3","announcement_tqrVP7"],"settings":{"container":"full-width","show_announcement":true,"homepage_only":false,"show_close":false,"show_mobile":true,"text_action":"slider","bar_font_size":14,"bar_font_weight":500,"bar_uppercase":false,"s_text_time":3,"s_text_spacing":100,"color_scheme":"scheme-9b4b4faf-eb5e-4411-a80a-f37b0d5ec64a"}},"top-bar":{"type":"top-bar","custom_css":[".topbar {font-size: calc(var(--base-font-size) - 1px); padding: 3px 0;}",".topbar-message {margin-left: auto !important; text-align: right !important; display: flex; justify-content: flex-end; text-decoration: underline;}",".topbar__section-inner {justify-content: end;}"],"settings":{"container":"container-fluid","show_topbar":true,"color_scheme":"scheme-013ccfbf-beb5-42e6-bc8f-8a36ab634ca7","show_mobile":false,"show_phone_number":false,"show_email":false,"show_social":false,"show_country":false,"show_language":false,"show_store_page":false,"show_message":true,"message":"<p><a href=\"https:\/\/account.indy.com.ar\" title=\"Seguí tu pedido\">Seguí tu pedido<\/a><\/p>"}},"horizontal-menu":{"type":"horizontal-menu","blocks":{"single_link_y9n39r":{"type":"single_link","disabled":true,"settings":{"title":"BLACKFRIDAY 2025","url":"shopify:\/\/collections\/blackfriday","open_link":false,"label":"","icon_font":"","icon_width_image":50}},"single_link_amcy46":{"type":"single_link","settings":{"title":"¡New In!","url":"shopify:\/\/collections\/nuevos-ingresos","open_link":false,"label":"","icon_font":"","icon_width_image":50}},"c5b2b061-67e7-4cbb-8714-2c1ee8348b5b":{"type":"menu_item","settings":{"title":"Hombre","url":"","open_link":false,"label":"","icon_font":"","icon_width_image":20,"width":"full-width","custom_width":1200}},"1d2e3c61-45a6-427d-ba2b-0e5d6009d5fe":{"type":"link","settings":{"title":"","url":"","open_link":false,"menu":"calzado-hombre","col":"4"}},"11006313-8739-4756-b8b7-32058546544a":{"type":"link","settings":{"title":"","url":"","open_link":false,"menu":"indumentaria-hombre","col":"4"}},"b98fcda6-389c-4b75-aa26-0b882ca3686b":{"type":"link","settings":{"title":"","url":"","open_link":false,"menu":"accesorios-hombre","col":"4"}},"83906438-35c3-4327-9e83-c7c68af1c2c7":{"type":"menu_item","settings":{"title":"MUJER","url":"","open_link":false,"label":"","icon_font":"","icon_width_image":20,"width":"full-width","custom_width":1200}},"ff8484f3-5411-4734-8766-1d826b4c3674":{"type":"link","settings":{"title":"","url":"","open_link":false,"menu":"calzado","col":"4"}},"2897f639-8109-4725-a2c3-7bfb097552cd":{"type":"link","settings":{"title":"","url":"","open_link":false,"menu":"indumentaria","col":"4"}},"ab227f09-8850-4d70-9244-b5254b64e96c":{"type":"link","settings":{"title":"","url":"","open_link":false,"menu":"accesorios-mujer","col":"4"}},"14422943-7700-4e64-bc46-507095ea9c37":{"type":"menu_item","settings":{"title":"NIÑOS","url":"","open_link":false,"label":"","icon_font":"","icon_width_image":20,"width":"full-width","custom_width":1200}},"0911f790-d962-4e5b-9565-91c2b16045bb":{"type":"link","settings":{"title":"","url":"","open_link":false,"menu":"calzado-ninos","col":"3"}},"d672dd07-e528-45c3-823c-1d47b4b723bd":{"type":"link","settings":{"title":"","url":"","open_link":false,"menu":"ni-os","col":"3"}},"96105f15-8884-45e7-8c41-7a5b15ba59aa":{"type":"link","settings":{"title":"","url":"","open_link":false,"menu":"ni-as","col":"3"}},"3ec4fc05-3a9c-4b97-a4eb-13e5a3838c09":{"type":"link","settings":{"title":"","url":"","open_link":false,"menu":"accesorios","col":"3"}},"a8dd1d00-58db-44a8-bfce-0bff03736e6e":{"type":"menu_item","disabled":true,"settings":{"title":"SURF","url":"","open_link":false,"label":"","icon_font":"","icon_width_image":20,"width":"full-width","custom_width":1200}},"6bf49a52-875f-40a8-acce-76a9095adbe2":{"type":"link","disabled":true,"settings":{"title":"","url":"","open_link":false,"menu":"trajes-de-neoprene","col":"4"}},"7d43fc71-c559-49bc-b003-688c0287b23c":{"type":"link","disabled":true,"settings":{"title":"","url":"","open_link":false,"menu":"lycras","col":"4"}},"8c7cd08e-05cb-4517-bacb-c242e07ead90":{"type":"link","disabled":true,"settings":{"title":"","url":"","open_link":false,"menu":"accesorios-surf","col":"4"}},"menu_item_kJyJe3":{"type":"menu_item","disabled":true,"settings":{"title":"Snow","url":"","open_link":false,"label":"","icon_font":"","icon_width_image":20,"width":"full-width","custom_width":1200}},"link_3EUaRK":{"type":"link","disabled":true,"settings":{"title":"","url":"","open_link":false,"menu":"camperas-de-nieve","col":"4"}},"link_q9Bkwg":{"type":"link","disabled":true,"settings":{"title":"","url":"","open_link":false,"menu":"pantalones-de-nieve","col":"4"}},"link_akA988":{"type":"link","disabled":true,"settings":{"title":"","url":"","open_link":false,"menu":"accesorios-nieve","col":"4"}},"291a4051-11f2-4f78-aee0-8d5bcd9074cb":{"type":"menu_item","disabled":true,"settings":{"title":"SKATE","url":"","open_link":false,"label":"","icon_font":"","icon_width_image":20,"width":"full-width","custom_width":1200}},"cbaf092a-d37f-4451-8cb3-4bc8a1165ddb":{"type":"link","disabled":true,"settings":{"title":"","url":"","open_link":false,"menu":"hardware","col":"4"}},"24282ea2-3dd9-4835-a82d-f31eb476916a":{"type":"link","disabled":true,"settings":{"title":"","url":"","open_link":false,"menu":"indumentaria-skate","col":"4"}},"16a6fca0-3418-4a3f-abf0-b4bef96b68b2":{"type":"menu_item","disabled":true,"settings":{"title":"OUTDOOR","url":"","open_link":false,"label":"","icon_font":"","icon_width_image":20,"width":"full-width","custom_width":1200}},"d8a30252-263a-4a50-b27c-a6c98386a9b1":{"type":"link","disabled":true,"settings":{"title":"","url":"","open_link":false,"menu":"trekking","col":"4"}},"e63d5bc3-2dab-41ca-857f-8e470bc3e038":{"type":"link","disabled":true,"settings":{"title":"","url":"","open_link":false,"menu":"camping","col":"4"}},"single_link_aDi7bp":{"type":"single_link","disabled":true,"settings":{"title":"TRAINING","url":"shopify:\/\/collections\/training","open_link":false,"label":"","icon_font":"","icon_width_image":20}},"single_link_XUcnEj":{"type":"single_link","disabled":true,"settings":{"title":"RUNNING","url":"shopify:\/\/collections\/zapatillas-running","open_link":false,"label":"","icon_font":"","icon_width_image":50}},"c647d805-b9b8-4bb4-a6a8-07376b878977":{"type":"menu_item","disabled":true,"settings":{"title":"MARCAS","url":"","open_link":false,"label":"","icon_font":"","icon_width_image":20,"width":"full-width","custom_width":1200}},"27f0813d-28f3-4919-b720-fc0a2a58d742":{"type":"banner","disabled":true,"settings":{"title":"DC Shoes","description":"","heading_text_align":"desktop-text-center","column_reverse":true,"box_shadow":true,"image":"shopify:\/\/shop_images\/DC_-_Logo.jpg","button_title":"","banner_link":"shopify:\/\/collections\/dcshoes","open_link":false,"overlap_top":false,"space_banner":0,"col":"2"}},"7b46f547-955d-4b4e-af98-8492339e7018":{"type":"banner","disabled":true,"settings":{"title":"Converse","description":"","heading_text_align":"desktop-text-center","column_reverse":true,"box_shadow":true,"image":"shopify:\/\/shop_images\/Converse_-_Logo.jpg","button_title":"","banner_link":"shopify:\/\/collections\/converse","open_link":false,"overlap_top":false,"space_banner":0,"col":"2"}},"d646351c-1ff1-46ef-a597-163f0d84ba21":{"type":"banner","disabled":true,"settings":{"title":"Vans","description":"","heading_text_align":"desktop-text-center","column_reverse":true,"box_shadow":true,"image":"shopify:\/\/shop_images\/vans-logo.jpg","button_title":"","banner_link":"shopify:\/\/collections\/vans","open_link":false,"overlap_top":false,"space_banner":0,"col":"2"}},"2383da10-1931-425f-b35d-4bd5caacc3fa":{"type":"banner","disabled":true,"settings":{"title":"Le coq sportif","description":"","heading_text_align":"desktop-text-center","column_reverse":true,"box_shadow":true,"image":"shopify:\/\/shop_images\/LE_COQ-brand.jpg","button_title":"","banner_link":"shopify:\/\/collections\/le-coq-sportif","open_link":false,"overlap_top":false,"space_banner":0,"col":"2"}},"banner_kJUPLe":{"type":"banner","disabled":true,"settings":{"title":"Timberland","description":"","heading_text_align":"desktop-text-center","column_reverse":true,"box_shadow":true,"image":"shopify:\/\/shop_images\/timberland-1.svg","button_title":"","banner_link":"shopify:\/\/collections\/timberland","open_link":false,"overlap_top":false,"space_banner":0,"col":"2"}},"1de40ebc-5c54-456f-a196-21bf8d11fb0a":{"type":"banner","disabled":true,"settings":{"title":"Quiksilver","description":"","heading_text_align":"desktop-text-center","column_reverse":true,"box_shadow":true,"image":"shopify:\/\/shop_images\/Quiksilver_-_Logo.png","button_title":"","banner_link":"shopify:\/\/collections\/quiksilver","open_link":false,"overlap_top":false,"space_banner":0,"col":"2"}},"d76640b3-b832-4822-bed2-1c12a1e71896":{"type":"banner","disabled":true,"settings":{"title":"Champion","description":"","heading_text_align":"desktop-text-center","column_reverse":true,"box_shadow":true,"image":"shopify:\/\/shop_images\/Champion_-_Logo.jpg","button_title":"","banner_link":"shopify:\/\/collections\/champion","open_link":false,"overlap_top":false,"space_banner":0,"col":"2"}},"2dc4f0de-67b0-4e17-9a85-f02c2737a382":{"type":"banner","disabled":true,"settings":{"title":"Thrasher","description":"","heading_text_align":"desktop-text-center","column_reverse":true,"box_shadow":true,"image":"shopify:\/\/shop_images\/Thrasher_-_Logo.jpg","button_title":"","banner_link":"shopify:\/\/collections\/thrasher","open_link":false,"overlap_top":false,"space_banner":0,"col":"2"}},"6a905689-f07c-409a-926b-9c488ac55d0b":{"type":"banner","disabled":true,"settings":{"title":"Roxy","description":"","heading_text_align":"desktop-text-center","column_reverse":true,"box_shadow":true,"image":"shopify:\/\/shop_images\/roxy-logo-vector_5b8dc69e-4492-4326-9479-8ddbf903c4b5.png","button_title":"","banner_link":"shopify:\/\/collections\/roxy","open_link":false,"overlap_top":false,"space_banner":0,"col":"2"}},"banner_kwXhGg":{"type":"banner","disabled":true,"settings":{"title":"Osiris","description":"","heading_text_align":"desktop-text-center","column_reverse":true,"box_shadow":true,"image":"shopify:\/\/shop_images\/Diseno_sin_titulo_48.png","button_title":"","banner_link":"shopify:\/\/collections\/osiris","open_link":false,"overlap_top":false,"space_banner":0,"col":"2"}},"88cfedcc-3857-4ef8-9d4f-30cdaeb5a366":{"type":"banner","disabled":true,"settings":{"title":"C1rca","description":"","heading_text_align":"desktop-text-center","column_reverse":true,"box_shadow":true,"image":"shopify:\/\/shop_images\/C1rca_logo_e6f22935-bb36-48b2-a80d-2fa8b3f16073.webp","button_title":"","banner_link":"shopify:\/\/collections\/c1rca","open_link":false,"overlap_top":false,"space_banner":0,"col":"2"}},"0313d810-966b-44d7-813c-496de3508569":{"type":"banner","disabled":true,"settings":{"title":"Gotcha","description":"","heading_text_align":"desktop-text-center","column_reverse":true,"box_shadow":true,"image":"shopify:\/\/shop_images\/gotcha_logo_4f57d2ca-1f42-4ed0-bd0b-fd155c4b21b2.png","button_title":"","banner_link":"shopify:\/\/collections\/gotcha","open_link":false,"overlap_top":false,"space_banner":0,"col":"2"}},"167cc2a2-51fc-42bf-99eb-507244ceb654":{"type":"banner","disabled":true,"settings":{"title":"Rip Curl","description":"","heading_text_align":"desktop-text-center","column_reverse":true,"box_shadow":true,"image":"shopify:\/\/shop_images\/Rip_Curl_-_Logo.jpg","button_title":"","banner_link":"shopify:\/\/collections\/rip-curl","open_link":false,"overlap_top":false,"space_banner":0,"col":"2"}},"f40bdacd-b130-4341-a60c-8af1f7bf50db":{"type":"banner","disabled":true,"settings":{"title":"Grizzly","description":"","heading_text_align":"desktop-text-center","column_reverse":true,"box_shadow":true,"image":"shopify:\/\/shop_images\/grizzly_logo_65156ca0-95cc-4fae-bf7a-a3867db52f05.png","button_title":"","banner_link":"shopify:\/\/collections\/grizzly","open_link":false,"overlap_top":false,"space_banner":0,"col":"2"}},"62135c25-35e2-4de1-a312-34ff5ce7f28c":{"type":"banner","disabled":true,"settings":{"title":"Alaska","description":"","heading_text_align":"desktop-text-center","column_reverse":true,"box_shadow":true,"image":"shopify:\/\/shop_images\/descarga_7df8dd31-7e60-4634-890e-f6adc0ec871c.png","button_title":"","banner_link":"shopify:\/\/collections\/alaska-mountain","open_link":false,"overlap_top":false,"space_banner":0,"col":"2"}},"0234ee86-7a09-4b3e-b20b-fd21ca2c0f22":{"type":"banner","disabled":true,"settings":{"title":"Reef","description":"","heading_text_align":"desktop-text-center","column_reverse":true,"box_shadow":true,"image":"shopify:\/\/shop_images\/bbb66403-92bb-4d85-b396-558656ad356d_copia.jpg","button_title":"","banner_link":"shopify:\/\/collections\/reef","open_link":false,"overlap_top":false,"space_banner":0,"col":"2"}},"39cf2ae9-13a6-4623-9420-dc3f5bd88247":{"type":"banner","disabled":true,"settings":{"title":"Rusty","description":"","heading_text_align":"desktop-text-center","column_reverse":true,"box_shadow":true,"image":"shopify:\/\/shop_images\/logo_rusty_5f52699b-3b21-408d-9d6e-a1bf079398d9.webp","button_title":"","banner_link":"shopify:\/\/collections\/rusty","open_link":false,"overlap_top":false,"space_banner":0,"col":"2"}},"9721d68e-698d-4d0e-87ea-7a823a3bf1fa":{"type":"banner","disabled":true,"settings":{"title":"Spitfire","description":"","heading_text_align":"desktop-text-center","column_reverse":true,"box_shadow":true,"image":"shopify:\/\/shop_images\/logo_spitfire_d4dc83ff-f42f-4bee-bebf-2f364024494b.jpg","button_title":"","banner_link":"shopify:\/\/collections\/spitfire","open_link":false,"overlap_top":false,"space_banner":0,"col":"2"}},"f5715b3e-3422-4b55-a280-efc5848dd326":{"type":"banner","disabled":true,"settings":{"title":"Volcom","description":"","heading_text_align":"desktop-text-center","column_reverse":true,"box_shadow":true,"image":"shopify:\/\/shop_images\/pegatina-volcom-570x600.png","button_title":"","banner_link":"shopify:\/\/collections\/volcom","open_link":false,"overlap_top":false,"space_banner":0,"col":"2"}},"93a44e02-cd06-44b0-a6d6-4d1c70d3ae81":{"type":"banner","disabled":true,"settings":{"title":"Zoo York","description":"","heading_text_align":"desktop-text-center","column_reverse":true,"box_shadow":true,"image":"shopify:\/\/shop_images\/logo_zoo_york_5d980e8e-ffe8-4dc0-b539-3dae8cee98f0.jpg","button_title":"","banner_link":"shopify:\/\/collections\/zoo-york","open_link":false,"overlap_top":false,"space_banner":0,"col":"2"}},"8e3c056c-15e3-432d-bb0d-8aa0cc40f565":{"type":"banner","disabled":true,"settings":{"title":"Starter","description":"","heading_text_align":"desktop-text-center","column_reverse":true,"box_shadow":true,"image":"shopify:\/\/shop_images\/starter_logo.jpg","button_title":"","banner_link":"shopify:\/\/collections\/starter","open_link":false,"overlap_top":false,"space_banner":0,"col":"2"}},"0aa819e3-1227-4aad-816a-ffbdda9570b1":{"type":"banner","disabled":true,"settings":{"title":"Santa Cruz","description":"","heading_text_align":"desktop-text-center","column_reverse":true,"box_shadow":true,"image":"shopify:\/\/shop_images\/LOGO_SANTA_CRUZ_02f0e8d9-8bd6-4082-a962-f44ea6cf4123.jpg","button_title":"","banner_link":"shopify:\/\/collections\/santa-cruz","open_link":false,"overlap_top":false,"space_banner":0,"col":"2"}},"e9938fb2-7795-4358-b73b-e9e9f20cf275":{"type":"banner","disabled":true,"settings":{"title":"Trown","description":"","heading_text_align":"desktop-text-center","column_reverse":true,"box_shadow":true,"image":"shopify:\/\/shop_images\/Logo-trown.webp","button_title":"","banner_link":"shopify:\/\/collections\/trown","open_link":false,"overlap_top":false,"space_banner":0,"col":"2"}},"single_link_kJPpxT":{"type":"single_link","settings":{"title":"MARCAS","url":"https:\/\/www.indy.com.ar\/pages\/marcas","open_link":false,"label":"","icon_font":"","icon_width_image":50}},"6e67df56-c519-4e8d-87d8-24270b18621b":{"type":"single_link","settings":{"title":"RESEÑAS","url":"shopify:\/\/pages\/clientes-contentos","open_link":false,"label":"","icon_font":"","icon_width_image":50}}},"block_order":["single_link_y9n39r","single_link_amcy46","c5b2b061-67e7-4cbb-8714-2c1ee8348b5b","1d2e3c61-45a6-427d-ba2b-0e5d6009d5fe","11006313-8739-4756-b8b7-32058546544a","b98fcda6-389c-4b75-aa26-0b882ca3686b","83906438-35c3-4327-9e83-c7c68af1c2c7","ff8484f3-5411-4734-8766-1d826b4c3674","2897f639-8109-4725-a2c3-7bfb097552cd","ab227f09-8850-4d70-9244-b5254b64e96c","14422943-7700-4e64-bc46-507095ea9c37","0911f790-d962-4e5b-9565-91c2b16045bb","d672dd07-e528-45c3-823c-1d47b4b723bd","96105f15-8884-45e7-8c41-7a5b15ba59aa","3ec4fc05-3a9c-4b97-a4eb-13e5a3838c09","a8dd1d00-58db-44a8-bfce-0bff03736e6e","6bf49a52-875f-40a8-acce-76a9095adbe2","7d43fc71-c559-49bc-b003-688c0287b23c","8c7cd08e-05cb-4517-bacb-c242e07ead90","menu_item_kJyJe3","link_3EUaRK","link_q9Bkwg","link_akA988","291a4051-11f2-4f78-aee0-8d5bcd9074cb","cbaf092a-d37f-4451-8cb3-4bc8a1165ddb","24282ea2-3dd9-4835-a82d-f31eb476916a","16a6fca0-3418-4a3f-abf0-b4bef96b68b2","d8a30252-263a-4a50-b27c-a6c98386a9b1","e63d5bc3-2dab-41ca-857f-8e470bc3e038","single_link_aDi7bp","single_link_XUcnEj","c647d805-b9b8-4bb4-a6a8-07376b878977","27f0813d-28f3-4919-b720-fc0a2a58d742","7b46f547-955d-4b4e-af98-8492339e7018","d646351c-1ff1-46ef-a597-163f0d84ba21","2383da10-1931-425f-b35d-4bd5caacc3fa","banner_kJUPLe","1de40ebc-5c54-456f-a196-21bf8d11fb0a","d76640b3-b832-4822-bed2-1c12a1e71896","2dc4f0de-67b0-4e17-9a85-f02c2737a382","6a905689-f07c-409a-926b-9c488ac55d0b","banner_kwXhGg","88cfedcc-3857-4ef8-9d4f-30cdaeb5a366","0313d810-966b-44d7-813c-496de3508569","167cc2a2-51fc-42bf-99eb-507244ceb654","f40bdacd-b130-4341-a60c-8af1f7bf50db","62135c25-35e2-4de1-a312-34ff5ce7f28c","0234ee86-7a09-4b3e-b20b-fd21ca2c0f22","39cf2ae9-13a6-4623-9420-dc3f5bd88247","9721d68e-698d-4d0e-87ea-7a823a3bf1fa","f5715b3e-3422-4b55-a280-efc5848dd326","93a44e02-cd06-44b0-a6d6-4d1c70d3ae81","8e3c056c-15e3-432d-bb0d-8aa0cc40f565","0aa819e3-1227-4aad-816a-ffbdda9570b1","e9938fb2-7795-4358-b73b-e9e9f20cf275","single_link_kJPpxT","6e67df56-c519-4e8d-87d8-24270b18621b"],"settings":{"m_animation":"fading","label1":"+4.000","color_hot":"#ffffff","color_bg_hot":"#ffb800","label2":"New","color_new":"#ffffff","color_bg_new":"#516cf4","label3":"Sale","color_sale":"#ffffff","color_bg_sale":"#d73f0f","width_sub_menu_center":800,"menu_mb_action":true,"menu_mb_category":false,"collection_list_all":false,"collection_list_custom":["converse"]}},"footer-1":{"type":"footer-1","blocks":{"76e440bc-ed64-49ce-9dd4-1b5b5b46645d":{"type":"menu","settings":{"menu":"footer","title":"Menu","width":"25%"}},"e8d776ce-ab0c-43b3-a40b-b82b8661adbf":{"type":"menu","settings":{"menu":"necesitas-ayuda","title":"¿Necesitas ayuda?","width":"25%"}},"dbc96a1f-7b6c-4dba-9ce1-da9cb5dfc9fc":{"type":"menu","settings":{"menu":"gu-a-de-compras","title":"También podes ver","width":"25%"}},"5d96bc76-22a0-458d-9e5d-f44241b63293":{"type":"menu","settings":{"menu":"politicas","title":"Legales","width":"25%"}},"11be9052-2298-4242-814e-b15e090dd8dd":{"type":"custom_html","settings":{"title":"","html":"<p style=\"line-height: 30px; margin-bottom: 0px;margin-top: 5px;\">\n<\/p>\n<p style=\"line-height:30px; margin-top: 0\">\n<span class=\"icon\">\n<svg style=\"width: 20px;height: 20px;color: #000000;\" aria-hidden=\"true\" focusable=\"false\" data-prefix=\"fas\" data-icon=\"envelope\" role=\"img\" xmlns=\"http:\/\/www.w3.org\/2000\/svg\" viewbox=\"0 0 512 512\" class=\"svg-inline--fa fa-envelope fa-w-16 fa-7x\"><path fill=\"currentColor\" d=\"M502.3 190.8c3.9-3.1 9.7-.2 9.7 4.7V400c0 26.5-21.5 48-48 48H48c-26.5 0-48-21.5-48-48V195.6c0-5 5.7-7.8 9.7-4.7 22.4 17.4 52.1 39.5 154.1 113.6 21.1 15.4 56.7 47.8 92.2 47.6 35.7.3 72-32.8 92.3-47.6 102-74.1 131.6-96.3 154-113.7zM256 320c23.2.4 56.6-29.2 73.4-41.4 132.7-96.3 142.8-104.7 173.4-128.7 5.8-4.5 9.2-11.5 9.2-18.9v-19c0-26.5-21.5-48-48-48H48C21.5 64 0 85.5 0 112v19c0 7.4 3.4 14.3 9.2 18.9 30.6 23.9 40.7 32.4 173.4 128.7 16.8 12.2 50.2 41.8 73.4 41.4z\" class=\"\"><\/path><\/svg><\/span>\n<span>Escribinos: <a href=\"mailto:Ventas@indy.com.ar\">Ventas@indy.com.ar<\/a><\/span> \n<\/p>\n<a href=\"http:\/\/qr.afip.gob.ar\/,\" target=\"_F960AFIPInfo\"><img src=\"https:\/\/cdn.shopify.com\/s\/files\/1\/0594\/7506\/7048\/files\/DATAWEB.webp?v=1653766184\" border=\"0\" width=\"15%\" height=\"15%\" loading=\"lazy\" alt=\"“Codigo\" qr afip><\/a>\n<img src=\"https:\/\/cdn.shopify.com\/s\/files\/1\/0594\/7506\/7048\/files\/logo_256x256_crop_center.svg?v=1677031399\" alt=\"cace\" width=\"35%\" height=\"35%\" loading=\"lazy\">\n <a style=\"background: #eee; padding: 4px; display: inline-block; border: 1px solid #ccc; border-radius: 3px; font-weight: 400; margin-top: 20px;\" href=\"https:\/\/api.whatsapp.com\/send?phone=+5491133339180&text=Me%20arrepenti%20de%20una%20compra%20que%20hice,%20mi%20numero%20de%20orden%20es\">BOTÓN DE ARREPENTIMIENTO<\/a>\n<hr style=\"margin-top:10px;margin-bottom:10px\">\n<div style=\"background: linear-gradient(0.25turn, #000000, \n#434343);border-radius:5px;color:white;text-align:center;\">¡Lider en ecommerce! <br> 4.9\/5 ⭐⭐⭐⭐⭐\n+20.000 reseñas<\/div>","width":"25%"}}},"block_order":["76e440bc-ed64-49ce-9dd4-1b5b5b46645d","e8d776ce-ab0c-43b3-a40b-b82b8661adbf","dbc96a1f-7b6c-4dba-9ce1-da9cb5dfc9fc","5d96bc76-22a0-458d-9e5d-f44241b63293","11be9052-2298-4242-814e-b15e090dd8dd"],"settings":{"container":"container-fluid","back_to_top":true,"show_border_top":true,"show_border_top_inner":true,"has_bg":true,"remove_on_homepage":true,"remove_on_inner_page":false,"copyright":"<p><strong>Copyright Indy 2025 - <\/strong>Impulsada por<strong> <\/strong><a href=\"https:\/\/ecombrands.io\/\" title=\"https:\/\/ecombrands.io\/\"><strong>EcomBrands<\/strong><\/a><\/p>","show_country":false,"show_language":false,"payment_icons_width":331,"show_social_links":false,"footer-heading-size":13,"color_scheme":"default-color-scheme"}},"vertical-menu":{"type":"vertical-menu","blocks":{"89b90c3f-dec1-4fb5-b2f5-5cce0546d0d2":{"type":"menu_item","settings":{"title":"Mega Menu","url":"","open_link":false,"label":"","icon_width_image":20,"icon_font":"","custom_width":1200,"col_banner_left":"4","col_banner_right":"4"}},"252da4e8-bd66-490f-87a3-67833453329d":{"type":"link","settings":{"title":"Heading","url":"","open_link":false,"menu":"footer","col":"4"}},"d3e68680-5a0b-45d8-999c-417a401a9790":{"type":"banner","settings":{"title":"Heading","button_title":"Button Text","banner_link":"shopify:\/\/collections\/collections1","open_link":false,"col":"4"}},"7889d16a-634c-48df-aa5f-7ecfa481f818":{"type":"dropdown","settings":{"title":"Dropdown","url":"","menu":"main-menu","open_link":false,"label":"","icon_font":"","icon_width_image":50}}},"block_order":["89b90c3f-dec1-4fb5-b2f5-5cce0546d0d2","252da4e8-bd66-490f-87a3-67833453329d","d3e68680-5a0b-45d8-999c-417a401a9790","7889d16a-634c-48df-aa5f-7ecfa481f818"],"settings":{"enable":true,"title":"Shop by category","limit_show_item":10,"animation":"down_to_up","label1":"Hot","label2":"New","label3":"Sale"}},"custom-colors":{"type":"custom-colors","blocks":{"color_mMiLHV":{"type":"color","settings":{"color_name":"","color_code":""}},"39c002c6-a311-4d27-9a1c-18ee73bf8fb2":{"type":"color","settings":{"color_name":"Purple Light","color_code":"#c3b1e1"}},"8c942bd5-d81f-45a8-8f3a-52476724911b":{"type":"color","settings":{"color_name":"Green","color_code":"#7abdb5"}},"d0549bcc-1ca2-4876-a6a2-44990ff960ae":{"type":"color","settings":{"color_name":"Blue","color_code":"#3f8ad1"}},"0fa4f211-5f8c-4479-b34a-79b2cbdcbb24":{"type":"color","settings":{"color_name":"Yellow","color_code":"#e2c28f"}},"b9fda091-7c72-4838-a759-21a42584ec30":{"type":"color","settings":{"color_name":"Light yellow","color_code":"#ecdebf"}},"d36ae270-68d1-421f-9447-0e21c3bafc7d":{"type":"color","settings":{"color_name":"Purple","color_code":"#d7b2bb"}},"d96c2d21-33d0-462b-90dd-6d4199ddb0a4":{"type":"color","settings":{"color_name":"Pink","color_code":"#fcd1db"}},"e00eeac1-ed3d-42b6-b578-4d6885a1b5c4":{"type":"color","settings":{"color_name":"Red","color_code":"#ce2e2e"}},"f228bd9f-253f-42cf-ace5-9073a7c4b51f":{"type":"color","settings":{"color_name":"Teal","color_code":"#008080"}},"782ec2d0-8ca8-49b6-a7e4-582a8c0c6d80":{"type":"color","settings":{"color_name":"Light Blue","color_code":"#a9c0e0"}},"d7655708-3909-433b-a9d1-443e7fa8bbf4":{"type":"color","settings":{"color_name":"Brown","color_code":"#7b4b39"}}},"block_order":["color_mMiLHV","39c002c6-a311-4d27-9a1c-18ee73bf8fb2","8c942bd5-d81f-45a8-8f3a-52476724911b","d0549bcc-1ca2-4876-a6a2-44990ff960ae","0fa4f211-5f8c-4479-b34a-79b2cbdcbb24","b9fda091-7c72-4838-a759-21a42584ec30","d36ae270-68d1-421f-9447-0e21c3bafc7d","d96c2d21-33d0-462b-90dd-6d4199ddb0a4","e00eeac1-ed3d-42b6-b578-4d6885a1b5c4","f228bd9f-253f-42cf-ace5-9073a7c4b51f","782ec2d0-8ca8-49b6-a7e4-582a8c0c6d80","d7655708-3909-433b-a9d1-443e7fa8bbf4"],"settings":{}},"mobile-stickybar":{"type":"mobile-stickybar","settings":{"enable_mobile_stickybar":false,"show_home":true,"show_cart":true,"show_products_all":true,"show_wishlist":true,"show_my_account":true}},"footer-2":{"type":"footer-2","blocks":{"3f0786f1-5e61-4b65-a504-9e1dd0adaaef":{"type":"about_us","settings":{"title":"","description":"","logo_about_us":"shopify:\/\/shop_images\/Logo.png","logo_width":84,"show_address":true,"show_phone":true,"show_email":true,"show_socials_link":true,"width":"33%"}},"a6587b7e-fd90-47dd-853f-67dc3ca39d4e":{"type":"menu","settings":{"menu":"company","title":"Company","width":"16%"}},"c119ba5b-4f94-4d3b-a545-1e40894b689b":{"type":"menu","settings":{"menu":"customer-service","title":"Customer Service","width":"16%"}},"a2bbf732-182c-4778-abc4-14f68803ac6a":{"type":"newsletter","settings":{"title":"Subscribe","description":"<p>Newsletter description<\/p>","email_placeholder":"Enter your email","show_social":false,"width":"33%"}}},"block_order":["3f0786f1-5e61-4b65-a504-9e1dd0adaaef","a6587b7e-fd90-47dd-853f-67dc3ca39d4e","c119ba5b-4f94-4d3b-a545-1e40894b689b","a2bbf732-182c-4778-abc4-14f68803ac6a"],"settings":{"container":"container-fluid","back_to_top":true,"copyright":"<p>Copyright © Uminex all rights reserved. Powered by Blueskytechco.<\/p>","show_country":true,"show_language":true,"payment_icons_width":300,"show_social_links":false}},"eg-whatsapp-button":{"type":"eg-whatsapp-button","custom_css":["#eg-whatsapp-button {margin-bottom: 80px; padding: 6px 12px;}"],"settings":{"enable_section":true,"whatsapp_number":"5491133339180","primary_color":"#25d366","secondary_color":"#095e54","btn_position":"eg-whatsapp-button-right","btn_text":"Chat with us","show_btn_text":false,"btn_z_index":"4","show_dialog":true,"dialog_header_img":"shopify:\/\/shop_images\/logo_indy_250_x_250.jpg","dialog_name":"Indy","dialog_subtitle":"Por lo general, responde en minutos.","dialog_bg_color":"#ece5dd","dialog_msg":"<p>Hola 👋¿Cómo puedo ayudarte?<\/p><p>Nuestro horario de atención es de 09:00 a 17:00, igualmente podes dejarnos un mensaje y te lo responderemos cuanto antes.<\/p>","dialog_btn_text":"<p>Enviar mensaje<\/p>"}}},"content_for_index":[],"blocks":{"11724500921838622758":{"type":"shopify:\/\/apps\/frequently-bought-together\/blocks\/app-embed-block\/b1a8cbea-c844-4842-9529-7c62dbab1b1f","disabled":false,"settings":{}},"17870575607751922699":{"type":"shopify:\/\/apps\/platmart-swatches\/blocks\/product-swatches\/3d4801b8-13e2-488f-8d06-69ca04fc155d","disabled":false,"settings":{}},"7241659924025436803":{"type":"shopify:\/\/apps\/avada-size-chart-size-guide\/blocks\/app-embed\/305100b1-3599-492a-a54d-54f196ff1f94","disabled":false,"settings":{}},"9466161677832145516":{"type":"shopify:\/\/apps\/pd-back-in-stock\/blocks\/app-embed\/0abe2c21-42b2-472f-8c7a-98f669971fd8","disabled":false,"settings":{}},"15683396631634586217":{"type":"shopify:\/\/apps\/inbox\/blocks\/chat\/841fc607-4181-4ad1-842d-e24d7f8bad6b","disabled":true,"settings":{"button_color":"#000000","secondary_color":"#ffffff","ternary_color":"#6a6a6a","button_icon":"chat_bubble","button_text":"chat_with_us","button_horizontal_position":"bottom_right","button_vertical_position":"lowest","greeting_message":""}},"12948015482042402483":{"type":"shopify:\/\/apps\/mercado-pago-antifraud-plus\/blocks\/embed-block\/b19ea721-f94a-4308-bee5-0057c043bac5","disabled":false,"settings":{}},"5877711596357593266":{"type":"shopify:\/\/apps\/kaching-popup\/blocks\/popup\/e910a01f-bb85-45d8-92ef-3667265465b1","disabled":false,"settings":{}},"1513253815146976218":{"type":"shopify:\/\/apps\/omnisend-email-marketing-sms\/blocks\/app-embed\/44704aa2-794f-4c5d-8c8e-039c841158e9","disabled":false,"settings":{}}},"color_schemes":{"default-color-scheme":{"settings":{"body_bg_color":"#ffffff","background_gradient":"","primary_color":"#43d5b0","text_color":"#555555","heading_color":"#1d1d1f","link_color":"#1d1d1f","link_hover_color":"#555555","border_color":"#ebebeb","button_primary_color":"#1d1d1f","button_primary_background_color":"#70e5c9","button_primary_hover_color":"#1d1d1f","button_primary_hover_background_color":"#48c0a3","button_secondary_color":"#1d1d1f","button_secondary_border_color":"#dedede","button_secondary_background_color":"#ffffff","button_secondary_hover_color":"#ffffff","button_secondary_hover_background_color":"#1d1d1f","button_link_color":"#1d1d1f","button_link_hover_color":"#43d5b0"}},"scheme-6de5e490-9ebf-4111-bce7-840b2d9c6f4c":{"settings":{"body_bg_color":"#ffffff","background_gradient":"","primary_color":"#dd3327","text_color":"#555555","heading_color":"#111111","link_color":"#111111","link_hover_color":"#555555","border_color":"#ebebeb","button_primary_color":"#111111","button_primary_background_color":"#ffffff","button_primary_hover_color":"#ffffff","button_primary_hover_background_color":"#111111","button_secondary_color":"#111111","button_secondary_border_color":"#dedede","button_secondary_background_color":"#ffffff","button_secondary_hover_color":"#ffffff","button_secondary_hover_background_color":"#111111","button_link_color":"#111111","button_link_hover_color":"#555555"}},"scheme-b808185a-cae7-47ba-9fe9-7d81ddf7e485":{"settings":{"body_bg_color":"rgba(0,0,0,0)","background_gradient":"","primary_color":"#dd3327","text_color":"#ffffff","heading_color":"#ffffff","link_color":"#111111","link_hover_color":"#555555","border_color":"#ebebeb","button_primary_color":"#111111","button_primary_background_color":"#ffffff","button_primary_hover_color":"#111111","button_primary_hover_background_color":"#ffffff","button_secondary_color":"#111111","button_secondary_border_color":"#dedede","button_secondary_background_color":"#ffffff","button_secondary_hover_color":"#ffffff","button_secondary_hover_background_color":"#111111","button_link_color":"#111111","button_link_hover_color":"#555555"}},"scheme-013ccfbf-beb5-42e6-bc8f-8a36ab634ca7":{"settings":{"body_bg_color":"#f5f5f5","background_gradient":"","primary_color":"#dd3327","text_color":"#555555","heading_color":"#111111","link_color":"#111111","link_hover_color":"#555555","border_color":"#ebebeb","button_primary_color":"#ffffff","button_primary_background_color":"#111111","button_primary_hover_color":"#ffffff","button_primary_hover_background_color":"#111111","button_secondary_color":"#111111","button_secondary_border_color":"#dedede","button_secondary_background_color":"#ffffff","button_secondary_hover_color":"#ffffff","button_secondary_hover_background_color":"#111111","button_link_color":"#111111","button_link_hover_color":"#555555"}},"scheme-735c978e-d3b7-474f-a3f7-562370446399":{"settings":{"body_bg_color":"#303e39","background_gradient":"","primary_color":"#dd3327","text_color":"#ffdb77","heading_color":"#ffffff","link_color":"#111111","link_hover_color":"#555555","border_color":"#ebebeb","button_primary_color":"#ffffff","button_primary_background_color":"#111111","button_primary_hover_color":"#ffffff","button_primary_hover_background_color":"#111111","button_secondary_color":"#111111","button_secondary_border_color":"#dedede","button_secondary_background_color":"#ffffff","button_secondary_hover_color":"#ffffff","button_secondary_hover_background_color":"#111111","button_link_color":"#111111","button_link_hover_color":"#555555"}},"scheme-cdad2881-e610-44b4-8e2f-e906f6a5f790":{"settings":{"body_bg_color":"#c3360a","background_gradient":"","primary_color":"#dd3327","text_color":"#555555","heading_color":"#ffffff","link_color":"#111111","link_hover_color":"#555555","border_color":"#ebebeb","button_primary_color":"#ffffff","button_primary_background_color":"#111111","button_primary_hover_color":"#ffffff","button_primary_hover_background_color":"#111111","button_secondary_color":"#111111","button_secondary_border_color":"#dedede","button_secondary_background_color":"#ffffff","button_secondary_hover_color":"#ffffff","button_secondary_hover_background_color":"#111111","button_link_color":"#111111","button_link_hover_color":"#555555"}},"scheme-a7934d7b-8af4-45c2-aba0-0f889cae386b":{"settings":{"body_bg_color":"#111111","background_gradient":"","primary_color":"#dd3327","text_color":"#f8ba26","heading_color":"#f8ba26","link_color":"#111111","link_hover_color":"#555555","border_color":"#ebebeb","button_primary_color":"#ffffff","button_primary_background_color":"#111111","button_primary_hover_color":"#ffffff","button_primary_hover_background_color":"#111111","button_secondary_color":"#111111","button_secondary_border_color":"#dedede","button_secondary_background_color":"#ffffff","button_secondary_hover_color":"#ffffff","button_secondary_hover_background_color":"#111111","button_link_color":"#111111","button_link_hover_color":"#555555"}},"scheme-4e2829e1-a162-4726-850f-b9f27dd45db4":{"settings":{"body_bg_color":"#ff6d28","background_gradient":"","primary_color":"#dd3327","text_color":"#212121","heading_color":"#212121","link_color":"#212121","link_hover_color":"#555555","border_color":"#ebebeb","button_primary_color":"#ffffff","button_primary_background_color":"#111111","button_primary_hover_color":"#ffffff","button_primary_hover_background_color":"#111111","button_secondary_color":"#111111","button_secondary_border_color":"#dedede","button_secondary_background_color":"#ffffff","button_secondary_hover_color":"#ffffff","button_secondary_hover_background_color":"#111111","button_link_color":"#111111","button_link_hover_color":"#555555"}},"scheme-6616aa44-7b5e-4f3f-9afe-860805c889bb":{"settings":{"body_bg_color":"#1d1d1f","background_gradient":"","primary_color":"#dd3327","text_color":"#ffffff","heading_color":"#ffffff","link_color":"#ffffff","link_hover_color":"#ffffff","border_color":"#333333","button_primary_color":"#111111","button_primary_background_color":"#ffffff","button_primary_hover_color":"#111111","button_primary_hover_background_color":"#ffffff","button_secondary_color":"#111111","button_secondary_border_color":"#dedede","button_secondary_background_color":"#ffffff","button_secondary_hover_color":"#ffffff","button_secondary_hover_background_color":"#111111","button_link_color":"#111111","button_link_hover_color":"#555555"}},"scheme-662129f6-6dcb-4984-8a3e-b402290d6a69":{"settings":{"body_bg_color":"rgba(0,0,0,0)","background_gradient":"linear-gradient(135deg, rgba(0, 194, 255, 1), rgba(122, 102, 255, 1) 99%)","primary_color":"#dd3327","text_color":"#555555","heading_color":"#ffffff","link_color":"#43d5b0","link_hover_color":"#555555","border_color":"#ebebeb","button_primary_color":"#ffffff","button_primary_background_color":"#111111","button_primary_hover_color":"#ffffff","button_primary_hover_background_color":"#111111","button_secondary_color":"#111111","button_secondary_border_color":"#dedede","button_secondary_background_color":"#ffffff","button_secondary_hover_color":"#ffffff","button_secondary_hover_background_color":"#111111","button_link_color":"#111111","button_link_hover_color":"#dd3327"}},"scheme-236ab518-68b8-4afa-8565-4fbc9409cf9f":{"settings":{"body_bg_color":"#ffffff","background_gradient":"","primary_color":"#43d5b0","text_color":"#555555","heading_color":"#111111","link_color":"#111111","link_hover_color":"#555555","border_color":"#ebebeb","button_primary_color":"#111111","button_primary_background_color":"#43d5b0","button_primary_hover_color":"#ffffff","button_primary_hover_background_color":"#111111","button_secondary_color":"#111111","button_secondary_border_color":"#dedede","button_secondary_background_color":"#ffffff","button_secondary_hover_color":"#ffffff","button_secondary_hover_background_color":"#111111","button_link_color":"#111111","button_link_hover_color":"#555555"}},"scheme-b34202b6-7e35-497f-bef1-360c406133ec":{"settings":{"body_bg_color":"#43d5b0","background_gradient":"","primary_color":"#dd3327","text_color":"#3c3c3c","heading_color":"#111111","link_color":"#111111","link_hover_color":"#555555","border_color":"#ebebeb","button_primary_color":"#ffffff","button_primary_background_color":"#111111","button_primary_hover_color":"#ffffff","button_primary_hover_background_color":"#111111","button_secondary_color":"#111111","button_secondary_border_color":"#dedede","button_secondary_background_color":"#ffffff","button_secondary_hover_color":"#ffffff","button_secondary_hover_background_color":"#111111","button_link_color":"#111111","button_link_hover_color":"#dd3327"}},"scheme-333208b2-f40a-411c-aa61-a64047ae205b":{"settings":{"body_bg_color":"#333333","background_gradient":"","primary_color":"#43d5b0","text_color":"#43d5b0","heading_color":"#43d5b0","link_color":"#43d5b0","link_hover_color":"#555555","border_color":"#ebebeb","button_primary_color":"#ffffff","button_primary_background_color":"#111111","button_primary_hover_color":"#ffffff","button_primary_hover_background_color":"#111111","button_secondary_color":"#111111","button_secondary_border_color":"#dedede","button_secondary_background_color":"#ffffff","button_secondary_hover_color":"#ffffff","button_secondary_hover_background_color":"#111111","button_link_color":"#43d5b0","button_link_hover_color":"#dd3327"}},"scheme-9b4b4faf-eb5e-4411-a80a-f37b0d5ec64a":{"settings":{"body_bg_color":"#212121","background_gradient":"","primary_color":"#43d5b0","text_color":"#f2f2f2","heading_color":"#ffffff","link_color":"#ffffff","link_hover_color":"#555555","border_color":"#ebebeb","button_primary_color":"#1d1d1f","button_primary_background_color":"#70e5c9","button_primary_hover_color":"#1d1d1f","button_primary_hover_background_color":"#48c0a3","button_secondary_color":"#f2f2f2","button_secondary_border_color":"#dedede","button_secondary_background_color":"#ffffff","button_secondary_hover_color":"#ffffff","button_secondary_hover_background_color":"#1d1d1f","button_link_color":"#1d1d1f","button_link_hover_color":"#43d5b0"}}}},"presets":{"Default":{"colors_solid_button_labels":"#ffffff","colors_accent_1":"#121212","gradient_accent_1":"","colors_accent_2":"#334fb4","gradient_accent_2":"","colors_text":"#121212","colors_outline_button_labels":"#121212","colors_background_1":"#ffffff","gradient_background_1":"","colors_background_2":"#f3f3f3","gradient_background_2":"","type_header_font":"assistant_n4","heading_scale":100,"type_body_font":"assistant_n4","body_scale":100,"page_width":1200,"spacing_sections":0,"spacing_grid_horizontal":8,"spacing_grid_vertical":8,"buttons_border_thickness":1,"buttons_border_opacity":100,"buttons_radius":0,"buttons_shadow_opacity":0,"buttons_shadow_horizontal_offset":0,"buttons_shadow_vertical_offset":4,"buttons_shadow_blur":5,"variant_pills_border_thickness":1,"variant_pills_border_opacity":55,"variant_pills_radius":40,"variant_pills_shadow_opacity":0,"variant_pills_shadow_horizontal_offset":0,"variant_pills_shadow_vertical_offset":4,"variant_pills_shadow_blur":5,"inputs_border_thickness":1,"inputs_border_opacity":55,"inputs_radius":0,"inputs_shadow_opacity":0,"inputs_shadow_horizontal_offset":0,"inputs_shadow_vertical_offset":4,"inputs_shadow_blur":5,"card_style":"standard","card_image_padding":0,"card_text_alignment":"left","card_color_scheme":"background-2","card_border_thickness":0,"card_border_opacity":10,"card_corner_radius":0,"card_shadow_opacity":0,"card_shadow_horizontal_offset":0,"card_shadow_vertical_offset":4,"card_shadow_blur":5,"collection_card_style":"standard","collection_card_image_padding":0,"collection_card_text_alignment":"left","collection_card_color_scheme":"background-2","collection_card_border_thickness":0,"collection_card_border_opacity":10,"collection_card_corner_radius":0,"collection_card_shadow_opacity":0,"collection_card_shadow_horizontal_offset":0,"collection_card_shadow_vertical_offset":4,"collection_card_shadow_blur":5,"blog_card_style":"standard","blog_card_image_padding":0,"blog_card_text_alignment":"left","blog_card_color_scheme":"background-2","blog_card_border_thickness":0,"blog_card_border_opacity":10,"blog_card_corner_radius":0,"blog_card_shadow_opacity":0,"blog_card_shadow_horizontal_offset":0,"blog_card_shadow_vertical_offset":4,"blog_card_shadow_blur":5,"text_boxes_border_thickness":0,"text_boxes_border_opacity":10,"text_boxes_radius":0,"text_boxes_shadow_opacity":0,"text_boxes_shadow_horizontal_offset":0,"text_boxes_shadow_vertical_offset":4,"text_boxes_shadow_blur":5,"media_border_thickness":1,"media_border_opacity":5,"media_radius":0,"media_shadow_opacity":0,"media_shadow_horizontal_offset":0,"media_shadow_vertical_offset":4,"media_shadow_blur":5,"popup_border_thickness":1,"popup_border_opacity":10,"popup_corner_radius":0,"popup_shadow_opacity":0,"popup_shadow_horizontal_offset":0,"popup_shadow_vertical_offset":4,"popup_shadow_blur":5,"drawer_border_thickness":1,"drawer_border_opacity":10,"drawer_shadow_opacity":0,"drawer_shadow_horizontal_offset":0,"drawer_shadow_vertical_offset":4,"drawer_shadow_blur":5,"badge_position":"bottom left","badge_corner_radius":40,"sale_badge_color_scheme":"accent-2","sold_out_badge_color_scheme":"inverse","accent_icons":"text","social_twitter_link":"","social_facebook_link":"","social_pinterest_link":"","social_instagram_link":"","social_tiktok_link":"","social_tumblr_link":"","social_snapchat_link":"","social_youtube_link":"","social_vimeo_link":"","predictive_search_enabled":true,"predictive_search_show_vendor":false,"predictive_search_show_price":false,"currency_code_enabled":true}},"platform_customizations":{"custom_css":[".menu-mobile-title {background-color: #43d5b0;}",".grid-mode-show-type-products {display: none !important;}",".viewcart {display: none !important;}","#zoko-8aec0844-b70f-11ec-b909-0242ac120002 {display: none !important;}",".password-modal__content {position: fixed; bottom: 0; left: 50%; transform: translateX(-50%); z-index: 1000; background: linear-gradient(to bottom right, #ffffff, #f7f7f7); padding: 30px 24px; border-radius: 16px 16px 0 0; box-shadow: 0 -8px 24px rgba(0, 0, 0, 0.2); width: 100%; max-width: 420px; text-align: center; font-family: \"Helvetica Neue\", sans-serif;}",".password-modal__content input[type=\"password\"] {width: 100%; padding: 14px; margin-bottom: 20px; border: 1px solid #ddd; border-radius: 8px; font-size: 16px; outline: none; transition: border 0.3s;}",".password-modal__content input[type=\"password\"]:focus {border-color: #500096;}"," \/* Botón de entrar *\/.password-modal__content button {width: 100%; padding: 14px; font-size: 16px; font-weight: bold; color: #fff; background: linear-gradient(90deg, #7a66ff, #500096); border: none; border-radius: 8px; cursor: pointer; transition: background 0.3s, transform 0.2s;}",".password-modal__content button:hover {background: linear-gradient(90deg, #7a66ff, #7a66ff); transform: scale(1.02);}",".password-modal__title {font-size: 22px; font-weight: 700; margin-bottom: 20px; color: #7a66ff; text-transform: uppercase; letter-spacing: 0.5px;}",".header-middle {padding-bottom: 0px; padding-top: 0px;}",".bls-minicart-actions {display: none !important;}"]}}